festival_code,year,festival_name_raw,start_date,end_date,budget,visitor_count,venue_raw
F0001,2025,2025 서울무형문화축제,2025-09-27,2025-09-28,196,10459,남산골한옥마을
F0001,2026,2026 서울무형문화축제,2026-09-12,2026-09-13,178,,남산골한옥마을 일대
F0002,2023,제22회 서울억새축제,2023-10-14,2023-10-20,260,,하늘공원
F0002,2026,제25회 서울억새축제,2026-10-17,2026-10-23,250,,월드컵공원(하늘공원)
F0003,2024,서울라이트 한강 빛섬축제,2024-10-05,2024-10-13,2600,663315,여의도한강공원
F0003,2025,2025 서울라이트 한강 빛섬축제,2025-10-03,2025-10-12,2600,515683,뚝섬 한강공원
F0003,2026,2026 서울라이트 한강 빛섬축제,2026-10-02,2026-10-11,2604,,노들섬
F0004,2024,서울라이트 광화문,2024-12-20,2024-01-12,3674,750000,광화문 및 광화문광장
F0004,2025,2025 서울라이트 광화문,2025-12-12,2026-01-04,3320,3118958,"광화문, 광화문광장"
F0004,2026,2026 서울라이트 광화문,2026-12-18,2026-12-31,3254,,"광화문, 광화문광장"
F0005,2024,2024 서울세계도시문화축제,2024-05-25,2024-05-26,594,,광화문광장 및 청계광장 일원
F0005,2026,2026년 30회 서울세계도시문화축제,2026-05-09,2026-05-10,642,,동대문디자인플라자
F0006,2023,2023 한강페스티벌,2023-05-12,2023-12-25,954,207278,한강 수상 및 11개 한강공원 일대
F0006,2024,한강페스티벌,2024-05-10,2024-12-25,953,592000,한강 수상 및 11개 한강공원 일대
F0006,2025,한강페스티벌,,,1400,201000,한강 수상 및 11개 한강공원 일대
F0006,2026,한강페스티벌,,,1211,,한강 수상 및 11개 한강공원 일대
F0007,2025,로맨틱 한강 크리스마스 마켓,2025-12-19,2025-12-31,405,129300,뚝섬한강공원
F0007,2026,2026 로맨틱 한강 크리스마스 마켓,2026-12-18,2026-12-27,423,,뚝섬한강공원 일원
F0008,2023,차 없는 잠수교 뚜벅뚜벅 축제,2023-04-30,2023-10-01,1368,2000000,잠수교 (반포한강공원)
F0008,2024,차없는 잠수교 뚜벅뚜벅 축제,2024-05-05,2024-10-27,1856,1501000,잠수교 및 반포한강공원 일대
F0008,2025,2025 차없는 잠수교 뚜벅뚜벅 축제,2025-05-04,2025-06-22,1211,1284838,"잠수교, 반포한강공원"
F0008,2026,2026 차없는 잠수교 뚜벅뚜벅 축제,2026-05-03,2026-10-25,2336,,잠수교 및 반포한강공원 일원
F0009,2026,2026 한강 서래섬 피크닉 콘서트(봄),2026-05-08,2026-05-10,76.5,,반포한강공원 서래섬
F0010,2026,2026 한강 서래섬 피크닉 콘서트(가을),2026-10-09,2026-10-11,76.5,,반포한강공원 서래섬
F0011,2024,제18회 서울안전한마당,,,300,52000,여의도공원
F0011,2025,제19회 서울안전한마당,2025-05-01,2025-05-03,326,42300,여의도공원
F0011,2026,제20회 서울안전한마당,2026-09-17,2026-09-19,327,,여의도공원
F0012,2026,2026 서울윈터페스타,,,996,,"종로구 일대(광화문광장, 청계천 등)"
F0013,2026,서울스프링페스타 2026,2026-04-30,2026-05-10,4225,,주요 한강공원 등 한강 전역
F0014,2025,2025 서울 바비큐 페스티벌,2025-10-25,2025-10-26,704,28343,노을공원
F0014,2026,2026 서울바비큐페스타,2026-10-17,2026-10-18,704,,노을공원
F0015,2025,한강 불빛 공연(드론 라이트 쇼),2025-04-12,2025-10-04,863,280741,뚝섬한강공원
F0015,2026,2026 한강 드론 라이트 쇼,2026-04-25,2026-10-24,982,,"한강공원(뚝섬, 잠실, 여의도)"
F0016,2026,2026 서울국제정원박람회,2026-05-01,2026-10-27,6960,,"서울숲 일대, 매헌시민의숲"
F0017,2026,2026 서울어린이정원 페스티벌,2026-05-05,2026-05-17,200,,서울어린이대공원
F0018,2026,제4회 레드로드 페스티벌,,,220,,홍대 레드로드
F0019,2024,제17회 마포나루 새우젓축제,2024-10-18,2024-10-20,510,750000,월드컵공원 평화광장
F0019,2025,제18회 마포나루 새우젓축제,2025-10-17,2025-10-19,529,820000,월드컵공원 평화광장
F0019,2026,제19회 마포나루 새우젓축제,2026-10-16,2026-10-18,529,,월드컵공원 평화광장
F0020,2022,제27회 강동선사문화축제,2022-10-08,2022-10-10,617,,서울 암사동 유적 일대
F0020,2024,제29회 강동선사문화축제,2024-10-11,2024-10-13,596,458308,서울 암사동 유적 일원
F0020,2025,제30회 강동선사문화축제,2025-10-17,2025-10-19,908,455185,서울 암사동 유적 일원
F0020,2026,제31회 강동선사문화축제,2026-10-16,2026-10-18,665,,서울 암사동유적 일원
F0021,2026,제18회 중랑 서울장미축제,2026-05-15,2026-05-23,532,,중랑장미공원(묵동교~겸재교 중랑천 일원)
F0022,2026,중랑 용마폭포축제,2026-10-16,2026-10-17,100,,용마폭포공원
F0023,2025,서대문봄빛축제,2025-03-29,2025-04-06,129,546018,"홍제천, 안산일대"
F0023,2026,제16회 2026 서대문 봄빛축제,2026-04-03,2026-04-12,129,,서대문 안산 ~ 홍제천 일원
F0024,2024,서대문독립축제,,,245,104000,서대문형무소역사관
F0024,2025,서대문독립축제,2025-08-14,2025-08-16,216,151660,"서대문형무소역사관, 독립공원"
F0024,2026,제17회 2026 서대문 독립축제,2026-08-14,2026-08-16,204,,"서대문형무소역사관, 독립공원"
F0025,2024,신촌글로벌대학문화축제,2024-09-25,2024-09-27,290,762166,신촌 연세로 일대
F0025,2025,신촌글로벌대학문화축제,2025-09-12,2025-09-14,288,493649,신촌 일대
F0025,2026,2026 신촌글로벌대학문화축제,2026-09-11,2026-09-13,288,,신촌 일대
F0026,2026,관악 책빵 축제,2026-05-09,2026-05-10,70,,별빛내린천 일대
F0027,2025,2025 그루브 인 관악,2025-05-31,2025-06-01,199.4,15061,별빛내린천 일대
F0027,2026,제 5회 그루브 인 관악,2026-07-11,2026-07-12,100,,관악아트홀
F0028,2025,2025 관악강감찬축제,2025-10-17,2025-10-19,457.5,208406,낙성대공원 일원
F0028,2026,제 10회 관악강감찬축제,2026-10-16,2026-10-18,457,,낙성대공원 일대
F0029,2022,제17회 영등포 여의도 봄꽃축제,,,705,5230000,여의서로 및 한강공원 일대
F0029,2023,제17회 영등포 여의도 봄꽃축제,2023-04-04,2023-04-09,260,2100000,여의서로 벚꽃길 및 한강공원 일대
F0029,2024,제18회 영등포 여의도 봄꽃축제,,,596,3140000,여의동
F0029,2025,제19회 영등포 여의도 봄꽃축제,,,700,3030000,여의서로 벚꽃길
F0029,2026,2026 영등포 여의도 봄꽃축제,2026-04-08,2026-04-12,758,,"여의서로 벚꽃길, 한강공원 국회축구장 등"
F0030,2026,제3회 영등포 정원축제(정원소풍),2026-05-23,2026-05-25,130,,영등포공원
F0031,2026,제3회 영등포구 여름축제 대피서,2026-08-07,2026-08-09,79,,영등포공원
F0032,2026,제2회 영등포구 원조맥주축제,2026-09-18,2026-09-19,171,,영등포공원
F0033,2026,2026 영등포네트워크예술제,2026-09-26,2026-09-28,60,,문래동 일대
F0034,2026,제3회 영등포 선유도원축제,2026-10-23,2026-10-25,313,,선유도공원 및 선유도역 2번 3번출구 걷고싶은 거리
F0035,2025,제3회 주막거리객사전,,,90,11500,오류동역광장
F0035,2026,제4회 주막거리객사전,,,80,,오류동역광장
F0036,2026,제10회 프랑스문화축제,,,62,,안양천 생태초화원
F0037,2022,2022 구로G페스티벌,2022-09-30,2022-10-02,800,101000,안양천일대
F0037,2023,2023 구로G페스티벌,,,868,,안양천
F0037,2025,구로G페스티벌,,,904,170000,안양천
F0037,2026,구로G페스티벌,,,800,,안양천 오금교 일대
F0038,2022,2022 서리풀페스티벌,2022-09-19,2022-09-25,1000,270000,서초구 전역
F0038,2023,2023 서리풀페스티벌,2023-09-23,2023-09-24,1000,120000,반포대로 일대
F0038,2024,2024 서리풀페스티벌,,,1000,,반포대로일대
F0038,2026,2026 서리풀뮤직페스티벌,2026-09-14,2026-09-20,1650,,반포대로(서초3동사거리~서초역)
F0039,2023,송파구 벚꽃축제,2023-04-05,2023-04-09,300,,석촌호수 외
F0039,2025,송파구 벚꽃축제,2025-04-02,2025-04-06,266.56,8620000,석촌호수
F0039,2026,2026 송파구 벚꽃축제,2026-04-01,2026-04-05,264,,석촌호수
F0040,2023,제23회 한성백제문화제,2023-09-22,2023-09-24,1967,,올림픽공원
F0040,2025,제25회 한성백제문화제,2025-09-26,2025-09-28,1300,513547,올림픽공원
F0040,2026,제26회 한성백제문화제,2026-10-16,2026-10-18,800,,올림픽공원
F0041,2026,불암산 철쭉제,2026-04-16,2026-04-26,174,,불암산 힐링타운
F0042,2026,노원구 어린이날 축제,2026-05-02,2026-05-03,,,등나무·중계근린공원
F0043,2026,경춘선 공릉숲길 커피축제,2026-06-13,2026-06-14,494,,공릉역 ~ 동부아파트 삼거리 + 경춘선 숲길
F0044,2022,노원달빛산책,2022-10-07,2022-10-23,131,138563,당현천 일원
F0044,2023,노원달빛산책,2023-10-13,2023-10-29,600,956858,당현천 일원
F0044,2024,노원달빛산책,2024-10-11,2024-11-03,600,1222518,당현천 일원
F0044,2025,노원달빛산책,2025-10-17,2025-11-16,500,1320557,당현천 일원
F0044,2026,노원달빛산책,2026-06-05,2026-06-28,,,당현천 일원(중계역 ~ 상계역 2km)
F0045,2023,노원 수제맥주축제,2023-06-02,2023-06-03,220,29454,노원불빛정원
F0045,2024,노원 수제맥주축제,2024-05-31,2024-06-01,220,,화랑대 철도공원
F0045,2026,노원수제맥주축제,2026-09-11,2026-09-12,,,화랑대 철도공원 일원
F0046,2025,댄싱노원 거리페스티벌,2025-09-20,2025-09-21,612.8,209376,노원역 일원
F0046,2026,댄싱노원 거리페스티벌,2026-10-17,2026-10-18,,,노원역 일원(롯데백화점 ~ 순복음교회 555m)
F0047,2023,4.19혁명국민문화제,2023-04-08,2023-04-19,770,60000,국립4.19민주묘지 및 강북구일원
F0047,2024,419혁명국민문화제,2024-04-12,2024-04-19,750,60000,강북구 일원
F0047,2025,4·19혁명국민문화제,2025-04-12,2025-04-19,485,60000,국립4·19민주묘지 및 강북구 일원
F0047,2026,4·19혁명국민문화제 2026,2026-04-10,2026-04-19,558,,국립4·19민주묘지 및 강북구 일대
F0048,2025,우이천변 페스타2025,2025-05-09,2025-05-11,294,26306,우이천 일대
F0048,2026,우이천변 페스타2026,2026-10-16,2026-10-18,294,,우이천 일대
F0049,2025,제2회 공예문화축제,,,50,3655,강북문화예술회관
F0049,2026,제3회 공예문화축제,,,50,,강북문화예술회관
F0050,2025,2025 강북 백맥축제,,,291,44894,강북구 일대
F0050,2026,2026 강북 백맥축제,2026-09-04,2026-09-05,291,,강북구 일대
F0051,2026,상권과 함께하는 크리스마스 마켓,,,72,,관내 상권지역 일대
F0052,2022,2022 이태원 지구촌 축제,,,315,,이태원관광특구 일대
F0052,2024,2024 이태원 지구촌 축제,,,401,,이태원관광특구 일대
F0052,2025,2025년 이태원 지구촌 축제,,,550,,이태원관광특구 일원
F0052,2026,2026년 이태원 지구촌 축제,,,3000,,이태원관광특구 일원
F0053,2023,자문밖 문화축제,2023-09-11,2023-09-11,60,,자문밖 일대
F0053,2025,제13회 자문밖문화축제,,,66,3500,자문밖 일원
F0053,2026,제14회 자문밖문화축제,,,74.8,,자문밖 일원
F0054,2024,놀러와 대학로! 차 없는 거리 축제,,,290,190000,대학로 일원
F0054,2025,2025 대학로 차 없는 거리 축제,,,290,72000,대학로 일원
F0054,2026,2026 대학로 차 없는 거리 축제,,,200,,대학로 일원
F0055,2023,2023 D.FESTA 대학로 거리공연축제,2023-05-19,2023-05-21,0,,대학로 일원
F0055,2025,2025 D.FESTA 대학로 거리공연축제,,,150,3000,대학로 일원
F0055,2026,2026 D.FESTA 대학로 거리공연축제,,,150,,대학로 일원
F0056,2023,2023 대학로 소나무길 거리예술제,,,15,,대학로 일원
F0056,2025,2025 대학로 소나무길 거리예술제,,,15,2000,대학로 일원
F0056,2026,2026 대학로 소나무길 거리예술제,,,20,,대학로 일원
F0057,2025,2025 아시테지 어린이가행복한대학로,,,15,2000,대학로 일원
F0057,2026,2026 아시테지 어린이가행복한대학로,,,15,,대학로 일원
F0058,2023,제44회 서울연극제,2023-04-30,2023-05-31,0,,대학로 일원
F0058,2025,제46회 서울연극제,,,0,5000,대학로 일원
F0058,2026,서울연극제,,,0,,대학로 일원
F0059,2023,인사동 엔틱 & 아트페어,,,270,10000,인사동 일대
F0059,2024,인사동 엔틱 & 아트페어,,,270,50000,인사동 일대
F0059,2025,인사동 엔틱&아트페어,,,270,50000,인사동 일대
F0059,2026,인사동 엔틱&아트페어,,,240,,인사동 일대
F0060,2026,2026 종로K축제,2026-09-11,2026-09-12,70,,광화문광장
F0061,2022,허준축제,2022-10-06,2022-10-09,395,47000,"허준근린공원, 허준박물관 일대"
F0061,2023,제21회 허준축제,2023-10-13,2023-10-15,515,,허준근린공원
F0061,2026,제24회 허준축제,2026-10-10,2026-10-11,498,,"서울식물원, 마곡광장, 마곡중앙로"
F0062,2024,동대문구 봄꽃축제,2024-03-30,2024-03-31,220000,50000,중랑천 제1체육공원 및 장안벚꽃로
F0062,2025,동대문구 봄꽃축제,2025-04-05,2025-04-06,220,59492,"장안1 수변공원, 장안벚꽃길"
F0062,2026,동대문구 봄꽃축제,2026-04-04,2026-04-05,230,,"장안1 수변공원, 장안벚꽃길 일대"
F0063,2025,동대문구 맥주축제,2025-08-29,2025-08-30,200,20358,장안1 수변공원
F0063,2026,동대문구 맥주축제,2026-08-28,2026-08-29,240,,장안1 수변공원 일대
F0064,2025,동대문페스티벌,2025-10-18,2025-10-19,720,110000,장한로 일대
F0064,2026,동대문페스티벌,,,450,,장한로 일대
F0065,2024,정동야행축제,2024-05-24,2024-05-25,359000,131470,정동 일대
F0065,2025,정동야행,2025-05-23,2025-05-24,414,136513,"덕수궁길, 정동길 일대"
F0065,2026,2026 정동야행,,,365,,정동 일대
F0066,2025,제 6회 가로수길 디자인위크,2025-05-24,2025-05-28,411,33655,가로수길 일대
F0066,2026,제7회 가로수길 디자인위크,2026-06-13,2026-06-17,285,,가로수길 일대
F0067,2024,제13회 강남페스티벌,,,2532,948420,"코엑스, 영동대로, 마루공원 등"
F0067,2025,제14회 강남페스티벌,2025-09-25,2025-09-28,2669,916594,"코엑스, 영동대로 등"
F0067,2026,제15회 강남페스티벌,2026-10-01,2026-10-04,2965,,"코엑스, 영동대로 등 강남구 일대"
F0068,2026,제9회 도심 속 바다축제,2026-10-24,2026-10-25,300,,노량진수산시장 및 노량진축구장일대
F0069,2022,제26회 부산바다축제,,,,77000,부산시 일원
F0069,2023,부산바다축제,,,920,50000,"해운대, 광안리, 다대포 해수욕장"
F0069,2024,부산바다축제,,,920,72000,다대포해수욕장 등
F0069,2025,제29회 부산바다축제,2025-08-01,2025-08-03,1030,82435,다대포해수욕장 일원
F0069,2026,제30회 부산바다축제,2026-08-07,2026-08-09,1260,,다대포해수욕장
F0070,2022,제22회 부산국제록페스티벌,,,,28000,삼락생태공원
F0070,2023,부산국제록페스티벌,,,2930,30000,삼락생태공원
F0070,2024,부산국제록페스티벌,,,4000,64000,삼락생태공원
F0070,2025,2025 부산국제록페스티벌,2025-09-26,2025-09-28,7200,70000,삼락생태공원
F0070,2026,2026 부산국제록페스티벌,2026-10-02,2026-10-04,9040,,삼락생태공원
F0071,2024,부산원도심활성화축제,,,150,13240,"중구,서구 일원"
F0071,2025,제10회 부산원도심활성화축제,,,114,14240,원도심 일원
F0071,2026,제11회 부산원도심활성화축제,2026-05-22,2026-05-24,172,,원도심 일원
F0072,2025,2025 부산밀페스티벌,,,,33000,화명생태공원
F0072,2026,2026 부산밀페스티벌,2026-04-25,2026-04-26,500,,화명생태공원
F0073,2024,부산 시민의종 타종행사,2024-12-31,2024-12-31,108,,용두산공원
F0073,2025,부산 시민의종 타종행사,2025-12-31,2026-01-01,86,8000,용두산공원
F0073,2026,부산 시민의종 타종행사,2026-12-31,2027-01-01,73,,용두산공원
F0074,2022,제15회 부산항축제,2022-05-28,2022-05-29,900,1000000,부산항북항
F0074,2023,부산항축제,2023-05-27,2023-05-28,600,55000,"부산항국제여객터미널, 국립해양박물관 일원"
F0074,2024,부산항축제,,,600,74000,"부산항국제여객터미널, 영도아미르공원 일원"
F0074,2025,제18회 부산항축제,2025-05-30,2025-05-31,600,85000,"부산항국제여객터미널, 아미르공원 일원"
F0074,2026,제19회 부산항축제,2026-06-20,2026-06-21,900,,북항 및 해양박물관 등
F0075,2022,조선통신사축제,,,500,60000,"용두산공원, 광복로 일원 등"
F0075,2023,조선통신사축제,2023-05-05,2023-05-07,470,10000,용두산공원 일원
F0075,2024,조선통신사축제,2024-05-03,2024-05-05,260,40000,광복로 일원
F0075,2025,2025 조선통신사 축제,2025-04-25,2025-04-27,200,40000,미정(협의중)
F0075,2026,2026년 조선통신사 축제,2026-04-24,2026-04-26,320,,미정(협의중)
F0076,2025,2025 제10회 피란수도 부산 문화유산 야행,2025-08-15,2025-08-16,640,40000,부산항 제1부두 등 피란유산 전역
F0076,2026,2026 제11회 피란수도 부산 국가유산 야행,2026-08-14,2026-08-15,583,,영도다리 등 피란유산 전역
F0077,2025,2025 부산민속예술제,2025-10-25,2025-10-26,280,30000,부산시민공원 다솜광장
F0077,2026,2026 부산종합민속예술제,2026-10-24,2026-10-25,280,,부산시민공원 다솜광장
F0078,2026,제25회 부산과학축전,2026-04-11,2026-04-12,295,,벡스코
F0079,2026,2026년 부산 가든쇼,2026-10-22,2026-10-25,1000,,삼락생태공원
F0080,2022,광복로 연등문화제,2022-04-20,2022-04-20,60,,광복로 일원
F0080,2023,광복로 연등문화제,,,60,1700,광복로 일원
F0080,2024,광복로 연등문화제,,,60,1700,광복로 일원
F0080,2025,2025년 광복로 연등문화제,2025-04-07,2025-05-06,60,1500,광복로 일원
F0080,2026,2026년 광복로 연등문화제,,,62.935,,광복로 일원
F0081,2024,유라리건맥축제,,,70,,유라리광장 일원
F0081,2025,유라리건맥축제,,,90,12516,유라리광장 일원
F0081,2026,유라리건맥축제,,,93,,유라리광장 일원
F0082,2022,제29회 부산자갈치축제,2022-10-13,2022-10-16,320,700000,자갈치시장 일원 등
F0082,2023,부산자갈치축제,2023-10-14,2023-10-17,340,0,자갈치시장 일원 등
F0082,2024,부산자갈치축제,,,280,,자갈치시장 일원
F0082,2025,제32회 부산 자갈치축제,,,340,195846,자갈치시장 일원
F0082,2026,제33회 부산자갈치축제,2026-10-15,2026-10-18,340,,자갈치시장 일원
F0083,2023,광복로 겨울빛 트리축제,,,250,0,광복로 일대
F0083,2024,광복로 겨울빛 트리축제,,,900,2900000,광복로 일원
F0083,2025,2025 광복로 겨울빛 트리축제,,,700,3105529,광복로 일원
F0083,2026,광복로 겨울빛 트리축제,,,950,,광복로 일원
F0084,2022,제13회 부산고등어축제,2022-10-21,2022-10-23,194,,송도해수욕장
F0084,2023,부산고등어축제,2023-10-27,2023-10-29,,210000,송도해수욕장
F0084,2024,부산고등어축제,,,190,251676,송도해수욕장
F0084,2025,부산고등어축제,2025-10-24,2025-10-26,190,253131,송도해수욕장
F0084,2026,제17회 부산고등어축제,,,209,,송도해수욕장
F0085,2024,부산 서구 의료관광축제,,,90,10000,송도오션파크
F0085,2025,부산 서구 의료관광축제,,,150,18000,송도오션파크
F0085,2026,부산 서구 의료관광축제,,,150,,송도오션파크
F0086,2026,제2회 북항 해양레저 페스타,2026-07-31,2026-08-02,,,북항 경관수로 및 친수공원 일원
F0087,2022,제19회 차이나타운특구 문화축제,2022-10-14,2022-10-16,170,,부산 차이나타운 일대
F0087,2024,부산차이나타운문화축제,2024-10-18,2024-10-20,155,40000,"부산역, 차이나타운 일원"
F0087,2025,제22회 부산차이나타운 문화축제,2025-10-17,2025-10-19,150,40000,"부산역, 차이나타운 일원"
F0087,2026,제23회 부산차이나타운 문화축제,2026-10-16,2026-10-18,255,,"부산역, 초량 차이나타운 일원"
F0088,2024,웹툰이바구길축제,,,40,,범일동 성북시장(웹툰이바구길) 일원
F0088,2026,제4회 웹툰이바구길축제,2026-10-24,2026-10-31,,,"웹툰이바구길 일원, 동구 문화플랫폼 등"
F0089,2022,제30회 영도다리축제,2022-10-14,2022-10-16,357.5,,아미르공원
F0089,2023,영도다리축제,2023-10-13,2023-10-15,413.5,150000,아미르공원
F0089,2024,영도다리축제,,,521,140000,아미르공원
F0089,2025,제33회 영도다리축제,,,482,140000,아미르공원 일원
F0089,2026,제34회 영도다리축제,2026-10-30,2026-11-01,271,,아미르공원 일원
F0090,2022,영도커피페스티벌,2022-10-14,2022-10-16,70,,아미르공원
F0090,2023,영도 커피페스티벌,2023-11-03,2023-11-05,200,110000,아미르공원
F0090,2024,영도커피페스티벌,2024-05-24,2024-05-26,256,120000,아미르공원
F0090,2025,2025 글로벌 영도커피페스티벌,2025-05-23,2025-05-25,280,120000,아미르공원 일원
F0090,2026,2026 글로벌 영도커피페스티벌,2026-05-15,2026-05-17,280,,아미르공원 일원
F0091,2022,수국꽃 문화축제,2022-06-25,2022-07-03,,,태종사경내
F0091,2026,제15회 수국꽃 문화축제,2026-06-27,2026-07-05,50,,태종대 일원
F0092,2024,서면 빛 축제,,,600,,서면1번가 일원
F0092,2025,서면 빛 축제,,,600,,서면1번가 일원
F0092,2026,서면 빛 축제,,,600,,서면1번가 일원
F0093,2022,제6회 전포커피축제,,,80,,전포카페거리 일원
F0093,2025,전포커피축제,,,80,76200,전포카페거리 일원
F0093,2026,전포커피축제,,,80,,전포카페거리 일원
F0094,2022,제11회 서면메디컬스트리트 축제,,,100,13000,서면메디컬스트리트 일원
F0094,2023,서면메디컬스트리트 축제,,,95,5000,"서면메디컬스트리트 일원, 온라인플랫폼"
F0094,2024,서면메디컬스트리트축제,,,100,5000,서면 메디컬스트리트일원
F0094,2025,서면메디컬스트리트축제,,,102,5000,서면메디컬스트리트 일원
F0094,2026,서면메디컬스트리트축제,,,102,,서면메디컬스트리트 일원
F0095,2025,비어로드 페스티벌,,,40,4000,"서면, 전포 일원"
F0095,2026,비어로드 페스티벌,,,45,,"서면, 전포 일원"
F0096,2022,제28회 동래읍성역사축제,2022-10-14,2022-10-16,507,200000,"동래읍성(북문), 동래문화회관 등"
F0096,2023,동래읍성역사축제,2023-10-13,2023-10-15,584,201820,"동래읍성(북문), 동래문화회관 등"
F0096,2024,동래읍성역사축제,2024-10-11,2024-10-13,875,240033,"동래문화회관, 동래읍성광장, 온천천카페거리, 온천장 등"
F0096,2025,동래읍성역사축제,2025-10-24,2025-10-26,935,192381,"동래문화원, 동래읍성북문 일원"
F0096,2026,제32회 동래읍성역사축제,2026-10-16,2026-10-18,1006,,"동래문화회관, 읍성광장, 명륜1번가, 온천천카페거리 등"
F0097,2025,제3회 온천천 빛축제,2025-12-19,2026-02-01,350,341728,동래구 온천천 일원
F0097,2026,제4회 온천천 빛축제,2026-12-18,2027-01-31,350,,동래구 온천천 일원
F0098,2025,동래 문화교육 특구페스티벌,2025-05-09,2025-05-10,90,18000,"동래문화회관, 동래읍성광장 등"
F0098,2026,동래 문화교육 특구페스티벌,2026-06-12,2026-06-13,90,,"동래문화회관, 동래읍성광장 등"
F0099,2022,제24회 UN평화축제,,,230,,평화공원
F0099,2023,UN평화축제,,,242,62000,평화공원
F0099,2024,UN평화축제,2024-10-19,2024-10-20,277,60000,평화공원 일원
F0099,2025,제27회 UN평화축제,2025-10-17,2025-10-19,279.9,70000,평화공원 일원
F0099,2026,제28회 UN평화축제,,,417,,평화공원 일원
F0100,2026,제4회 유엔남구 물놀이축제,2026-07-25,2026-08-03,297,,용호별빛공원 일원
F0101,2022,제9회 낙동강 구포나루 축제,2022-05-13,2022-05-15,380,350000,화명생태공원
F0101,2023,낙동강 구포나루 축제,2023-10-13,2023-10-15,470,370000,화명생태공원
F0101,2024,낙동강 구포나루 축제,,,400,220000,화명생태공원 연꽃단지 일원
F0101,2025,제12회 낙동강 구포나루 축제,,,500,230000,화명생태공원 연꽃단지 일원
F0101,2026,제13회 낙동강 구포나루 축제,,,500,,화명생태공원 연꽃단지 일대
F0102,2022,제38회 해운대 달맞이온천축제,,,,,해운대해수욕장 일원
F0102,2023,해운대 달맞이온천축제,2023-02-03,2023-02-06,12,30000,해운대해수욕장 일원
F0102,2024,해운대 달맞이온천축제,2024-02-22,2024-02-24,75,30000,해운대해수욕장 일원
F0102,2025,제40회 해운대 달맞이온천축제,2025-02-10,2025-02-12,75,30000,해운대해수욕장 일원
F0102,2026,제41회 해운대 달맞이온천축제,2026-03-01,2026-03-03,75,,해운대해수욕장 일원
F0103,2022,2022 해운대모래축제,,,,853000,해운대해수욕장 일원
F0103,2023,해운대모래축제,2023-05-19,2023-05-22,673,853000,해운대해수욕장 일원
F0103,2024,해운대모래축제,2024-05-24,2024-05-27,6804,1009910,해운대해수욕장 일원
F0103,2025,제20회 해운대모래축제,2025-05-16,2025-05-19,745,1009910,해운대해수욕장 일원
F0103,2026,제21회 해운대모래축제,2026-05-08,2026-05-11,824,,해운대해수욕장 일원
F0104,2022,해운대 해양레저축제,,,,2000,송정해수욕장 일원
F0104,2023,해운대 해양레저축제,,,90,2000,송정해수욕장 일원
F0104,2024,해운대 해양레저축제,2024-08-24,2024-08-25,70,2000,송정해수욕장 일원
F0104,2025,제7회 해운대 해양레저축제,2025-09-13,2025-09-14,50,2000,송정해수욕장 일원
F0104,2026,제8회 해운대 해양레저축제,,,40,,송정해수욕장 일원
F0105,2022,제9회 해운대 빛축제,,,,3787000,해운대해수욕장 일원
F0105,2023,해운대 빛축제,,,,3787000,해운대해수욕장 일원
F0105,2024,해운대 빛축제,,,,3879810,"해운대해수욕장, 구남로, 온천길, 시장길 일원"
F0105,2025,제12회 해운대 빛축제,,,,3694744,해운대해수욕장 일원
F0105,2026,제13회 해운대 빛축제,,,,,해운대해수욕장 일원
F0106,2026,제2회 세계문화축제,2026-10-24,2026-10-25,35,,해운대구 구남로
F0107,2022,제12회 감천문화마을 골목축제,,,140,23000,감천문화마을 일원
F0107,2023,감천문화마을골목축제,,,,55920,감천문화마을 일원
F0107,2024,감천문화마을골목축제,,,,54000,감천문화마을 일원
F0107,2025,감천문화마을골목축제,,,,39000,감천문화마을 일원
F0107,2026,제16회 감천문화마을골목축제,,,30,,감천문화마을 일원
F0108,2022,제8회 다대포어항문화축제,,,80,10000,다대포항 일원
F0108,2023,다대포 어항문화축제,,,80,12000,다대포항 공판장 일원
F0108,2024,다대포어항문화축제,,,80,10000,다대포항 공판장 일원
F0108,2025,다대포 어항문화축제,,,90,10000,다대포항 위판장 일원
F0108,2026,다대포 어항문화축제,,,110,,다대포항 위판장 일원
F0109,2025,다대포 선셋 영화 축제,2025-05-31,2025-06-03,600,75353,다대포 해수욕장
F0109,2026,제4회 다대포 선셋 영화축제,,,650,,다대포해수욕장 일원
F0110,2026,장림항 부네치아 아트프리마켓,,,,,장림항 일원
F0111,2025,사하예술제,,,97,2500,다대포해변공원 일원
F0111,2026,사하예술제,,,,,다대포해변공원 일원
F0112,2023,부산국제공연예술제,,,150,30000,부산대학로 및 금정구 일원
F0112,2024,부산국제공연예술제,,,90,25000,부산대학로 및 금정구 일원
F0112,2025,부산국제공연예술제,2025-09-26,2025-09-28,150,32719,부산대학로 및 금정구 일원
F0112,2026,부산국제공연예술제,2026-09-18,2026-09-20,150,,금정구 온천천 및 부산대학로 일원
F0113,2023,금정산성축제,,,400,38500,금정산성일원
F0113,2024,금정산성축제,2024-05-24,2024-05-26,400,50000,금정산성광장 및 금정산 일원
F0113,2025,2025 금정산성축제,2025-05-23,2025-05-25,430,33500,"금정산성광장 및 금정산성, 금성동 일원"
F0113,2026,2026 금정산성축제,,,450,,"금정산성광장 및 금정산성, 금성동 일원"
F0114,2022,제6회 라라라페스티벌,,,90,100000,온천천
F0114,2023,라라라 페스티벌,,,90,100000,온천천
F0114,2024,라라라 페스티벌,,,90,88000,온천천
F0114,2025,라라라 페스티벌,,,140,110000,온천천 일원
F0114,2026,라라라 페스티벌,,,160,,부산대 지하철역 아래 온천천 일원
F0115,2022,제3회 연제고분판타지축제,2022-03-25,2022-03-27,290,10000,"온천천,연산동고분군"
F0115,2023,연제고분판타지축제,2023-03-31,2023-04-02,290,126000,"연산동 고분군, 온천천 시민공원"
F0115,2024,연제고분판타지축제,2024-03-22,2024-03-24,350,100000,"온천천시민공원, 연산동 고분군"
F0115,2025,제6회 연제고분판타지축제,2025-03-28,2025-03-30,419,100000,온천천시민공원 일원
F0115,2026,제7회 연제고분판타지축제,2026-04-03,2026-04-05,420,,온천천시민공원 일원
F0116,2022,제20회 대저토마토축제,,,290,100000,강서체육공원
F0116,2023,대저토마토축제,2023-04-01,2023-04-02,290,100000,강서체육공원
F0116,2024,대저토마토축제,2024-03-23,2024-03-24,400,10000,강서체육공원
F0116,2025,대저토마토축제,2025-03-22,2025-03-23,400,30000,강서체육공원 일원
F0116,2026,대저토마토축제,2026-03-21,2026-03-22,450,,강서체육공원 일원
F0117,2022,제6회 강서 낙동강변 30리 벚꽃축제,,,295,100000,대저생태공원
F0117,2023,강서 낙동강30리 벚꽃축제,2023-03-31,2023-04-02,295,200000,대저생태공원
F0117,2024,강서 낙동강30리 벚꽃축제,2024-03-29,2024-03-31,266,200000,대저생태공원 일원
F0117,2025,강서 낙동강30리 벚꽃축제,2025-03-28,2025-03-30,295,90000,대저생태공원 일원
F0117,2026,강서 낙동강30리 벚꽃축제,2026-04-03,2026-04-05,355,,대저생태공원 일원
F0118,2026,명지시장전어축제추진위원회,2026-08-26,2026-08-28,40,,명지시장 일원
F0119,2022,제20회 광안리어방축제,,,770,150000,광안리해수욕장
F0119,2023,제21회 광안리어방축제,2023-05-12,2023-05-14,1075,211000,광안리해변 및 수영사적공원 일원
F0119,2024,광안리어방축제,2024-05-10,2024-05-12,1181,248021,광안리해변 및 수영사적공원 일원
F0119,2025,제23회 광안리어방축제,2025-05-09,2025-05-11,1377,174253,"광안리해변, 수영사적공원"
F0119,2026,제24회 광안리어방축제,2026-06-12,2026-06-14,1527,,"광안리해변, 수영사적공원"
F0120,2026,Fall in Gwangalli,2026-10-08,2026-10-10,400,,광안리해변
F0121,2022,제19회 사상강변축제,,,280,70000,삼락생태공원
F0121,2023,사상강변축제,,,280,70000,삼락생태공원
F0121,2024,사상강변축제,,,350,70000,삼락생태공원 일원
F0121,2025,제22회 사상강변축제,2025-09-20,2025-09-21,350,70000,삼락생태공원 일원
F0121,2026,제23회 사상강변축제,2026-10-17,2026-10-18,360,,삼락생태공원 문화마당 일원
F0122,2025,2025 낙동강정원 벚꽃축제,2025-03-28,2025-03-30,55,150000,삼락생태공원 일원 낙동제방
F0122,2026,2026년 낙동강정원 벚꽃축제,2026-04-03,2026-04-12,75,,삼락생태공원 낙동제방 벚꽃길 일원
F0123,2026,기장웰니스관광축제(가칭),2026-10-09,2026-10-10,200,,임랑해수욕장 및 장안읍 일원
F0124,2026,일광바다축제(갯마을&낭만가요제),2026-07-31,2026-08-02,106,,일광해수욕장 일원
F0125,2022,정관생태하천학습문화축제,,,150,,좌광천 일원
F0125,2023,정관 생태하천 학습문화축제,,,180,30000,정관읍 좌광천 일원
F0125,2024,정관생태하천학습문화축제,,,180,30000,"정관읍 좌광천 일원, 중앙공원,윗골공원,구목정공원"
F0125,2025,제11회 정관생태하천학습문화축제,2025-10-17,2025-10-19,210,30000,"정관읍 좌광천 일원 중앙공원, 윗골공원 구목적공원"
F0125,2026,제12회 정관생태하천학습문화축제,2026-10-16,2026-10-18,230,,"정관읍 좌광천 일원 중앙공원, 윗골공원 구목적공원"
F0126,2022,기장미역다시마축제,,,60,,이동항
F0126,2023,기장미역다시마축제,,,72,0,이동항 일원
F0126,2024,기장미역다시마 축제,,,80,50000,이동항 일원
F0126,2025,제12회 기장미역다시마 축제,,,90,8700,이동항 일원
F0126,2026,기장미역다시마축제,,,72,,이동항 일원
F0127,2022,기장멸치축제,,,100,,대변항
F0127,2023,기장멸치축제,2023-04-28,2023-04-30,120,150000,대변항 일원
F0127,2024,기장멸치축제,,,240,,대변항 일원
F0127,2025,제29회 기장멸치축제,2025-04-26,2025-04-27,250,400000,대변항 일원
F0127,2026,제30회 기장멸치축제,2026-04-24,2026-04-26,250,,대변항 일원
F0128,2022,기장붕장어축제,,,70,,칠암항
F0128,2023,기장붕장어축제,,,80,20000,칠암항 일원
F0128,2024,기장붕장어축제,,,160,20000,신암항 일원
F0128,2025,제19회 기장붕장어축제,,,160,,칠암항 일원
F0128,2026,제20회 기장붕장어축제,,,90,,칠암항 일원
F0129,2022,철마한우불고기축제,,,80,,철마면
F0129,2023,철마 한우 불고기 축제,,,80,300000,철마면 일원
F0129,2024,철마한우불고기축제,,,280,300000,철마도시 농업공원
F0129,2025,제15회 철마한우불고기축제,2025-04-17,2025-04-20,290,200000,철마도시농업공원 일원
F0129,2026,제16회 철마한우불고기축제,2026-10-22,2026-10-26,290,,철마도시농업공원(개좌로 797-23번지)일원
F0130,2022,대구생활문화제,,,170,1500,대구생활문화센터 등 대구일원
F0130,2023,대구생활문화제,2023-05-13,2023-05-14,136,2600,생활문화센터 등 대구일원
F0130,2024,대구생활문화제,2024-05-11,2024-05-12,109,7700,생활문화센터 등 대구 일원
F0130,2025,대구생활문화제,2025-05-10,2025-05-11,87,8000,국채보상기념공원
F0130,2026,대구생활문화제,,,78,,국채보상기념공원
F0131,2022,대구국제뮤지컬페스티벌,2022-06-24,2022-07-11,2950,32617,오페라하우스 및 공연장
F0131,2023,대구국제뮤지컬페스티벌,2023-05-19,2023-06-05,2950,27242,오페라하우스 및 공연장
F0131,2024,제18회 대구국제뮤지컬페스티벌,2024-06-21,2024-06-21,2700,,대구오페라하우스 및 공연장
F0131,2026,제20회 대구국제뮤지컬페스티벌,2026-06-19,2026-07-06,3800,,대구시 일원
F0132,2022,대구국제오페라축제,2022-09-21,2022-11-12,2000,29380,대구오페라하우스 등
F0132,2023,대구국제오페라축제,2023-10-06,2023-11-11,2320,26051,대구오페라하우스 및 대구일원
F0132,2024,제21회 대구국제오페라축제,,,1500,,대구오페라하우스 및 대구 일원
F0132,2026,제23회 대구국제오페라축제,2026-10-02,2026-10-31,1860,,대구시 일원
F0133,2022,형형색색 달구벌 관등놀이,,,575,,대구전역
F0133,2023,형형색색 달구벌 관등놀이,,,403,50000,대구전역
F0133,2024,형형색색 달구벌 관등놀이,,,322,6000,대구 전역
F0133,2025,형형색색 달구벌 관등놀이,,,322,5000,"대구전역 (달구벌점등식, 연등회 및 연등행렬)"
F0133,2026,형형색색 달구벌 관등놀이,,,322,,"대구전역 (달구벌점등식, 연등회 및 연등행렬)"
F0134,2023,팔공산 산중전통장터 승시 축제,,,552,50000,동화사
F0134,2024,팔공산 산중전통장터 승시 축제,,,552,51250,동화사
F0134,2025,팔공산 산중전통장터 승시 축제,2025-10-01,2025-10-03,516,45118,동화사 일원
F0134,2026,제16회 팔공산 산중전통장터 승시 축제,,,516,,동화사 일원
F0135,2022,대구치맥페스티벌,,,2170,210000,두류공원 일대
F0135,2023,대구치맥페스티벌,,,2170,210000,두류공원
F0135,2024,대구치맥페스티벌,,,2176,776000,두류공원
F0135,2025,대구치맥페스티벌,2025-07-02,2025-07-06,2372,745000,두류공원
F0135,2026,2026 대구치맥페스티벌,2026-07-01,2026-07-05,2380,,두류공원 일원
F0136,2022,대구 약령시 한방문화축제,,,520,130500,대구 약령시 일원
F0136,2023,제45회대구약령시한방문화축제,2023-05-05,2023-05-07,520,89607,대구약령시일원
F0136,2024,제46회 대구약령시한방문화축제,2024-05-12,2024-05-12,400,134113,대구약령시 일원
F0136,2025,제47회 대구약령시한방문화축제,2025-05-08,2025-05-11,405,100602,대구약령시 일원
F0136,2026,제48회 대구약령시 한방문화축제,2026-05-07,2026-05-10,359,,중구 약령시 일원
F0137,2026,제2회 동성로 타임워프 페스타,2026-09-18,2026-09-19,200,,동성로 일원
F0138,2025,대구 국가유산 야행,2025-08-29,2025-08-30,200,19829,경상감영공원 일원
F0138,2026,대구국가유산야행,,,200,,청라언덕 일원
F0139,2022,동성로축제,,,30,85000,동성로일원
F0139,2023,제34회 동성로축제,2023-05-12,2023-05-14,30,67806,동성로일원
F0139,2024,제35회 동성로축제,2024-05-10,2024-05-12,70,70786,동성로 일원
F0139,2025,제36회 동성로축제,2025-05-09,2025-05-11,80,76000,동성로 일원
F0139,2026,제37회 동성로축제,2026-05-08,2026-05-10,80,,동성로 일원
F0140,2026,제13회 방천아트페스티벌,,,22,,방천시장 및 김광석다시그리기길 일원
F0141,2022,대구패션주얼리위크,2022-05-13,2022-05-15,15,2200,주얼리특구
F0141,2023,제18회 대구패션주얼리위크,,,10,1200,대구패션주얼리특구 일원
F0141,2024,제19회 패션주얼리위크,,,15,1200,대구패션주얼리특구 일원(교동~동성로 일대)
F0141,2025,제20회 대구패션주얼리위크,,,20,1200,대구패션주얼리특구 일원(동성로~교동 일원)
F0141,2026,제21회 대구패션주얼리위크,,,20,,대구패션주얼리특구 일원(동성로~교동 일원)
F0142,2022,서문시장글로벌대축제,,,250,,서문시장일대
F0142,2023,서문시장글로벌대축제,,,200,6000,서문시장일대
F0142,2024,서문시장글로벌대축제,,,33,6000,서문시장 일대
F0142,2025,서문시장글로벌대축제,,,33,6000,서문시장 일대
F0142,2026,서문시장글로벌대축제,,,35,,서문시장 일대
F0143,2022,교동시장한마음축제,,,70,,교동시장일대
F0143,2023,교동시장한마음축제,,,53,1200,교동시장일대
F0143,2024,교동시장한마음축제,,,11,1200,교동시장 일대
F0143,2025,교동시장한마음축제,,,11,1200,교동시장 일대
F0143,2026,교동시장한마음축제,,,12,,교동시장 일대
F0144,2022,팔공산벚꽃축제,,,30,,팔공산 동화지구
F0144,2023,팔공산 벚꽃축제,,,30,35000,팔공산 동화지구
F0144,2024,제13회 팔공산 벚꽃축제,,,36,5000,팔공산 동화지구
F0144,2025,2025년 제14회 팔공산 벚꽃축제,,,40,5000,팔공산 동화지구 분수대 광장
F0144,2026,2026년 제15회 팔공산 벚꽃축제,2026-04-01,2026-04-05,45,,팔공산 동화지구 분수대 광장 일원
F0145,2026,2026년 동구 여름축제 '두두썸동',,,350,,금호강 둔치 일원(미정)
F0146,2023,팔공산 단풍축제,,,25,46000,팔공산 동화지구
F0146,2024,제23회 팔공산 단풍축제,,,25,4000,팔공산 갓바위지구
F0146,2025,2025년 제24회 팔공산 단풍축제,,,40,4000,팔공산 동화지구 분수대 광장
F0146,2026,2026년 제25회 팔공산 단풍축제,2026-10-30,2026-11-01,40,,팔공산 갓바위 시설지구 일원
F0147,2022,달구벌목민관 부임 마을축제,,,40,,서구일대 북비산 네거리
F0147,2023,달구벌목민관 부임 마을축제,,,40,1000,서구일대북비산네거리
F0147,2024,달구벌목민관 부임 마을축제,,,40,1000,서구일대 북비산네거리
F0147,2025,달구벌목민관 부임 마을축제,2025-10-18,2025-10-19,40,1000,서구구민운동장 일원
F0147,2026,달구벌목민관 부임마을축제,2026-10-17,2026-10-18,40,,"북비산네거리, 구민운동장 일대"
F0148,2023,제28회 대덕제 「대구앞산축제」,2023-05-05,2023-05-06,374,30000,앞산빨래터공원
F0148,2024,제29회 대덕제 「대구앞산축제」,2024-05-25,2024-05-26,468,90000,남구구민체육광장 일원
F0148,2025,제30회 대덕제 「2025대구앞산축제」,2025-05-17,2025-05-18,450,60000,남구구민체육광장 일원
F0148,2026,제31회 대덕제 「2026대구앞산축제」,,,580,,남구구민체육광장 일원
F0149,2025,2025 앞산 크리스마스축제,2025-12-20,2025-12-21,350,100000,앞산빨래터공원 일원
F0149,2026,2026 앞산 크리스마스축제,,,200,,앞산빨래터공원 일원
F0150,2022,금호강바람소리길축제,,,340,50000,금호강 산격대교 하단
F0150,2023,금호강바람소리길축제,,,470,45000,금호강 산격대교 하단
F0150,2024,2024 금호강 바람소리길 축제,,,470,75000,금호강 산격대교 하단
F0150,2025,2025 금호강 바람소리길 축제,2025-09-27,2025-09-28,500,85000,산격대교 하단 일원
F0150,2026,2026 금호강 바람소리길 축제,2026-09-19,2026-09-20,500,,산격대교 하단 일원
F0151,2023,떡볶이 페스티벌,,,200,80000,DGB대구은행파크
F0151,2024,제4회 떡볶이 페스티벌,,,300,130000,DGB대구은행파크
F0151,2025,제5회 떡볶이 페스티벌,2025-05-09,2025-05-11,600,330000,DGB대구은행파크 및 근대산업골목 새로나길 일원
F0151,2026,제6회 떡볶이 페스티벌,2026-10-23,2026-10-25,600,,대구iM뱅크PARK 일원
F0152,2022,수성못페스티벌,2022-09-23,2022-09-25,370,180000,수성못 일원
F0152,2023,수성못페스티벌,2023-09-22,2023-09-24,430,242000,수성못
F0152,2024,수성못페스티벌,2024-09-22,2024-09-24,560,240000,수성못
F0152,2025,수성못페스티벌,2025-09-26,2025-09-28,580,2463,수성못
F0152,2026,2026 수성못페스티벌,2026-09-18,2026-09-20,580,,수성못 일원
F0153,2026,대구 비어&뮤직 페스티벌,2026-06-19,2026-06-21,200,,수성못 상화동산
F0154,2025,수성빛예술제,2025-12-22,2025-12-31,350,65061,수성못
F0154,2026,제8회 수성빛예술제,2026-12-24,2027-01-03,360,,수성못 일원
F0155,2022,장미꽃 필 무렵,2022-05-20,2022-05-22,60,5300,이곡장미공원 등
F0155,2023,장미꽃 필 무렵,2023-05-19,2023-05-21,66,10000,이곡장미공원 등
F0155,2024,장미꽃 필 무렵,2024-05-17,2024-05-19,66,10000,이곡장미공원 등
F0155,2025,장미꽃 필 무렵,2025-05-09,2025-05-11,76,15000,이곡장미공원
F0155,2026,장미꽃 필 무렵,2026-05-15,2026-05-17,70,,이곡장미공원
F0156,2024,희망달서 대축제,,,100,10000,달서아트센터 일원
F0156,2025,희망달서 대축제,2025-10-11,2025-10-12,120,10000,달서아트센터
F0156,2026,희망달서 대축제,,,120,,달서아트센터 일원
F0157,2022,선사문화체험축제,,,50,5000,한샘청동공원 등
F0157,2023,선사문화체험축제,2023-05-12,2023-05-13,50,5000,한샘청동공원 등
F0157,2024,선사문화체험축제,,,40,6000,한샘청동공원 등
F0157,2025,선사문화체험축제,2025-04-26,2025-04-27,35,10016,한샘청동공원
F0157,2026,선사문화체험축제,,,30,,선돌마당공원
F0158,2026,2026년 제3회 두류젊코축제,,,80,,두류젊코 상권활성화 구역 일원(두류동)
F0159,2022,비슬산 참꽃문화제,,,250,,비슬산일원
F0159,2024,제28회 비슬산 참꽃 문화제,,,250,70000,비슬산 일원
F0159,2025,제29회 비슬산 참꽃 문화제,,,258,70000,비슬산 일원
F0159,2026,제30회 비슬산 참꽃 문화제,,,295,,국립대구과학관 및 비슬산휴양림 일원
F0160,2023,yes! 키즈존,,,290,28500,강정보/ 국립대구과학관
F0160,2024,2024 yes! 키즈존,,,350,30448,"강정보 디아크 광장, 국립대구과학관"
F0160,2025,2025 yes! 키즈존,,,350,50000,강정보 디아크광장 국립대구과학관
F0160,2026,YES! 키즈존,2026-05-02,2026-05-05,350,,국립대구과학관 일원
F0161,2026,제5회 군위 바비큐 축제,,,148,,삼국유사테마파크
F0162,2023,2023년 인천대공원 벚꽃축제,2023-04-15,2023-04-16,200,533201,인천대공원
F0162,2024,2024년 인천대공원 벚꽃축제,2024-04-06,2024-04-07,200,256772,인천대공원
F0162,2025,2025년 인천대공원 벚꽃축제,2025-04-05,2025-04-06,200,256772,인천대공원
F0162,2026,2026년 인천대공원 벚꽃축제,2026-04-03,2026-04-12,100,,인천대공원
F0163,2022,2022년 인천펜타포트 음악축제,,,1160,130000,송도일원
F0163,2023,2023 인천펜타포트음악축제,,,2930,150000,인천전역
F0163,2024,인천펜타포트음악축제,,,3236,150000,송도달빛축제공원 등 인천전역
F0163,2025,인천펜타포트음악축제,2025-08-01,2025-08-03,5032,150000,송도달빛축제공원
F0163,2026,제21회 인천 펜타포트 음악축제,2026-07-31,2026-08-02,2000,,송도 달빛축제공원
F0164,2026,제2회 1883 짜장면 축제,2026-10-10,2026-10-11,500,,개항장 및 차이나타운
F0165,2025,인천개항장국가유산야행(1차),2025-06-14,2025-06-15,1000,253000,인천개항장 문화지구 일원
F0165,2026,제11회 인천개항장 국가유산 야행,2026-10-09,2026-10-11,700,,개항장 문화지구
F0166,2026,차이나는 개항 페스타,2026-03-28,2026-03-29,535,,상상플랫폼 및 개항장 일원
F0167,2026,송도세계문화 관광축제,2026-08-26,2026-08-30,144,,송도 달빛축제공원
F0168,2025,강화별밤야행,2025-09-06,2025-09-07,400,12811,용흥궁공원
F0168,2026,강화별밤야행,2026-09-04,2026-09-05,400,,용흥궁공원
F0169,2023,강화 화개정원 축제,2023-09-23,2023-09-24,290,11093,교동 화개정원 일원
F0169,2024,강화 화개정원 축제,,,290,15146,화개정원 일원
F0169,2025,강화 화개정원 축제,2025-10-25,2025-10-26,290,9600,화개정원 일원
F0169,2026,강화 화개정원 축제,2026-10-17,2026-10-18,200,,화개정원 일원
F0170,2022,제21회 삼랑성역사문화축제,,,230,19347,전등사
F0170,2023,삼랑성역사문화축제,2023-10-15,2023-10-15,160,40000,전등사일원
F0170,2024,삼랑성역사문화축제,,,230,50000,전등사 일원
F0170,2025,삼랑성 역사문화축제,2025-10-04,2025-10-12,259,50000,삼랑성 전등사 일원
F0170,2026,삼랑성 역사문화축제,2026-10-03,2026-10-11,200,,전등사
F0171,2022,제6회 주섬주섬음악회,,,65,6000,덕적도 서포리해변
F0171,2023,주섬주섬음악회,,,65,,덕적도
F0171,2026,주섬주섬 음악회,2026-08-14,2026-08-15,180,,덕적면 서포리 해수욕장
F0172,2026,제1회 인천 쌀 문화축제,2026-04-25,2026-04-26,150,,중구 상상플랫폼
F0173,2026,2026년 인천 농특산물 문화축제,2026-10-24,2026-10-26,80,,중구 상상플랫폼
F0174,2026,영종국제도시 글로벌 문화축제,2026-09-28,2026-09-29,290,,영종씨사이드파크
F0175,2022,제33회 화도진축제,,,362,140000,"동인천역북광장, 화도진공원"
F0175,2023,제34회 화도진축제,,,410,150000,동인천역북광장
F0175,2024,제35회 화도진축제,,,593,153000,"화도진공원, 동인천역북광장 일원"
F0175,2025,제36회 화도진축제,2025-05-16,2025-05-18,610,120000,동인천역북광장 및 화도진공원
F0175,2026,제37회 화도진축제,2026-10-16,2026-10-17,610,,동인천역북광장 및 화도진공원
F0176,2025,제3회 배다리축제,,,170,3800,배다리 일원
F0176,2026,제4회 배다리축제,,,140,,배다리 일원
F0177,2024,제21회 미추홀미디어문화축제,,,230,8000,주안역 남광장(예정)
F0177,2025,제22회 미추홀미디어문화축제,,,230,10000,문학경기장 동문광장
F0177,2026,제23회 미추홀미디어문화축제,,,233,,미정
F0178,2023,수봉산 페스티벌,,,200,4000,수봉공원
F0178,2024,제4회 수봉산페스티벌,,,149,6000,수봉공원 인공폭포(예정)
F0178,2025,제5회 수봉산 페스티벌,2025-04-12,2025-04-13,200,10000,수봉공원 일대(예정)
F0178,2026,제6회 수봉산 페스티벌,2026-10-17,2026-10-18,200,,수봉공원 일원
F0179,2026,2026 새봄맞이 한마음 축제,2026-03-28,2026-03-29,285,,연수한마음공원 일원
F0180,2024,제5회 新송도해변축제,,,400,65098,관내공원
F0180,2025,제6회 송도해변축제 시즌2,,,400,69245,송도달빛공원
F0180,2026,2026 제7회 송도해변축제,2026-08-01,2026-08-08,400,,송도달빛공원 일원
F0181,2023,제11회 능허대문화축제,,,280,76580,관내공원
F0181,2024,제12회 연수 능허대 문화축제,,,300,97469,관내공원
F0181,2025,제13회 연수 능허대 문화축제,2025-10-17,2025-10-19,300,72834,송도달빛축제공원
F0181,2026,2026 제14회 연수 능허대 문화축제,2026-10-02,2026-10-04,300,,연수한마음공원 일원
F0182,2022,크리스마스 트리축제,,,209,2000,신포 문화의 거리
F0182,2023,2023 크리스마스 트리축제,,,200,1000,신포문화의거리
F0182,2024,크리스마스트리 축제,,,0,,미추홀구 관내(예정)
F0182,2026,2026 크리스마스트리 문화축제,2026-12-01,2027-01-20,50,,연수구청 본청 및 제2청사 광장
F0183,2022,제22회 소래포구축제,,,700,401000,소래포구 해오름광장
F0183,2023,제23회 소래포구축제,,,600,450000,소래포구
F0183,2024,제24회 소래포구축제,,,600,500000,소래포구 일원
F0183,2025,제25회 소래포구축제,2025-09-26,2025-09-28,600,460000,소래포구 해오름광장 등
F0183,2026,제26회 소래포구축제,2026-10-02,2026-10-04,600,,소래포구 일원
F0184,2022,부평풍물대축제,2022-09-30,2022-10-02,600,501000,부평일대
F0184,2023,제27회 부평풍물대축제,2023-09-22,2023-09-24,700,216677,부평일대
F0184,2024,2024년 제28회 부평풍물대축제,2024-09-27,2024-09-29,736,208075,부평대로 등 부평일원
F0184,2025,2025년 제29회 부평풍물대축제,2025-09-26,2025-09-28,836,230282,부평대로 및 신트리공원 등
F0184,2026,2026년 제30회 부평풍물대축제,2026-10-02,2026-10-04,840,,부평대로 및 신트리공원 등
F0185,2026,제4회 계양아라온 워터축제,2026-07-25,2026-07-26,230,,계양아라온 북단 일원
F0186,2025,제30회 서곶문화예술제,2025-09-19,2025-09-26,100,3365,인천서구문화회관
F0186,2026,제31회 서곶문화예술제,2026-09-11,2026-09-17,80,,인천서구문화회관 일원
F0187,2023,2023 정서진 해넘이 행사,2023-12-26,2023-12-31,,7000,정서진
F0187,2024,정서진 해넘이 행사,2024-12-01,2024-12-31,50,,정서진
F0187,2025,정서진 해넘이 행사,2025-12-31,2025-12-31,50,3324,정서진 아라빛섬 일원
F0187,2026,2026년 정서진 해넘이 행사,,,50,,정서진 아라빛섬 일원
F0188,2022,2022 아트피크닉,,,400,64955,중외공원
F0188,2023,아트피크닉,,,400,22400,중외공원 일대
F0188,2024,아트피크닉,,,320,17350,"시청 야외광장, 중외공원 등"
F0188,2025,아트피크닉,,,320,17000,시청 야외광징 및 중외공원 등
F0188,2026,아트피크닉,,,200,,중외공원 등 광주광역시 일원
F0189,2023,대인예술시장,,,500,400700,대인예술시장 일원
F0189,2024,대인예술시장,,,500,100000,대인예술시장내
F0189,2025,대인예술시장,,,500,100000,대인시장
F0189,2026,대인예술시장,,,500,,대인시장
F0190,2024,2024 광주스트릿컬처 페스타,,,390,83040,국립아시아문화전당 일원
F0190,2025,2025 광주스트릿컬처페스타,2025-06-05,2025-06-08,350,21000,국립아시아문화전당 일원
F0190,2026,2026 광주스트릿컬처페스타,2026-06-04,2026-06-07,550,,국립아시아문화전당 일원
F0191,2024,제15회 광주비엔날레,,,15100,,광주비엔날레전시관 및 광주 전역
F0191,2026,제16회 광주비엔날레,2026-09-04,2026-11-15,15937,,비엔날레전시관
F0192,2022,2022 광주프린지페스티벌,,,1300,273940,5.18. 민주광장 등 광주 일원
F0192,2023,광주프린지페스티벌,,,1300,276775,5·18민주광장 등 광주시일원
F0192,2026,2026 광주프린지페스티벌,2026-10-23,2026-10-25,500,,5·18민주광장 및 금남로 일대
F0193,2024,제31회 광주김치축제,,,800,68226,광주광역시 일원
F0193,2025,제32회 광주김치축제,,,800,57000,광주광역시 일원
F0193,2026,제33회 광주김치축제,,,600,,광주광역시청(미정)
F0194,2026,2026년 빛고을 사랑나눔 김장대전,2026-11-27,2026-12-13,180,,광주김치타운 다목적체험관
F0195,2026,2026년 금남로 차 없는 거리 '걷자잉',2026-04-04,2026-11-07,255,,전일빌딩 245 ~ 금남로 공원 일대
F0196,2025,라온페스타,,,400,23024,충장로1~3가 일원
F0196,2026,라온페스타,2026-04-04,2026-11-07,2072,,"전일빌딩 245 ~ 금남로 공원 일대, 충장로1~5가 일원"
F0197,2026,국가유산 야행,2026-04-24,2026-04-25,365,,5·18민주광장 일원
F0198,2024,2024 무등산인문축제,,,400,30000,무등산 국립공원 증심사지구 일원
F0198,2025,무등산인문축제,2025-05-31,2025-06-01,339,30000,무등산 증심사지구 일원
F0198,2026,제4회 동구 무등산 인문축제,2026-06-13,2026-06-14,218,,무등산증심사지구 일원
F0199,2022,제19회 추억의 충장축제,,,2400,531933,"충장로, 금남로 일원"
F0199,2023,제20회 광주 추억의 충장축제,,,2100,1192052,"5․18민주광장, 충장로 등"
F0199,2024,제21회 광주 추억의 충장축제,,,2300,458053,"5․18민주광장 및 국립아시아문화전당, 충장로, 금남로, 예술의 거리 등 광주 일원"
F0199,2025,제22회 광주 추억의 충장축제,,,2000,454215,"충장로,금남로 일원"
F0199,2026,제23회 광주 추억의 충장축제,2026-10-07,2026-10-11,1750,,"금남로, 충장로, 518민주광장 등 동구 일원"
F0200,2024,제3회 광주 버스킹 월드컵,,,1000,458053,"5.18민주광장, ACC하늘마당 등"
F0200,2025,제4회 광주 버스킹월드컵,,,700,454215,5·18민주광장 일원
F0200,2026,제5회 광주 버스킹 월드컵,2026-10-07,2026-10-11,200,,"5·18민주광장, ACC 등 동구일원"
F0201,2024,제9회 광주서창억새축제,,,126,107953,영산강변
F0201,2025,제10회 광주서창억새축제,,,378,102336,영산강변
F0201,2026,제11회 광주서창억새축제,2026-10-17,2026-10-25,445,,영산강 극락교 ~ 서창교 일원
F0202,2024,제2회 양동통맥축제,,,310,60000,양동전통시장 일원
F0202,2025,제3회 양동통맥축제,,,120,57714,양동전통시장
F0202,2026,제4회 양동통맥축제,2026-04-16,2026-04-18,120,,"양동전통시장 일원[((구)6번로, 태평교 등]"
F0203,2022,제39회 고싸움놀이축제,,,200,4550,고싸움놀이테마파크
F0203,2023,제40회 고싸움놀이축제,2023-02-03,2023-02-05,185,4550,고싸움놀이테마파크 일원
F0203,2024,제41회 고싸움놀이축제,2024-02-23,2024-02-25,240,7595,고싸움놀이테마파크 일원
F0203,2025,제42회 고싸움놀이축제,2025-02-07,2025-02-09,270,2500,고싸움놀이테마파크 일원
F0203,2026,제43회 고싸움놀이축제,2026-02-28,2026-03-02,245,,고싸움놀이전수교육관 일원
F0204,2024,인문학축제 제13회 굿모닝양림,,,110,20000,양림동 일원
F0204,2025,인문학축제 제14회 굿모닝양림,,,110,20000,양림동 일원
F0204,2026,인문학축제 제15회 굿모닝양림,,,,,양림동 일원
F0205,2023,2023 양림&크리스마스 문화축제,2023-12-01,2023-12-31,150,20100,양림동
F0205,2024,2024 양림&크리스마스 문화축제,2024-12-31,2024-12-31,160,20100,양림동 일원
F0205,2025,2025 양림&크리스마스 문화축제,2025-12-01,2025-12-31,300,21000,양림동 일원
F0205,2026,제11회 양림&크리스마스문화축제,2026-12-01,2026-12-31,,,양림동 일원
F0206,2023,광산뮤직페스티벌(가칭),,,250,70000,송산근린공원
F0206,2024,제2회 광산뮤직ON페스티벌,,,280,65000,황룡친수공원 일원
F0206,2025,제3회 광산뮤직ON페스티벌,,,349,95000,황룡친수공원 일원
F0206,2026,제4회 광산뮤직ON페스티벌,2026-09-19,2026-09-20,402,,황룡친수공원 일원
F0207,2023,2023 대전 0시 축제,2023-08-11,2023-08-17,2900,1090120,대전역~옛 충남도청 등 원도심 일원
F0207,2024,2024 대전 0시 축제,2024-08-09,2024-08-17,3350,2008240,중앙로(대전역~옛 충남도청) 일원 1km구간
F0207,2025,2025 대전 0시 축제,2025-08-08,2025-08-16,4650,2161566,중앙로 일원(옛충남도청~대전역)
F0207,2026,제4회 2026 대전 0시 축제,2026-08-07,2026-08-17,4730,,중앙로(대전역~옛충남도청) 및 원도심 일원
F0208,2022,2022 대전사이언스페스티벌,2022-10-21,2022-10-25,1160,301000,대전컨벤션센터 등
F0208,2023,2023 대전사이언스페스티벌,2023-10-19,2023-10-22,1500,300300,"엑스포시민남문광장, DCC, 원도심 일원 등"
F0208,2024,2024 대전사이언스페스티벌,2024-10-18,2024-10-20,1600,,"대전컨벤션센터, 엑스포시민광장, 엑스포과학공원"
F0208,2026,제29회 대전사이언스페스티벌,2026-04-17,2026-04-19,1450,,대전컨벤션센터(DCC) 일원
F0209,2024,대전 동구동락 축제,,,688,206000,소제동 및 대동천 일원
F0209,2025,2025 대전 동구동락 축제,2025-10-03,2025-10-05,630,209000,소제동 및 대동천 일원
F0209,2026,2026 대전 동구동락 축제,2026-10-09,2026-10-11,646,,소제동 동광장로 및 대동천 일원
F0210,2025,제3회 중앙시장 주말축제 야시장 '동구夜놀자',2025-05-02,2025-10-04,50,15520,중앙시장 화월통
F0210,2026,제4회 중앙시장 주말축제 야시장 동구夜놀자,2026-08-07,2026-10-31,50,,중앙시장 화월통 일원
F0211,2025,달빛 야외도서관,2025-04-25,2025-04-26,40,2700,동구청 중앙광장
F0211,2026,달빛 야외도서관,2026-04-17,2026-04-18,40,,동구청 잔디광장(동구청로 147)
F0212,2026,대청동 마을화합 벚꽃 축제,2026-04-04,2026-04-12,17,,대청호 벚꽃한터 일원(신상동 282)
F0213,2022,제13회 대전효문화뿌리축제,,,800,356031,뿌리공원 및 원도심 일원
F0213,2023,제14회 대전효문화뿌리축제,,,900,359617,뿌리공원 및 원도심 일원
F0213,2024,제15회 대전효문화뿌리축제,,,800,240127,뿌리공원 및 원도심 일원
F0213,2025,제16회 대전효문화뿌리축제,2025-09-26,2025-09-28,1030,238864,뿌리공원
F0213,2026,제17회 대전효문화뿌리축제,,,1076,,뿌리공원 및 원도심 일원
F0214,2026,제2회 대전 중구 미술축제,,,72,,대흥동 문화예술의거리 일원
F0215,2026,대전 중구 국가유산 야행,2026-09-04,2026-09-06,160,,"원도심 일원(대흥동, 선화동)"
F0216,2026,2026년 중구 북페스티벌,,,120,,"원도심 일원(대흥동, 선화동)"
F0217,2022,2022 대전 서구힐링 아트페스티벌,2022-05-27,2022-05-29,826,320000,샘머리 및 보라매공원 일원
F0217,2023,2023 대전 서구힐링 아트페스티벌,,,826,450000,샘머리공원 및 보라매공원 일원
F0217,2024,2024 대전 서구 아트페스티벌,2024-10-11,2024-10-13,826,500000,샘머리공원 및 보라매공원 일원
F0217,2025,2025 대전 서구 아트페스티벌,,,974,420000,샘머리공원 및 보라매공원 일원
F0217,2026,2026 대전 서구 아트페스티벌,,,825,,샘머리공원 및 보라매공원 일원
F0218,2026,0시 축제와 함께하는 갑천썸머뮤직페스티벌(가칭),2026-08-07,2026-08-09,190,,갑천생태호수공원
F0219,2025,제15회 갑천누리길 녹색체험여행,2025-09-26,2025-09-27,22,907,노루벌적십자생태원
F0219,2026,제16회 갑천누리길 녹색체험여행,,,20,,노루벌적십자생태원(대전 서구 흑석동 산 95-1)
F0220,2022,제27회 유성온천문화축제,2022-05-06,2022-05-08,880,150500,온천로 일원
F0220,2023,2023 유성온천문화축제,2023-05-12,2023-05-14,780,460000,온천로일원
F0220,2024,2024 유성온천문화축제,2024-05-10,2024-05-12,580,230000,유성구 온천로 일원
F0220,2025,2025 유성온천문화축제,2025-05-02,2025-05-04,600,250000,유성구 온천로 일원
F0220,2026,2026 유성온천문화축제,2026-05-08,2026-05-10,495,,유성구 유림공원
F0221,2023,2023 유성 재즈&맥주 페스타,2023-08-25,2023-08-26,200,50000,유림공원
F0221,2024,2024 유성재즈&맥주 페스타,2024-08-23,2024-08-25,250,50000,유성구 유림공원
F0221,2025,2025 유성재즈&맥주 페스타,2025-08-29,2025-08-31,250,50000,유성구 유림공원
F0221,2026,2026 유성재즈&맥주 페스타,2026-08-28,2026-08-30,225,,유성구 유림공원
F0222,2023,2023 유성크리스마스축제,2023-12-02,2023-12-03,250,50000,온천로일원
F0222,2024,2024 유성온천 크리스마스축제,,,200,50000,유성구 온천로 일원
F0222,2025,2025 유성온천 크리스마스축제,2025-12-05,2025-12-07,200,50000,유성구 유림공원
F0222,2026,2026 유성온천 크리스마스축제,2026-12-04,2026-12-06,180,,유성구 유림공원
F0223,2025,제16회 유성국화축제,2025-10-17,2025-11-02,628,704156,유림공원 일원
F0223,2026,제17회 유성국화축제,2026-10-17,2026-11-01,614,,"유림공원, 유성천 일원"
F0224,2023,2023 대덕축제(가칭),2023-04-07,2023-05-07,848,630000,대청공원
F0224,2024,2024 대덕물빛축제,2024-03-29,2024-03-29,660,701967,대청공원
F0224,2025,2025 대덕물빛축제,2025-03-28,2025-04-26,670,315072,대청공원 일원
F0224,2026,2026 대덕물빛축제,2026-04-04,2026-04-18,750,,대청공원 일원
F0225,2024,2024 대덕거리 맥주페스티벌,,,248,,미정
F0225,2025,2025 대덕거리 페스티벌,,,263,,골목상권 3개소(미정)
F0225,2026,2026 대덕거리 페스티벌,,,,,골목상권 3개소(미정)
F0226,2024,2024년 제8회 장동계족산 코스모스축제,,,24,15000,대덕구 장동 만남공원 일원
F0226,2025,2025년 제9회 장동계족산 코스모스축제,2025-10-10,2025-10-12,34,5000,장동만남공원일원
F0226,2026,2026년 제10회 장동계족산 코스모스축제,2026-10-03,2026-10-04,36,,장동만남공원일원
F0227,2023,대전빵축제,,,400,,미정
F0227,2025,2025 대전 빵 축제,,,450,168000,미정
F0227,2026,2026 대전 빵축제,,,450,,미정
F0228,2026,2026 아티언스 대전,2026-11-19,2026-11-29,167,,국립중앙과학관
F0229,2026,문화유산 달빛축제,2026-10-17,2026-10-18,90,,우암사적공원 일원
F0230,2024,2024 울산공업축제,2024-10-10,2024-10-13,2100,500000,울산 관내 전역
F0230,2025,2025 울산공업축제,2025-10-16,2025-10-19,2780,726000,울산광역시 전역
F0230,2026,2026 울산공업축제,2026-10-08,2026-10-11,2800,,태화강국가정원 남구둔치 등 울산전역
F0231,2023,울산대공원 장미축제,2023-05-24,2023-05-28,1000,143775,울산대공원 장미원 남문광장
F0231,2024,제16회 울산대공원 장미축제,2024-05-22,2024-05-26,1000,166895,울산대공원 남문일원
F0231,2025,2025 제17회 울산대공원 장미축제,2025-05-21,2025-05-25,1020,157913,울산대공원 장미원 및 남문광장 일원
F0231,2026,2026 제18회 울산대공원 장미축제,2026-05-20,2026-05-24,1320,,울산대공원 장미원 및 남문광장 일원
F0232,2023,제1회 태화강 억새정원 나들이,,,280,35000,태화강 북구 억새군락지
F0232,2024,태화강 억새나들이,2024-10-21,2024-10-22,300,20000,태화강 명촌 억새군락지
F0232,2025,태화강 억새나들이,,,270,20000,태화강 명촌 억새군락지
F0232,2026,태화강 억새나들이,,,270,,태화강 명촌 억새군락지
F0233,2024,정원생태문화축제,,,132,4000,태화강국가정원 야외공연장
F0233,2025,정원생태문화축제,2025-09-27,2025-09-28,154,4000,태화강 버드나무광장
F0233,2026,정원생태문화축제,,,154,,태화강 버드나무광장
F0234,2023,태화강 국가정원 봄꽃축제,2023-05-12,2023-05-14,150,267444,태화강 국가정원
F0234,2024,태화강국가정원 봄꽃축제,2024-05-17,2024-05-19,150,430664,태화강국가정원
F0234,2025,태화강국가정원 봄꽃축제,2025-05-16,2025-05-18,150,340907,태화강국가정원
F0234,2026,2026 태화강국가정원 봄꽃축제,2026-05-15,2026-05-17,150,,태화강국가정원
F0235,2023,태화강 국가정원 가을축제,2023-10-20,2023-10-22,150,210078,태화강 국가정원
F0235,2024,태화강국가정원 가을축제,2024-10-25,2024-10-27,150,218366,태화강국가정원
F0235,2025,태화강국가정원 가을축제,2025-10-24,2025-10-26,150,180886,태화강국가정원
F0235,2026,2026 태화강국가정원 가을축제,2026-10-30,2026-11-01,150,,태화강국가정원
F0236,2026,2026 울산미래정원 페스티벌,,,100,,태화강국가정원
F0237,2025,2025 울산청년주간,2025-09-20,2025-09-21,120,3000,미정
F0237,2026,2026 울산청년주간,,,120,,미정
F0238,2026,울산뮤직페스티벌(舊울산서머페스티벌),,,1000,,태화강 남구 둔치
F0239,2022,울산태화강 대숲납량축제,2022-08-11,2022-08-14,250,38900,태화강 국가정원
F0239,2023,울산태화강 대숲납량축제,2023-08-11,2023-08-14,250,38900,태화강 국가정원
F0239,2024,울산태화강 대숲납량축제,2024-08-11,2024-08-14,230,20000,태화강 국가정원
F0239,2025,울산태화강 대숲납량축제,2025-08-14,2025-08-17,250,180000,태화강 국가정원
F0239,2026,울산태화강 대숲납량축제,2026-08-15,2026-08-17,250,,태화강 국가정원
F0240,2025,울산아시아퍼시픽뮤직미팅(울산 에이팜),,,340,15000,"미정, 공업축제 연계진행"
F0240,2026,울산아시아퍼시픽뮤직미팅(울산 에이팜),,,340,,미정
F0241,2026,2026 울산 미식대향연,2026-10-23,2026-10-24,140,,태화강국가정원 남구 4둔치
F0242,2023,태화강마두희축제,2023-06-23,2023-06-25,620,220241,중구 원도심 일원
F0242,2024,태화강마두희축제,,,650,305901,중구 원도심 일원
F0242,2025,태화강마두희축제,2025-05-30,2025-06-01,780,293000,성남동 및 태화강변
F0242,2026,태화강마두희축제,2026-06-19,2026-06-21,830,,성남동 및 태화강변
F0243,2024,태화강국제재즈음악제,,,150,25000,태화강 국가정원 야외공연장
F0243,2025,태화강국제재즈음악제,,,150,25000,태화강 국가정원 야외공연장
F0243,2026,태화강국제재즈음악제,,,200,,태화강국가정원 야외공연장
F0244,2026,제20회 성남동 눈꽃축제,2026-12-24,2026-12-27,175,,성남동 원도심 일원
F0245,2026,워터버블페스티벌,2026-08-14,2026-08-15,30,,젊음의거리 일원
F0246,2026,2026 성남동 커피페스티벌,2026-10-30,2026-11-01,70,,중구 성남동 문화의 거리 일원
F0247,2022,제26회 울산고래축제,2022-04-28,2022-04-28,1250,300000,장생포일원
F0247,2023,제27회 울산고래축제,2023-05-11,2023-05-14,1250,300000,장생포고래문화특구 일원
F0247,2024,제28회 울산고래축제,2024-09-26,2024-09-29,1700,300000,장생포고래문화특구 일원
F0247,2025,울산고래축제,2025-09-25,2025-09-28,1700,320000,장생포고래문화특구 일원
F0247,2026,울산고래축제,,,1700,,장생포고래문화특구 일원
F0248,2023,장생포 한여름 밤의 호러페스티벌,,,220,11500,고래문화마을 일원
F0248,2024,장생포 한여름 밤의 호러페스티벌,,,220,11500,고래문화마을 일원
F0248,2025,장생포 한여름 밤의 호러페스티벌,,,220,12000,고래문화마을 일원
F0248,2026,장생포 한여름 밤의 호러페스티벌,,,220,,고래문화마을 일원
F0249,2022,장생포 수국 페스티벌,,,80,20000,고래문화마을 수국정원
F0249,2023,장생포 수국페스티벌,,,100,65000,고래문화마을 일원
F0249,2024,장생포 수국페스티벌,,,200,580000,고래문화마을 일원
F0249,2025,장생포 수국페스티벌,2025-06-05,2025-06-30,200,400000,고래문화마을 일원
F0249,2026,제5회 장생포 수국 페스티벌,2026-06-12,2026-06-28,220,,고래문화마을 일원
F0250,2022,궁거랑 벚꽃 한마당,2022-02-15,2022-02-15,170,,무거생태하천일원
F0250,2023,궁거랑 벚꽃 한마당,2023-03-31,2023-03-31,170,20000,무거생태하천일원
F0250,2024,궁거랑 벚꽃 한마당,,,210,80000,무거생태하천일원
F0250,2025,궁거랑 벚꽃 한마당,2025-03-29,2025-03-30,210,50000,무거생태하천
F0250,2026,궁거랑 벚꽃 한마당,2026-03-27,2026-03-28,220,,무거천 일원
F0251,2026,제2회 MOONLIGT FESTIVAL,,,270,,태화강 남구 둔치
F0252,2022,남구강변영화제,,,150,2500,태화강둔치
F0252,2023,남구강변영화제,,,150,10000,태화강둔치
F0252,2024,남구강변영화제,,,158,8000,태화강둔치
F0252,2025,강변영화제,2025-09-05,2025-09-06,150,10000,태화강 제1둔치
F0252,2026,제12회 강변영화제,,,150,,태화강 남구 둔치
F0253,2022,2022년 울산조선해양축제,,,500,193000,일산해수욕장 일원
F0253,2023,2023 울산조선해양축제,2023-07-21,2023-07-23,500,150500,일산해수욕장 일원
F0253,2024,제16회 울산조선해양축제,2024-07-19,2024-07-21,600,185000,일산해수욕장
F0253,2025,제17회 울산조선해양축제,2025-07-18,2025-07-20,600,131000,일산해수욕장 일원
F0253,2026,제18회 울산조선해양축제,2026-07-17,2026-07-19,650,,일산해수욕장 일원
F0254,2022,제18회 울산쇠부리축제,2022-05-13,2022-05-15,600,10005,달천철장
F0254,2023,제19회 울산쇠부리축제,2023-05-12,2023-05-14,600,123948,달천철장
F0254,2024,제20회 울산쇠부리축제,2024-05-10,2024-05-12,700,261314,"달천철장, 북구청"
F0254,2025,제21회 울산쇠부리축제,2025-05-09,2025-05-11,600,164632,북구 일원
F0254,2026,제22회 쇠부리축제,2026-05-08,2026-05-10,550,,"달천철장, 북구청 광장"
F0255,2024,언양 한우불고기 축제,,,310,,미정
F0255,2026,언양 한우불고기 축제,2026-10-02,2026-10-05,310,,미정
F0256,2024,울산배축제,,,120,5000,울산원예농협 하나로마트 일원
F0256,2025,울산배축제,2025-10-17,2025-10-19,120,4000,울산원예농협 하나로마트 일원
F0256,2026,울산 배 축제,,,226,,울산원예농협 본점 일원
F0257,2024,울주해양레포츠 대축전,2024-08-24,2024-08-25,275,6500,진하해수욕장
F0257,2025,울주해양레포츠 대축전,,,470,65000,진하해수욕장
F0257,2026,울주해양레포츠 대축전,,,495,,진하해수욕장
F0258,2023,간절곶해맞이축제,2023-12-31,2023-12-31,480,150000,간절곶 일원
F0258,2024,간절곶해맞이축제,2024-12-31,2024-12-25,720,80000,서생 간절곶 일원
F0258,2025,간절곶해맞이축제,2025-12-31,2026-01-01,820,40000,서생면 간절곶 일원
F0258,2026,간절곶해맞이축제,2026-12-31,2027-01-01,920,,서생면 간절곶 일원
F0259,2023,울산울주세계산악영화제,2023-10-20,2023-10-29,2900,44942,상북면 복합웰컴센처 일원
F0259,2024,2024년 울산울주세계산악영화제,,,2900,130000,영남알프스 복합웰컴센터 일원
F0259,2025,제10회 울산울주세계산악영화제,2025-09-26,2025-09-30,2900,71835,상북면 복합웰컴센터 일원
F0259,2026,울산울주세계산악영화제,2026-09-18,2026-09-22,2900,,상북면 복합웰컴센터 일원
F0260,2022,울산옹기축제,,,880,82000,외고산옹기마을일대
F0260,2023,2023년 울산옹기축제,,,880,209000,외고산 옹기마을 일원
F0260,2024,제24회 울산옹기축제,,,1076,130000,외고산 옹기마을 일원
F0260,2025,제25회 울산옹기축제,2025-05-03,2025-05-05,1082,160000,외고산 옹기마을 일원
F0260,2026,제26회 울산옹기축제,2026-05-01,2026-05-03,1140,,외고산 옹기마을 일원
F0261,2023,제16회 세종전의조경수묘목축제,,,,1000,"세종전의묘목플랫폼, 세종중앙공원"
F0261,2024,제17회 세종전의조경수묘목축제,2024-05-31,2024-05-31,65,5000,세종전의묘목플랫폼
F0261,2025,전의조경수묘목축제,,,50,5000,전의묘목플랫폼 일원
F0261,2026,2026년 세종전의 조경수 묘목축제,2026-03-20,2026-03-22,50,,전의면 묘목플랫폼 일원
F0262,2023,조치원봄꽃축제,,,110,15000,조치원읍일원
F0262,2024,2024 조치원 봄꽃축제,2024-05-11,2024-05-12,90,,조치원읍 일원
F0262,2025,2025년 조치원 봄꽃축제,2025-04-05,2025-04-06,110,,조치원읍 일원
F0262,2026,2026년 조치원 봄꽃축제,2026-04-05,2026-04-06,120,,조치원읍 일원
F0263,2026,한글 책 사랑 축제(가칭),2026-05-15,2026-05-16,110,,세종중앙공원
F0264,2022,제20회 세종조치원복숭아축제,2022-08-05,2022-08-07,300,12600,도도리파크(예정)
F0264,2023,제21회 세종조치원복숭아축제,,,700,5300,조치원읍 일대
F0264,2024,제22회 세종조치원복숭아축제,,,390,80000,조치원읍 일원
F0264,2025,제23회 세종조치원 복숭아 축제,,,490,107000,시민운동장일원
F0264,2026,제24회 세종 조치원복숭아 축제,2026-07-31,2026-08-02,415,,세종시민운동장 일원(조치원읍)
F0265,2026,2026 세종한글축제,2026-10-09,2026-10-11,865,,세좋호수공원 일원
F0266,2026,2026 세종보헤미안뮤직페스티벌,2026-10-30,2026-11-01,350,,세종중앙공원 도시축제마당
F0267,2025,제 26회 장군산 구절초꽃 축제,2025-10-11,2025-10-18,50,50000,영평사 및 장군산 일원
F0267,2026,장군산 구절초 꽃 축제,,,63,,영평사 일원
F0268,2022,수원연극축제,2022-05-20,2022-05-22,511,,경기상상캠퍼스 탑동시민농장
F0268,2026,2026 수원연극축제,2026-05-16,2026-05-17,520,,경기상상캠퍼스
F0269,2025,2025 수원 국가유산 야행,2025-05-30,2025-06-01,440,105231,"화홍문, 방화수류정 일원"
F0269,2026,2026 수원 국가유산 야행,2026-08-14,2026-08-16,420,,"화홍문, 방화수류정 일원"
F0270,2022,수원재즈페스티벌,2022-09-09,2022-09-10,153,,광교호수공원 재미난밭
F0270,2025,2025 수원재즈페스티벌,2025-09-19,2025-09-20,230,20000,광교호수공원 재미난밭
F0270,2026,2026 수원재즈페스티벌,2026-09-19,2026-09-20,230,,광교호수공원 일원
F0271,2022,제58회 수원화성문화제,,,1560,194335,수원화성
F0271,2023,제60회 수원화성문화제,2023-10-07,2023-10-09,1560,201011,수원화성
F0271,2024,제61회 수원화성문화제,2024-10-04,2024-10-06,1572,246537,수원화성
F0271,2025,제62회 수원화성문화제,2025-09-27,2025-10-04,2239,709154,수원화성
F0271,2026,제63회 수원화성문화제,2026-10-04,2026-10-11,2443,,수원화성 일원
F0272,2022,수원화성 미디어아트쇼,2022-09-03,2022-10-02,2000,410970,수원화성
F0272,2023,수원화성 미디어아트쇼,2023-09-16,2023-10-15,1740,485957,수원화성
F0272,2024,수원화성 미디어아트,2024-09-28,2024-10-20,1600,,수원화성
F0272,2026,2026 수원화성 미디어아트,2026-10-03,2026-10-18,1200,,수원화성 일원
F0273,2025,2025 만석거 새빛 축제,2025-04-04,2025-04-13,80,30000,만석거 일원
F0273,2026,2026 만석거 새빛축제,2026-04-03,2026-04-12,150,,만석거 일원
F0274,2022,제22회 용인사이버과학축제,,,20,3000,시청 광장
F0274,2023,제23회 용인사이버과학축제,2023-10-14,2023-10-15,200,40000,용인시청 광장
F0274,2024,제24회 용인사이버과학축제,2024-09-28,2024-09-29,200,45000,용인미르스타디움
F0274,2025,제25회 용인사이버과학축제,,,200,45000,용인미르스타디움
F0274,2026,제26회 용인사이버과학축제,,,220,,용인미르스타디움
F0275,2026,제2회 김량장 페스티벌,2026-09-12,2026-09-13,50,,용인중앙시장 일원
F0276,2025,조아용 캐릭터 축제(가칭),2025-09-27,2025-09-28,60,45000,용인시청 광장(예정)
F0276,2026,대한민국 조아용 캐릭터 축제,2026-10-03,2026-10-04,260,,미르스타디움(예정)
F0277,2023,포은문화제,2023-10-13,2023-10-15,200,20000,포은 묘역 및 포은아트홀 일원
F0277,2024,제19회 포은문화제,,,140.7,20000,포은 정몽주선생 묘역
F0277,2025,제21회 포은문화제,2025-10-18,2025-10-19,130,10000,포은 정몽주선생 묘역
F0277,2026,제22회 포은문화제,2026-10-10,2026-10-11,130,,모현읍 포은 정몽주선생 묘역
F0278,2022,제8회 백암백중문화제,2022-08-26,2022-08-28,90,550,백암전통시장
F0278,2023,제9회 백암 백중문화제,,,40,550,백암면 전통시장
F0278,2024,제10회 백암 백중문화제,2024-08-24,2024-08-25,40,500,백암면 전통시장
F0278,2025,제10회 백암백중문화제,2025-09-06,2025-09-07,60,10000,백암면 전통시장
F0278,2026,제11회 백암 백중문화제,2026-08-29,2026-08-30,60,,백암면 행정복지센터 일원
F0279,2026,도농어울림행사,,,170,,용인농촌테마파크
F0280,2023,제3회 행주가 예술이야,2023-04-28,2023-05-14,195,47051,행주산성
F0280,2024,제4회 행주가 예술이야,2024-09-27,2024-10-13,206,54548,행주산성
F0280,2025,2025 행주가예술이야,2025-04-11,2025-04-27,270,43846,행주산성
F0280,2026,2026 행주가 예술이야,2026-10-09,2026-10-18,270,,행주산성
F0281,2022,제12회 화성뱃놀이축제,,,1350,90000,전곡항 및 제부도
F0281,2023,제13회 화성뱃놀이축제,2023-06-09,2023-06-11,1650,211768,전곡항 및 제부도
F0281,2024,제14회 화성뱃놀이 축제,2024-05-31,2024-06-02,1522,236762,전곡항 일원
F0281,2025,제15회 화성뱃놀이축제,2025-05-30,2025-06-02,1444,271520,전곡항 일원
F0281,2026,제16회 화성 뱃놀이 축제,2026-05-22,2026-05-25,1680,,전곡항 일원
F0282,2024,2024 성남페스티벌,2024-10-03,2024-10-06,1700,273844,성남 일원
F0282,2025,2025 성남페스티벌,,,1521,216121,성남일원
F0282,2026,2026 성남페스티벌,,,1521,,성남일원
F0283,2023,제9회 복정 어울림 빛 축제,,,110,1000,복정동 분수광장 일대
F0283,2024,제10회 복정 어울림 빛 축제,,,88,1000,복정동 분수광장 일대
F0283,2025,제11회 복정동 어울림 빛 축제,2025-12-07,2026-01-12,120,,복정동 분수광장
F0283,2026,제12회 복정 어울림 빛 축제,2026-12-01,2027-01-15,120,,복정동 분수광장
F0284,2022,제25회 부천국제만화축제,2022-09-22,2022-09-25,570,110212,"부천시청, 한국만화박물관 등"
F0284,2023,제26회 부천국제만화축제,2023-09-21,2023-09-24,680,137713,"부천시청, 한국만화박물관 등"
F0284,2024,제27회 부천국제만화축제,2024-10-03,2024-10-06,490,138930,"부천시청, 한국만화박물관 등"
F0284,2025,제28회 부천국제만화축제,2025-09-25,2025-09-28,600,100109,한국만화박물관 일원
F0284,2026,제29회 부천국제만화축제,2026-09-18,2026-09-20,300,,한국만화박물관 일원
F0285,2022,제6회 국제코스프레 페스티벌,2022-09-22,2022-09-25,200,110212,"부천시청, 한국만화박물관 등"
F0285,2023,제7회 국제코스프레 페스티벌,2023-09-21,2023-09-24,300,137713,"부천시청, 한국만화박물관 등"
F0285,2024,제8회 국제코스프레 페스티벌,2024-10-03,2024-10-06,270,138930,"부천시청, 한국만화박물관 등"
F0285,2025,제9회 경기국제코스프레페스티벌,2025-09-25,2025-09-28,229,100109,한국만화박물관 일원
F0285,2026,제10회 경기국제코스프레페스티벌,2026-09-18,2026-09-20,244,,한국만화박물관 일원
F0286,2024,제28회 부천국제판타스틱영화제,2024-07-04,2024-07-14,5240,141075,"부천시청, 부천아트센터 등"
F0286,2025,제29회 부천국제판타스틱영화제,2025-07-03,2025-07-13,5019,128479,부천시청 등 부천시 일대
F0286,2026,제30회 부천국제판타스틱영화제,2026-07-02,2026-07-12,5843,,부천아트센터 등 부천시 권역
F0287,2022,제24회 부천국제애니메이션페스티벌,2022-10-21,2022-10-25,1100,15604,"부천시청, CGV부천 등"
F0287,2023,제25회 부천국제애니메이션페스티벌,2023-10-20,2023-10-24,2050,16150,"부천시청, CGV부천 등"
F0287,2024,제26회 부천국제애니메이션페스티벌,2024-10-25,2024-10-29,1844,18402,"부천시청, 한국만화박물관 등"
F0287,2025,제27회 부천국제애니메이션페스티벌,2025-10-24,2025-10-28,1515,10926,"부천시청, 한국만화박물관 등"
F0287,2026,제28회 국제애니메이션페스티벌,2026-10-23,2026-10-27,1395,,한국만화박물관 등
F0288,2025,부천 페스타(B-festa)-봄꽃여행,2025-03-29,2025-04-06,90,33289,부천종합운동장 일대
F0288,2026,2026년 부천페스타(B-festa)-봄꽃여행,2026-03-28,2026-04-02,90,,부천종합운동장
F0289,2024,제39회 복사골예술제,2024-05-03,2024-05-05,175,19000,"시청 잔디광장, 중앙공원 등"
F0289,2025,제40회 복사골예술제,2025-05-02,2025-05-05,220,45000,부천시청 잔디광장 등
F0289,2026,제41회 부천복사골예술제,2026-05-02,2026-05-05,243,,시청 잔디광장 등 6개소
F0290,2026,(영화제 연계) 위조이 치맥 축제,2026-07-03,2026-07-04,50,,시청 잔디광장
F0291,2024,제3회 부천건축문화제,,,50,,삼정동 일원
F0291,2026,제5회 부천건축문화제,2026-10-22,2026-10-25,,,한국만화박물관(예정)
F0292,2025,부천 원미산 진달래 축제,2025-03-29,2025-03-30,3540,18146,원미산진달래동산
F0292,2026,제26회 부천 원미산 진달래축제,2026-04-04,2026-04-05,65,,원미산 진달래동산
F0293,2024,제26회 부천 도당산 벚꽃축제,2024-03-30,2024-03-31,23.4,57900,도당동(도당산 벚꽃동산) 일원
F0293,2025,제27회 부천 도당산 벚꽃축제,2025-04-12,2025-04-13,23,9150,도당동 산 65-8 일원
F0293,2026,제28회 도당산 벚꽃축제,,,27,,도당산 일원
F0294,2022,제36회 정약용문화제,,,570,14621,"정약용유적지, 다산생태공원 일원"
F0294,2023,제37회 정약용문화제,2023-10-14,2023-10-15,370,15539,"정약용유적지, 다산생태공원 일원"
F0294,2024,제38회 다산정약용문화제,2024-10-11,2024-10-12,350,15000,남양주시 조안면 정약용유적지 일원
F0294,2025,제39회 정약용문화제,2025-10-18,2025-10-19,310,18000,정약용유적지
F0294,2026,제40회 다산정약용문화제,2026-10-17,2026-10-18,310,,정약용유적지 및 다산생태공원
F0295,2023,제18회 광릉숲축제,,,150,30000,광릉숲 일원
F0295,2024,제19회 광릉숲축제,2024-09-28,2024-09-29,150,40000,남양주시 진접읍 광릉숲 일원
F0295,2025,제20회 광릉숲축제,2025-09-27,2025-09-28,200,35000,광릉숲
F0295,2026,제21회 광릉숲축제,2026-10-24,2026-10-25,200,,광릉숲
F0296,2026,빛의 속삭임과 함께하는 물맑음수목원 반딧불이 체험,,,30,,물맑음수목원 일원
F0297,2022,제18회 안산국제거리극축제,2022-05-05,2022-05-07,530,228442,안산문화광장
F0297,2023,제19회 안산국제거리극축제,2023-05-05,2023-05-07,1070,349943,안산문화광장
F0297,2024,제20회 안산국제거리극축제,2024-05-04,2024-05-06,1327,345104,안산문화광장 및 안산호수공원
F0297,2025,제21회 안산국제거리극축제,2025-05-03,2025-05-05,1110,537900,안산문화광장
F0297,2026,제22회 안산국제거리극축제,2026-05-01,2026-05-03,1000,,안산문화광장
F0298,2023,제26회 성호문화제,,,50,1500,성호공원
F0298,2024,제27회 성호문화제,2024-05-25,2024-05-26,50,6980,성호공원 일원
F0298,2025,제28회 성호문화제,2025-05-31,2025-06-01,50,7000,성호공원 및 이익선생묘 일원
F0298,2026,제29회 성호문화제,2026-05-30,2026-05-31,60,,성호공원 및 이익선생묘 일원
F0299,2024,제38회 별망성예술제,2024-09-07,2024-09-08,132,100000,안산선부광장
F0299,2025,제39회 별망성예술제,2025-09-20,2025-09-21,125,20000,안산선부광장
F0299,2026,제40회 별망성예술제,2026-09-12,2026-09-13,143,,안산선부광장
F0300,2023,제4회 안산 김홍도 축제,2023-10-13,2023-10-15,300,152037,화랑유원지
F0300,2024,제5회 김홍도 축제,2024-10-04,2024-10-06,300,,화랑유원지 일원
F0300,2026,제7회 김홍도축제,2026-10-23,2026-10-25,290,,화랑유원지
F0301,2024,2024년 안산대부포도축제,,,120,23000,대부바다향기테마파크
F0301,2025,2025년 안산 대부포도축제,2025-09-19,2025-09-21,120,24000,대부바다향기테마파크
F0301,2026,2026년 안산 대부포도축제,2026-09-19,2026-09-20,135,,대부바다향기테마파크
F0302,2022,제29회 음식문화축제,,,150,,(미정)
F0302,2026,제4회 음식문화제,2026-10-23,2026-10-24,40,,화랑유원지 일원
F0303,2025,2025 안산사이언스밸리(ASV)과학축제,,,240,60000,한양대학교ERICA 민주광장 일대
F0303,2026,2026 안산사이언스밸리(ASV)과학축제,,,240,,한양대학교ERICA 민주광장 일대
F0304,2022,안양충훈벚꽃축제,,,70,0,석수3동 충훈2교 일대
F0304,2023,안양충훈벚꽃축제,,,70,30000,석수3동 충훈2교 일대
F0304,2024,안양충훈벚꽃축제,,,70,30000,석수3동 충훈2교 일대
F0304,2025,2025 안양충훈벚꽃축제,2025-04-05,2025-04-06,70,25000,충훈동 충훈2교 및 벚꽃길 일대
F0304,2026,2026 안양충훈벚꽃축제,2026-04-11,2026-04-12,70,,충훈벚꽃길 일대(충훈2교 및 석수로)
F0305,2023,제32회 안양예술제,,,0,1000,평촌중앙공원
F0305,2024,제33회 안양예술제,,,91,1500,평촌중앙공원
F0305,2025,제34회 안양예술제,2025-05-02,2025-05-03,101,1000,평촌중앙공원
F0305,2026,제35회 안양예술제,2026-06-05,2026-06-06,92,,평촌중앙공원
F0306,2026,2026 안양건축문화제,,,166,,김중업건축박물관
F0307,2025,제22회 안양스마T움축제,2025-05-31,2025-06-01,260,41000,안양체육관
F0307,2026,제23회 안양스마T움축제,2026-09-12,2026-09-13,260,,안양체육관 일원
F0308,2026,안양 음식문화축제,2026-09-18,2026-09-20,64,,평촌중앙공원 다목적 운동장
F0309,2025,2025 안양춤축제,2025-09-26,2025-09-28,600,142088,평촌중앙공원 삼덕공원
F0309,2026,2026 안양춤축제,2026-09-18,2026-09-20,600,,"평촌중앙공원, 삼덕공원"
F0310,2023,안양1번가 넘버원 페스티벌,,,150,9341,안양1번가 일원
F0310,2024,안양1번가 넘버원 페스티벌,,,135,7516,안양1번가 일원
F0310,2025,안양1번가 넘버원 페스티벌,2025-10-17,2025-10-18,100,8310,안양1번가 일원
F0310,2026,안양1번가 넘버원 페스티벌,2026-10-16,2026-10-17,100,,안양1번가 일원
F0311,2023,제30회 물왕예술제,2023-05-12,2023-05-14,250,11000,"물왕산현공원, 배곧생명공원, 대야 비둘기공원"
F0311,2024,제31회 물왕예술제,2024-05-10,2024-05-12,200,11000,"대야 비둘기공원, 목감 산현공원"
F0311,2025,제32회 물왕예술제,2025-05-09,2025-05-11,225,9000,"비둘기공원, 산현공원"
F0311,2026,제33회 물왕예술제,2026-06-05,2026-06-07,140,,"목감 산현공원, 배곧 생명공원"
F0312,2026,거북섬 써머비트 페스티벌,,,160,,거북섬 일원
F0313,2022,제17회 시흥갯골축제,,,800,151173,"공원, 온라인"
F0313,2023,제18회 시흥갯골축제,,,845,152342,시흥갯골생태공원
F0313,2024,제19회 시흥갯골축제,,,1000,145000,시흥갯골생태공원
F0313,2025,제20회 시흥갯골축제,2025-09-26,2025-09-28,800,30778,시흥갯골생태공원
F0313,2026,제21회 시흥갯골축제,2026-09-18,2026-09-20,580,,시흥갯골생태공원
F0314,2023,연성문화제,,,900,3000,연꽃테마파크 일원
F0314,2024,연성문화제,,,90,3000,연꽃테마파크일원
F0314,2025,연성문화제,2025-10-18,2025-10-19,80,3000,연꽃테마파크
F0314,2026,연성문화제,,,70,,연꽃테마파크
F0315,2025,제17회 평생학습축제,2025-10-24,2025-10-26,30,5000,ABC행복학습타운
F0315,2026,제18회 평생학습축제,2026-10-23,2026-10-24,60,,ABC행복학습타운
F0316,2023,파주출판도시 어린이책잔치,2023-05-05,2023-05-07,294,40000,파주출판도시
F0316,2024,파주출판도시 어린이책잔치,2024-05-04,2024-05-06,64.1,37500,파주출판도시
F0316,2025,파주출판도시 어린이책잔치,2025-05-03,2025-05-05,64.1,37000,파주출판도시 일원
F0316,2026,파주출판도시 어린이 책잔치,2026-05-02,2026-05-05,67.4,,파주출판도시 일원
F0317,2025,파주포크페스티벌,2025-09-19,2025-09-20,290,17000,임진각 평화누리 공원
F0317,2026,2026 파주포크페스티벌,2026-09-04,2026-09-05,290,,임진각 평화누리공원 일원
F0318,2025,DMZ국제다큐멘터리영화제,2025-09-11,2025-09-17,3594,25000,고양시 및 파주 임진각평화누리
F0318,2026,DMA국제다큐멘터리영화제,2026-09-10,2026-09-16,3624,,임진각 평화누리 공연장
F0319,2025,운정호수공원 불꽃축제,2025-11-01,2025-11-01,430,97849,운정호수공원
F0319,2026,제8회 운정호수공원 불꽃축제,2026-10-01,2026-12-31,505,,운정호수공원 일대
F0320,2024,헤이리 판 페스티벌,2024-10-13,2024-10-13,127.5,135700,헤이리 예술마을
F0320,2025,헤이리 판 페스티벌,2025-09-26,2025-09-28,315,36000,헤이리 문화지구 일대
F0320,2026,2026 헤이리 판 페스티벌,2026-10-02,2026-10-05,128,,헤이리 예술마을
F0321,2025,파주페어_북앤컬처,2025-10-03,2025-10-05,1187.8,50000,아시아출판문화정보센터
F0321,2026,파주 페어 북앤컬처,2026-10-09,2026-10-11,1085.8,,파주출판도시 일원
F0322,2022,율곡문화제,,,200,8000,율곡이이 유적지
F0322,2023,제33회 율곡문화제,,,200,4100,율곡이이유적지
F0322,2024,제34회 율곡문화제,2024-10-12,2024-10-13,180,2500,파주이이유적지
F0322,2025,율곡문화제,2025-10-11,2025-10-12,250,2000,파주이이유적
F0322,2026,제36회 율곡문화제,2026-10-10,2026-10-11,250,,자운서원
F0323,2026,제18회 문산거리축제,2026-09-19,2026-09-20,36,,문산천 노을길
F0324,2026,금촌거리문화 축제,2026-09-19,2026-09-20,40.5,,금촌통일시장
F0325,2022,파주개성인삼축제,2022-10-15,2022-10-16,490,112000,임진각 광장
F0325,2023,파주개성인삼축제,2023-10-21,2023-10-22,250,104071,임진각광장
F0325,2024,제19회 파주개성인삼축제,2024-10-19,2024-10-20,550,85981,임진각광장
F0325,2025,제20회 파주개성인삼축제,2025-10-18,2025-10-19,550,86557,임진각광장
F0325,2026,제21회 파주개성인삼축제,2026-10-17,2026-10-18,600,,임진각광장
F0326,2022,파주장단콩축제,2022-11-25,2022-11-27,684,187000,임진각 광장
F0326,2023,파주장단콩축제,2023-11-24,2023-11-26,684,205515,임진각광장
F0326,2024,제28회 파주장단콩축제,2024-11-22,2024-11-24,684,208603,임진각광장
F0326,2025,제29회 파주장단콩축제,2025-11-21,2025-11-23,684,244982,임진각광장
F0326,2026,제30회 파주장단콩축제,2026-11-27,2026-11-29,734,,임진각광장
F0327,2026,법원읍 달달한 희망 빛 축제,2026-09-18,2026-09-19,14.3,,법원읍 대능리 225
F0328,2025,김포 벚꽃축제,2025-04-05,2025-04-06,30,70000,"김포 계양천(김포본동, 사우동일원)"
F0328,2026,김포 벚꽃축제,2026-04-11,2026-04-12,30,,김포 계양천(김포본동-사우동 구간) 일원
F0329,2022,제6회 김포 아라마린 페스티벌,,,300,51878,김포 아라마리나
F0329,2023,2023 김포 아라마린 페스티벌,,,350,51130,김포 아라마리나
F0329,2024,2024 김포 아라마린 페스티벌,,,372,95250,김포 아라마리나
F0329,2025,김포 아라마린페스티벌,2025-05-31,2025-06-01,382,132569,김포 아라마리나(고촌)
F0329,2026,김포 아라마린페스티벌,2026-06-19,2026-06-21,382,,김포 아라마리나 일원
F0330,2022,제21회 의정부음악극축제,2022-05-03,2022-05-14,860,61038,시청앞광장
F0330,2023,제22회 의정부 음악극 축제,2023-06-01,2023-06-10,820,,"의정부예술의전당, 의정부아트캠프, 의정부시 일원"
F0330,2025,(예정)제24회 의정부음악극축제,,,100,21500,(예정)의정부예술의전당
F0330,2026,제25회 의정부음악극축제,2026-05-09,2026-05-17,400,,시청앞 광장
F0331,2026,제8회 BMF,2026-09-04,2026-09-05,450,,시청앞 광장
F0332,2022,회룡문화제,2022-10-07,2022-10-09,225,2000,의정부시 일원
F0332,2023,제38회 회룡문화제,2023-09-22,2023-09-24,225,,의정부시 일원
F0332,2025,제40회 회룡문화제,2025-09-27,2025-09-28,150,5000,의정부시 일원
F0332,2026,제41회 회룡문화제,,,100,,의정부시 일원(미정)
F0333,2025,제3회 문화도시 정책페스타,,,250,25000,(예정)의정부예술의전당
F0333,2026,제4회 문화도시 정책페스타,,,340,,의정무예술의전당(예정)
F0334,2026,제4회 가능야식해,2026-09-10,2026-09-11,33,,가능역 일원
F0335,2025,제4회 민락맥주축제,2025-08-29,2025-08-30,40,11000,민락2지구 로데오거리 일원
F0335,2026,제5회 민락맥주축제,2026-09-18,2026-09-19,49.5,,민락2지구 로데오광장 일원
F0336,2025,제18회 의정부 부대찌개 축제,2025-10-18,2025-10-19,30,4500,부대찌개거리 일원
F0336,2026,제19회 의정부부대찌개축제,2026-10-31,2026-11-01,38.5,,의정부 부대찌개거리 일원
F0337,2022,제27회 광주남한산성문화제,2022-09-16,2022-09-18,570,,남한산성도립공원
F0337,2024,제29회 남한산성문화제,,,570,69202,남한산성도립공원
F0337,2025,제30회 광주시 남한산성문화제,,,540,83834,남한산성도립공원 일원
F0337,2026,제31회 광주시 남한산성문화제,,,600,,남한산성도립공원 일원
F0338,2025,제28회 광주왕실도자페스티벌,2025-04-25,2025-05-06,725,228291,곤지암도자공원 일원
F0338,2026,제29회 광주왕실도자페스티벌,,,725,,곤지암도자공원 일원
F0339,2022,제20회 퇴촌토마토축제,2022-06-17,2022-06-19,200,,퇴촌공설운동장
F0339,2024,제22회 퇴촌토마토축제,2024-06-14,2024-06-16,330,300000,광동로 일원(회전교차로↔온누리약국 사거리)
F0339,2025,제23회 퇴촌토마토축제,2025-06-20,2025-06-22,330,300000,퇴촌면 광동로 일원
F0339,2026,제24회 퇴촌토마토거리축제,2026-06-19,2026-06-21,350,,퇴촌면 광동로 일원
F0340,2022,하남이성산성문화축제,,,200,,(미정)
F0340,2024,하남이성산성문화제,2024-09-28,2024-09-29,200,5000,하남이성산성
F0340,2025,2025 하남이성산성문화제,2025-09-27,2025-09-30,215,16500,하남이성산성 일원
F0340,2026,2026 하남이성산성문화제,2026-09-19,2026-09-20,200,,하남이성산성 일원
F0341,2022,양주 회암사지 왕실축제,,,295,37500,회암사지 일원
F0341,2023,양주 회암사지 왕실축제,,,400,15000,회암사지 일원
F0341,2024,2024 양주 회암사지 왕실축제,2024-05-10,2024-05-12,400,65822,회암사지 일원
F0341,2025,제8회 양주 회암사지 왕실축제,2025-05-30,2025-06-01,472,96064,양주 회암사지
F0341,2026,제9회 양주 회암사지 왕실축제,2026-04-17,2026-04-19,501,,회암사지
F0342,2025,양주국가유산 야행,2025-09-19,2025-09-21,410,100000,양주관아지
F0342,2026,양주국가유산 야행,2026-09-11,2026-09-20,493,,양주 관아지 일원
F0343,2022,양주 천만송이 천일홍 축제,,,578,,양주나리농원 일원
F0343,2024,2024 양주 천만송이 천일홍축제,2024-09-28,2024-09-29,299,150000,나리농원 일원
F0343,2025,제7회 양주 천만송이 천일홍 축제,2025-09-26,2025-09-28,450,150000,양주 나리농원
F0343,2026,제8회 양주 천만송이 천일홍 축제,,,630,,양주나리농원 및 고읍시가지 일원
F0344,2026,2026 경기ㆍ양주ㆍ지작사 드론봇 페스티벌,2026-10-31,2026-11-02,384,,광적면 가납리ㆍ석우리 일원(가납리비행장 내)
F0345,2023,페스티벌 광명,,,290,60000,(미정)
F0345,2024,2024 페스티벌 광명,,,440,60000,광명시민운동장
F0345,2025,2025 페스티벌 광명,,,445,51260,철산역 8차선
F0345,2026,페스티벌 광명,2026-10-03,2026-10-04,500,,철산 상업지구 일대
F0346,2024,광명동굴 빛 축제,,,150,13088,광명동굴
F0346,2025,광명동굴 빛 축제,2025-10-21,2025-10-26,200,53936,광명동굴
F0346,2026,2026년 제4회 광명동굴 빛 축제,2026-10-02,2026-10-03,290,,광명동굴 일대
F0347,2026,광명 봄꽃축제,2026-04-10,2026-04-11,35,,한내천 및 소하 상업지구 일대
F0348,2025,2025 광명마당극축제,2025-09-05,2025-09-07,140,10388,광명시민운동장 일대
F0348,2026,광명마당극축제,2026-09-11,2026-09-13,170,,광명시민운동장 일대
F0349,2026,제23회 광명시평생학습축제,2026-10-17,2026-10-18,127,,평생학습원 일대
F0350,2026,2026 오(oh)! 해피 장미빛축제,2026-05-30,2026-06-13,100,,고인돌공원
F0351,2025,오(oh)! 해피 산타 마켓,2025-12-06,2025-12-25,300,190000,"오산역광장, 아름다로 및 원동상저막 일대"
F0351,2026,2026 오(oh)! 해피 산타 마켓,2026-12-05,2026-12-31,300,,오산역 광장
F0352,2023,야맥축제,,,100,200000,오색시장
F0352,2024,제11회 야맥축제,,,50,96000,오색시장
F0352,2025,제12회 야맥축제,2025-05-30,2025-06-01,50,98106,오색시장
F0352,2026,제13회 야맥축제,2026-06-05,2026-06-07,104.5,,오산오색시장 일원
F0353,2022,군포철쭉축제,,,583,0,"군포철쭉공원, 초막골생태공원 등"
F0353,2023,군포철쭉축제,2023-04-28,2023-04-30,450,236720,"군포철쭉공원, 초막골생태공원 등"
F0353,2024,군포철쭉축제,2024-04-20,2024-04-28,500,360370,군포철쭉공원 초막골생태공원 등
F0353,2025,군포철쭉축제,2025-04-19,2025-04-27,500,545802,"철쭉동산, 철쭉공원 등"
F0353,2026,군포철쭉축제,2026-04-18,2026-04-26,600,,"철쭉동산, 철쭉공원 등"
F0354,2022,제36회 이천도자기축제,,,661,100000,예스파크
F0354,2023,제37회 이천도자기축제,2023-04-26,2023-05-07,,289000,예스파크
F0354,2024,제38회 이천도자기축제,2024-04-25,2024-04-25,1333,379000,이천도자예술마을(예스파크)
F0354,2025,제39회 이천도자기축제,2025-04-25,2025-05-06,1333,1141000,이천도자예술마을(예스파크)
F0354,2026,제40회 이천도자기축제,2026-04-24,2026-05-05,1413,,이천도자예술마을 일원
F0355,2026,2026 이천펫축제,,,153,,이천도자예술마을
F0356,2022,제8회 이천인삼축제,2022-11-04,2022-11-06,300,173000,설봉공원
F0356,2023,제8회 이천인삼축제,2023-11-03,2023-11-05,150,83280,이천인삼판매센터
F0356,2024,제8회 이천인삼축제,2024-10-25,2024-10-27,300,96000,이천인삼판매센터
F0356,2025,제9회 이천인삼축제,,,300,97960,이천인삼판매센터
F0356,2026,제12회 이천인삼축제,,,300,,이천인삼판매센터
F0357,2026,제30회 장호원 햇사레복숭아축제,,,418,,장호원농산물유통센터 (장호원읍 서동대로 8759번길117)
F0358,2022,제12회 이천시 주민자치평생학습축제,,,186,1000,(미정)
F0358,2023,제13회 이천시 평생학습축제,,,228,5000,설봉공원예정
F0358,2024,제14회 이천시평생학습축제,2024-09-07,2024-09-08,228,,설봉공원
F0358,2026,제15회 이천시 주민자치평생학습축제,2026-04-11,2026-04-12,243,,이천시청광장
F0359,2022,제24회 이천쌀문화축제,,,815,130000,설봉공원
F0359,2023,제23회 이천쌀문화축제,2023-10-18,2023-10-22,,160500,이천농업테마공원
F0359,2024,제23회 이천쌀문화축제,2024-10-16,2024-10-20,1672,222700,이천시 농업테마공원
F0359,2025,제24회 이천쌀문화축제,2025-10-22,2025-10-26,1672,232000,이천시 농업테마공원
F0359,2026,제25회 이천쌀문화축제,,,1672,,이천농업테마공원
F0360,2022,이천백사산수유꽃축제,,,236,900,백사면 산수유마을
F0360,2023,이천백사산수유꽃축제,,,200,200000,산수유마을
F0360,2024,제25회이천백사산수유꽃축제,,,200,225000,산수유마을
F0360,2025,제26회이천백사산수유꽃축제,,,200,84000,"이천시 백사면 도립리, 송말리, 경사리 일원"
F0360,2026,제27회 이천 백사 산수유꽃축제,,,200,,백사면 도립1리 일원
F0361,2026,2026 서희외교문화제,,,137,,서희테마파크 (무촌로18번길 130)
F0362,2026,제40회 설봉문화제,2026-09-05,2026-09-06,60,,경기도자미술관 앞 잔디마당
F0363,2026,2026 이천 첨단방산드론 대전,,,300,,이천시종합운동장
F0364,2022,안성맞춤 남사당 바우덕이 축제,,,1616,428175,안성맞춤랜드
F0364,2023,안성맞춤 남사당 바우덕이 축제,,,1860,550000,안성맞춤랜드
F0364,2024,안성맞춤 남사당 바우덕이 축제,,,2102,568261,안성맞춤랜드
F0364,2025,안성맞춤 남사당 바우덕이축제,2025-10-09,2025-10-12,2286,603622,안성맞춤랜드 및 안성천
F0364,2026,안성맞춤 남사당 바우덕이축제,2026-10-02,2026-10-05,21826,,안성맞춤랜드 및 안성천
F0365,2022,안성맞춤포도축제,,,50,500,(미정)
F0365,2023,안성맞춤포도축제,,,50,5100,서운면 일원
F0365,2024,안성맞춤포도축제,,,55,,서운면 일원
F0365,2026,안성맞춤포도축제,,,55,,서운면 일원
F0366,2022,죽주대고려문화축제,,,50,7000,죽산시내
F0366,2023,죽주대고려문화축제,,,50,10100,동안성시민복지센터 일원
F0366,2024,죽주대고려문화축제,,,55,,동안성시민복지센터
F0366,2026,죽주대고려문화축제,,,55,,동안성시민복지센터 일원
F0367,2024,2024 구리 유채꽃 축제,,,303,300000,구리한강시민공원
F0367,2025,2025 구리 유채꽃 축제,2025-05-09,2025-05-11,377,300000,구리한강시민공원
F0367,2026,2026 구리 유채꽃 축제,2026-05-08,2026-05-10,362,,구리한강시민공원
F0368,2024,2024 구리 코스모스 축제,,,299,400000,구리한강시민공원
F0368,2025,2025 구리 코스모스 축제,2025-10-10,2025-10-12,425,300000,구리한강시민공원
F0368,2026,2026 구리 코스모스 축제,,,410,,구리한강시민공원
F0369,2024,동구릉 힐링예술제,,,54,,동구릉
F0369,2026,동구릉 힐링예술제,2026-10-17,2026-10-18,53,,동구릉
F0370,2023,구리시 빛축제,,,290,10000,주요 시가지
F0370,2024,제2회 구리 빛 축제,,,0,,구리광장 및 돌다리사거리
F0370,2026,2026 구리 빛 축제,2026-10-18,2026-12-25,290,,미정
F0371,2024,2024 MSG 마신는 구리 축제,,,190,,미정
F0371,2026,2026 마신는 구리 축제,,,280,,구리광장(미정)
F0372,2024,제19회 구리전통시장 거리축제,,,36,,구리전통시장 일원
F0372,2026,구리전통시장 거리축제,,,36,,구리전통시장
F0373,2024,제18회 구리시 평생학습축제,,,60,,구리한강시민공원 등 일원
F0373,2026,제20회 구리시 평생학습축제,,,,,미정
F0374,2022,포천 산정호수 명성산 억새꽃 축제,2022-10-08,2022-10-16,200,481941,산정호수
F0374,2023,포천 산정호수 명성산 억새꽃 축제,2023-10-13,2023-10-29,200,425313,산정호수
F0374,2024,제27회 포천 산정호수 명성산 억새꽃 축제,2024-10-11,2024-10-27,200,434557,"산정호수, 명성산 일원"
F0374,2025,제28회 포천 산정호수 명성산 억새꽃축제,2025-10-18,2025-11-02,400,50000,"산정호수, 명성산 일원"
F0374,2026,제29회 포천 산정호수 명성산 억새꽃축제,2026-10-16,2026-10-18,450,,산정호수 호수광장
F0375,2026,제2회 포천 한탄강 봄 가든페스타,2026-05-02,2026-06-07,290,,한탄강 생태경관단지
F0376,2026,제3회 포천 한탄강 가을 가든페스타,2026-09-12,2026-11-01,400,,한탄강 생태경관단지
F0377,2026,제2회 반려동물 봄 관광축제(펫스타),2026-05-02,2026-05-03,100,,한탄강 생태경관단지
F0378,2026,제3회 반려동물 가을 관광축제(펫스타),2026-10-24,2026-10-25,100,,한탄강 생태경관단지
F0379,2022,백운계곡 동장군 축제,2022-12-24,2022-02-06,70,0,도리돌마을
F0379,2023,백운계곡 동장군 축제,2023-12-23,2023-02-04,70,18000,도리돌마을
F0379,2024,백운계곡 동장군 축제,2024-12-23,2024-02-04,100,50000,백운계곡
F0379,2025,포천백운계곡 동장군 축제,2025-12-20,2026-02-22,100,60000,포천백운계곡 일원
F0379,2026,제22회 포천 백운계곡 동장군 축제,2026-12-19,2027-02-14,150,,백운계곡 일원
F0380,2025,포천 한우 축제,2025-09-27,2025-09-28,200,18389,한탄강 생태경관단지 일원
F0380,2026,제14회 포천 한우 축제,2026-09-12,2026-09-13,200,,한탄강 생태경관단지
F0381,2022,제12회 용문산 산나물 축제,,,600,82478,용문산 관광지
F0381,2023,제12회 용문산 산나물 축제,2023-04-28,2023-04-30,600,107000,용문산 관광지
F0381,2024,제14회 용문산 산나물 축제,2024-04-26,2024-04-28,500,131814,용문산 관광지
F0381,2025,제15회 양평용문산 산나물축제,2025-04-25,2025-04-27,700,148038,용문산관광지
F0381,2026,제16회 양평용문산 산나물축제,2026-04-24,2026-04-26,767,,용문산관광지
F0382,2024,제2회 우리밀 축제,,,180,43000,지평면 일대
F0382,2025,제3회 우리밀 축제,,,100,42060,청운면 일원
F0382,2026,제4회 우리밀 축제,,,200,,청운면 일원
F0383,2024,제2회 겨울엔양평,,,150,,양평군 일대
F0383,2025,제3회 겨울엔 양평,2025-12-01,2026-01-30,150,,양평군 일원
F0383,2026,제4회 겨울엔 양평,2026-12-01,2027-01-30,200,,양평군 일원
F0384,2026,2026 지역문화박람회,2026-10-09,2026-10-11,500,,양강섬 일원
F0385,2026,2026년 청소년 영화제,2026-09-01,,20,,양평군 일원
F0386,2023,제6회 갈산누리봄축제,,,50,,양평생활체육공원
F0386,2025,제8회 갈산누리봄축제,2025-04-04,2025-04-06,35,50000,양평생활체육공원 일원
F0386,2026,제9회 갈산누리봄축제,2026-04-10,2026-04-12,45,,양평생활체육공원 일원
F0387,2026,용천3리 벚꽃길 걷기 및 작은음악회,,,10,,옥천면 용천3리 일원
F0388,2022,제23회 양평단월고로쇠축제,,,120,0,단월레포츠공원
F0388,2023,제24회 양평단월고로쇠축제,2023-03-18,2023-03-19,120,,단월레포츠공원
F0388,2025,제26회 양평단월고로쇠축제,2025-03-15,2025-03-16,150,80000,단월면 일원
F0388,2026,제27회 양평단월고로쇠축제,2026-03-21,2026-03-22,150,,단월레포츠공원 일원
F0389,2025,제1회 양평수박 축제,2025-07-05,2025-07-06,80,25000,청운면 일원
F0389,2026,2026 양평수박축제,2026-07-04,2026-07-05,110,,청운용두시장 일원
F0390,2022,제4회 양평부추축제,2022-10-24,2022-10-25,120,0,양동면 석곡천일원
F0390,2023,제4회 양평부추축제,2023-09-16,2023-09-17,120,,양동면 석곡천일원
F0390,2025,제6회 양평부추축제,,,150,50000,양동역 일원
F0390,2026,제7회 양평부추축제,2026-10-09,2026-10-10,150,,양동역 일원
F0391,2025,제3회 지평전통발효축제,,,100,40000,지평면 일원
F0391,2026,제3회 지평전통발효축제,,,120,,지평면사무소 앞 광장 및 시장 일원
F0392,2022,제19회 양평 산수유 한우 축제,,,120,0,개군면 레포츠공원
F0392,2023,제19회 양평 산수유 한우 축제,2023-04-01,2023-04-02,120,,개군면 레포츠공원
F0392,2025,제22회 산수유한우축제,2025-03-29,2025-03-30,150,80000,개군면 일원
F0392,2026,제23회 양평산수유한우축제,2026-04-04,2026-04-05,150,,개군면 시가지 일원
F0393,2022,여주선비장터 축제,,,92.5,10000,"가남읍 시장, 도로변"
F0393,2023,제3회 선비장터축제,2023-10-14,2023-10-15,102.5,15000,가남읍 태평리 대신천변 일원
F0393,2024,제3회 여주선비장터축제,2024-10-12,2024-10-13,10250,15000,가남 태평리 대신천변 일원
F0393,2025,제5회 여주선비장터축제,,,102,15000,가남읍 태평리 110-19 일원
F0393,2026,제5회 여주선비장터축제,2026-10-24,2026-10-25,120,,가남읍 태평리 110-19 일원
F0394,2025,제3회 싸리산 축제,2025-04-19,2025-04-20,30,4000,싸리산
F0394,2026,제4회 싸리산 축제,2026-04-17,2026-04-19,50,,여주시민공원(현암동637-112번지)
F0395,2026,제4회 여주 대심섬 축제,,,50,,대신섬 일원
F0396,2025,제3회 강천섬 힐링 문화축제,2025-10-24,2025-11-02,150,70000,강천섬 일원
F0396,2026,제4회 강천섬 힐링 문화축제,,,,,강천섬 일원
F0397,2022,제6회 여주흥천남한강벚꽃축제,2022-04-08,2022-04-10,100,,흥천면 귀백리
F0397,2023,제7회여주흥천남한강벚꽃축제,,,100,100000,벚꽃축제장 귀백리 산7번지일원
F0397,2024,제8회여주흥천남한강벚꽃축제,,,110,300000,벚꽃축제장 귀백리산7번지일원
F0397,2025,제9회여주흥천남한강벚꽃축제,2025-04-04,2025-04-06,140,250000,여주시 흥천면 귀백리 168-3번지 일원
F0397,2026,제10회여주흥천남한강벚꽃축제,2026-04-03,2026-04-05,160,,흥천면 귀백리 168-3번지 일원
F0398,2022,제18회 산북품실축제,,,60,3000,산북체육공원 일원
F0398,2023,제18회 산북품실축제,2023-10-27,2023-10-28,50,,산북면 체육공원
F0398,2024,제20회 산북품실축제,2024-10-26,2024-10-27,60,3000,산북면 체육공원
F0398,2025,제21회 산북품실축제,,,120,3000,산북면체육공원
F0398,2026,제21회 산북품실축제,,,120,,산북면체육공원
F0399,2022,제34회 여주도자기축제,2022-04-09,2022-04-17,830,110000,여주프리미엄아울렛 일원
F0399,2023,제35회 여주도자기축제,2023-05-19,2023-05-29,940,459389,신륵산관광단지
F0399,2024,제36회 여주도자기축제,2024-05-12,2024-05-12,1000,599257,신륵사관광단지
F0399,2025,제37회 여주도자기축제,2025-05-01,2025-05-11,1000,1168050,신륵사관광지 일원
F0399,2026,제38회 여주도자기축제,2026-05-01,2026-05-10,1150,,신륵시관광지 일원
F0400,2022,여주오곡나루축제,,,947,200000,신륵사 관광지 일원
F0400,2023,2023 여주오곡나루축제,2023-10-20,2023-10-22,1060,270488,신륵산관광단지
F0400,2024,2024 여주오곡나루축제,2024-10-18,2024-10-20,1000,300046,신륵사관광단지
F0400,2025,2025 여주오곡나루축제,2025-10-17,2025-10-19,1000,408405,신륵사관광지 일원
F0400,2026,2026 여주오곡나루축제,2026-10-23,2026-10-25,1050,,신륵시관광지 일원
F0401,2026,제2회 북내 삼색별미축제,2026-10-03,2026-10-04,43,,북내면 당우리 일원
F0402,2022,제16회 금사참외축제,2022-05-27,2022-05-29,165,100000,금사근린공원 일원
F0402,2023,제17회 금사참외축제,2023-05-26,2023-05-28,197,100000,금사근린공원 일원
F0402,2024,제18회 금사참외축제,2024-05-24,2024-05-26,200,1000000,금사근린공원 일원
F0402,2025,제19회 금사참외축제,,,200,100000,금사근린공원
F0402,2026,제20회 금사참외축제,2026-05-22,2026-05-24,160,,금사근린공원 일원
F0403,2026,제2회 중앙동 청심문화축제,,,20,,하동 제일시장 공영주차장
F0404,2022,제17회 의왕백운호수축제,,,280,40000,"거리,호수근처"
F0404,2023,의왕백운호수축제,,,280,30000,의왕 백운호수 주차장
F0404,2024,의왕백운호수축제,2024-09-28,2024-09-29,417,30000,의왕 백운호수 주차장
F0404,2025,의왕백운호수축제,2025-09-27,2025-09-28,240,60000,의왕백운호수공원
F0404,2026,의왕백운호수축제,,,595,,의왕백운호수공원
F0405,2022,동두천락페스티벌,,,250,3000,(미정)
F0405,2023,제23회 동두천락페스티벌,,,250,6000,소요산 야외무대
F0405,2024,제24회 동두천 락 페스티벌,,,390,9000,소요산주차장특설무대
F0405,2025,제25회 동두천 락 페스티벌,,,250,16000,소요산주차장특설무대
F0405,2026,제26회 동두천 락 페스티벌,,,350,,신천교 하부 특설무대
F0406,2025,제6회 도심재생 야간축제 (2025년 헬로 DDC 페스티벌),,,200,6000,보산동 관광특구
F0406,2026,제7회 도심재생 야간축제 (2026년 헬로 DDC 페스티벌),,,200,,보산동 관광특구
F0407,2024,과천공연예술축제,2024-09-27,2024-09-29,1400,170000,과천시 일원
F0407,2025,과천공연예술축제,2025-09-19,2025-09-21,700,120412,과천시일원
F0407,2026,2026 과천공연예술축제,2026-09-18,2026-09-20,1470,,과천시민광장(시민회관 옆 잔디마당 및 운동장)
F0408,2024,2024 Colorful Garden 자라섬 꽃 페스타(봄),2024-05-25,2024-06-16,200,281669,경기도 가평군 가평읍 자라섬
F0408,2025,2025 Colorful Garden 자라섬 꽃 페스타(봄),2025-05-24,2025-06-15,220,139623,자라섬
F0408,2026,2026 Colorful Garden 자라섬 꽃 페스타(봄),2026-05-23,2026-06-14,210,,자라섬
F0409,2024,2024 Colorful Garden 자라섬 꽃 페스타(가을),2024-09-14,2024-10-27,200,386740,경기도 가평군 가평읍 자라섬
F0409,2025,2025 Colorful Garden 자라섬 꽃 페스타(가을),2025-09-13,2025-10-12,220,125297,자라섬
F0409,2026,2026 Colorful Garden 자라섬 꽃 페스타(가을),2026-09-12,2026-10-05,190,,자라섬
F0410,2025,제2회 재즈페스티벌 in 가평,2025-10-17,2025-10-19,400,5240,"잣고을광장, 음악역1939 등"
F0410,2026,제3회 재즈페스티벌 in 가평,2026-10-09,2026-10-11,400,,"잣고을 광장, 가평읍 시내, 자라섬 서도 등"
F0411,2022,자라섬 재즈페스티벌,,,1500,5100,자라섬
F0411,2023,제20회 자라섬 재즈페스티벌,2023-10-06,2023-10-08,800,50100,자라섬
F0411,2024,제21회 자라섬 재즈페스티벌,2024-10-18,2024-10-20,400,15000,경기도 가평군 가평읍 자라섬
F0411,2025,제22회 자라섬재즈페스티벌,2025-10-17,2025-10-19,,15000,자라섬
F0411,2026,제23회 자라섬재즈페스티벌,2026-10-09,2026-10-11,1000,,자라섬
F0412,2022,제29회 연천 구석기 축제,,,986,100297,연천 전곡리 유적
F0412,2023,제30회 연천 구석기 축제,,,1013,22797,연천 전곡리 유적
F0412,2024,제31회 연천 구석기 축제,,,1825,55308,연천전곡리유적
F0412,2025,제32회 연천 구석기 축제,2025-05-02,2025-05-05,2046,66562,연천 전곡리 유적
F0412,2026,제33회 연천 구석기 축제,2026-05-02,2026-05-05,2599,,연천 전곡리 유적
F0413,2025,2025년 임진강 댑싸리정원 개장,2025-09-01,2025-10-31,340,212340,임진강 댑싸리정원
F0413,2026,2026년 임진강 댑싸리정원 개장,2026-09-01,2026-10-31,381,,임진강 댑싸리정원
F0414,2022,제1회 당포성 별빛 축제,,,30,3000,연천 당포성
F0414,2023,제2회 연천 당포성 별빛 축제,,,50,2000,미산면 동이리 당포성
F0414,2024,제3회 연천당포성 별빛축제,,,50,1000,연천 당포성
F0414,2025,제4회 연천 당포성 별빛축제,,,50,900,동이리 당포성 일원
F0414,2026,제5회 연천 당포성 별빛축제,,,50,,동이리 당포성 일원
F0415,2023,제8회 연천장남 통일바라기축제,,,50,50000,장남면 호로고루 일원
F0415,2024,제9회 연천장남 통일바라기 축제,,,98,,연천 호로고루
F0415,2026,제11회 연천장남 통일바라기 축제,,,68,,장남면 호로고루 일원
F0416,2022,연천국화축제,,,400,,연천 전곡리 유적
F0416,2025,제7회 연천국화축제,2025-10-17,2025-10-26,228,170000,연천 전곡리 유적
F0416,2026,제8회 연천국화축제,2026-10-16,2026-10-25,571,,연천 전곡리 유적
F0417,2022,연천율무축제(연천농특산물큰장터),,,290,120000,연천 전곡리 유적
F0417,2023,연천율무축제(연천농특산물큰장터),,,290,,연천 전곡리 유적
F0417,2024,연천율무축제(연천농특산물큰장터),,,290,,연천전곡리유적
F0417,2026,제5회 연천율무축제(농특산물 큰장터),2026-10-23,2026-10-25,290,,연천 전곡리 유적
F0418,2022,막국수닭갈비축제,,,500,83000,미정
F0418,2023,춘천막국수닭갈비축제,2023-06-13,2023-06-18,550,153597,삼천동 392-3번지 일원(삼악산 호수케이블카 임시주차장)
F0418,2024,춘천막국수닭갈비축제,,,550,128373,중도동 357-41 일대
F0418,2025,춘천막국수닭갈비축제,2025-10-16,2025-10-19,610,300000,"주 행사장(공지천일원), 권역별 행사장(명동, 후평동, 온의동 일원)"
F0418,2026,춘천막국수닭갈비축제,2026-10-01,2026-10-05,800,,공지천 수변 산책로 일원
F0419,2026,춘천호수정원페스타,,,80,,춘천시 관내
F0420,2026,온가족 웃음찾기 개그쇼,,,163,,"인형극장, 남부 노인복지회관 등"
F0421,2026,춘천연극페스티벌(신규),,,100,,"축제극장 몸짓, 춘천인형극장 등"
F0422,2022,제29회 봄내예술제,2022-05-01,2022-05-28,110,,"관내 공연장, 박물관, 시장, 공원 등"
F0422,2026,제 33회 봄내예술제,2026-05-14,2026-05-30,120,,호반광장 외 춘천일대
F0423,2022,제34회 춘천마임축제,,,659,100090,미정
F0423,2023,2023 춘천마임축제,2023-05-28,2023-05-28,659,103600,"삼악산 케이블카 주차장, 축제극장 몸짓 등"
F0423,2024,춘천마임축제,2024-05-26,2024-05-26,495,,"레고랜드 주차장, 몸짓극장 등"
F0423,2026,제38회 춘천마임축제,2026-05-24,2026-05-31,715,,"축제극장몸짓, 레고랜드코리아 주차장 등"
F0424,2026,2026 의병축제,2026-05-30,2026-06-07,30,,공지천 의암공원 일대
F0425,2022,제24회 춘천연극제,,,270,,관내 극장 및 야외 소공연장 등
F0425,2024,춘천연극제,2024-06-28,2024-10-19,385,,"봄내극장, 석사천 등"
F0425,2026,춘천연극제,2026-06-11,2026-12-19,300,,"봄내극장, 대원당, 농협 엔타 등 춘천 관내 일원"
F0426,2026,춘천아트페어 아르로드 R.OAD,2026-06-12,2026-06-17,20,,옥천동 일대
F0427,2026,춘천영화제,2026-06-25,2026-06-28,250,,"메가박스 남춘천점, 춘천예술촌"
F0428,2026,2026 공연예술제,2026-08-11,2026-08-15,80,,춘천시 일대
F0429,2026,춘천 오페라 페스티벌,2026-08-28,2026-08-29,296,,춘천KT&G상상마당 야외공연장
F0430,2022,제34회 춘천인형극제,,,1500,120950,춘천인형극장 일원
F0430,2023,제35회 춘천인형극제,2023-06-26,2023-12-24,500,87355,춘천인형극장 및 춘천시내 일원
F0430,2024,제36회 춘천인형극제,2024-12-26,2024-12-26,500,,춘천인형극장 및 춘천시내 일원
F0430,2026,춘천인형극제,2026-09-11,2026-09-16,630,,춘천인형극장(영서로 3017) 및 관내 일원
F0431,2024,2024 온세대 합창페스티벌,,,400,,춘천문화예술회관
F0431,2026,2026 온세대합창페스티벌,2026-09-12,2026-09-19,400,,KT&G 상상마당 춘천 및 공지천 아외공연장
F0432,2026,이디오피아길 세계축제 및 메스칼 페스티벌,2026-09-26,2026-09-28,30,,미정
F0433,2026,2026 제29회 춘천국제고음악제,,,120,,춘천시 일대
F0434,2026,춘천커피축제,2026-10-09,2026-10-11,150,,공지천 산책로 일대(온의동 586일대)
F0435,2026,지역명품페스타,,,65,,봄내극장 등 춘천시 일대
F0436,2026,2026 춘천 반려동물 페스티벌,2026-10-02,2026-10-04,270,,서면 애니메이션박물관 일원
F0437,2026,2026년 제5회 강원한우데이,2026-05-08,2026-05-10,100,,시청광장 일대
F0438,2022,2022 대한민국 독서대전,2022-09-23,2022-09-25,800,,댄싱공연장 일원 등
F0438,2026,2026 대한민국 독서대전,2026-09-18,2026-09-20,900,,공지천 유원지 등 춘천시 일원
F0439,2026,제6회 춘천 술 페스타,2026-09-11,2026-09-12,150,,KT&G 상상마당 일원
F0440,2023,춘천 토이페스티벌,,,350,30000,서면 애니메이션박물관 일원
F0440,2024,춘천 토이페스티벌,,,0,,서면 애니메이션박물관 일원
F0440,2026,춘천 애니토이페스티벌,2026-10-02,2026-10-04,280,,"서면 애니타운 일원(애니메이션박물관, 토이로봇관)"
F0441,2025,2025 썸머워터페스티벌,2025-07-25,2025-08-13,150,12669,의암공원 일원
F0441,2026,2026 춘천 썸머워터 페스티벌,2026-07-04,2026-08-17,150,,삼천동 일원
F0442,2025,춘천 감자페스타,,,100,24000,신북장터
F0442,2026,춘천 감자페스타,2026-06-27,2026-06-28,100,,신북 샘밭장터 일원
F0443,2023,춘천호수 드론 라이트쇼,2023-07-31,2023-07-31,250,0,삼천동 392-3번지 일원 등 의암호 주변
F0443,2024,춘천호수 드론 라이트쇼,,,200,30000,중도동 357-41 일대
F0443,2025,춘천 호수 드론 라이트쇼,,,200,100000,공지천
F0443,2026,춘천호수 드론라이트쇼,2026-03-01,2026-10-01,200,,춘천 의암호 일원
F0444,2026,서면 호수별빛 페스타,2026-09-19,2026-09-20,100,,서면 호수별빛 페스타
F0445,2025,2025 댄싱카니발,2025-09-26,2025-09-28,1165,198864,원주댄싱공연장 일원
F0445,2026,2026 댄싱카니발,2026-09-18,2026-09-20,1212,,원주댄싱공연장 일원
F0446,2022,한지문화제,2022-05-05,2022-05-15,230,300000,원주한지테마파크 및 간현관광지 일원
F0446,2023,제25회 원주한지문화제,2023-05-14,2023-05-14,230,230000,원주한지테마파크 일원
F0446,2024,제26회 원주한지문화제,,,173,260000,원주한지테마파크 일원
F0446,2025,원주 한지문화제,2025-05-22,2025-05-25,224,34500,원주한지테마파크 일원
F0446,2026,원주 한지문화제,2026-05-01,2026-05-05,233,,원주한지테마파크 일원
F0447,2022,용수골꽃양귀비축제,2022-05-25,2022-06-10,20,35000,용수골꽃농장
F0447,2023,제16회 용수골꽃양귀비축제,2023-05-23,2023-06-11,85,29000,용수골꽃농장
F0447,2024,제18회 원주 용수골 꽃양귀비축제,,,23,35176,판부면 서곡리
F0447,2025,용수골꽃양귀비축제,,,23,56791,용수골꽃농장
F0447,2026,용수골꽃양귀비축제,,,25,,용수골꽃농장
F0448,2022,장미축제,,,10,,장미공원
F0448,2023,제21회 장미축제,2023-05-30,2023-05-30,55,10000,장미공원
F0448,2024,제21회 장미축제,2024-05-29,2024-05-29,54,46000,단계동 장미공원
F0448,2025,장미축제,2025-06-04,2025-06-08,15,48102,장미공원
F0448,2026,장미축제,,,25,,장미공원
F0449,2024,제23회 섬강축제,2024-08-23,2024-08-25,14,6000,간현관광지 주차장
F0449,2025,섬강축제,2025-09-19,2025-09-21,12,10000,간현유원지 제2주차장 일원
F0449,2026,섬강축제,,,20,,간현유원지 제2주차장 일원
F0450,2025,신월랑 달빛 축제,,,10,700,행구동수변공원 일원
F0450,2026,신월랑달빛축제,,,30,,행구동 수변공원 일원
F0451,2025,제1회 강원원주혁신도시 상생마켓,,,42,12000,혁신미리내 광장 일원
F0451,2026,혁신도시 상생마켓,2026-06-11,2026-06-13,44,,혁신미리내광장 일원
F0452,2026,혁신페스타,2026-09-10,2026-09-12,66,,혁신미리내광장 일원
F0453,2026,혁신도시 미리내야행,2026-12-23,2026-12-25,60,,혁신미리내광장 일원
F0454,2026,2026 원주라면축제,2026-09-11,2026-09-13,270,,댄싱공연장 주차장 상설공연장
F0455,2025,2025 원주만두축제,2025-10-24,2025-10-26,800,410000,중앙동 전통시장 일원
F0455,2026,2026 원주만두축제,2026-10-23,2026-10-25,800,,중앙동 전통시장 일원
F0456,2025,원주문화의거리 치맥축제,2025-09-03,2025-09-06,55,55000,중앙동 문화의 거리 일원
F0456,2026,원주문화의거리 치맥축제,,,55,,중앙동 문화의 거리 일원
F0457,2022,치악산한우축제,,,80,6042,댄싱공연장 주차장
F0457,2023,치악산한우축제,,,80,,댄싱공연장 주차장
F0457,2025,제11회 치악산한우 축제,2025-05-23,2025-05-25,220,5000,댄싱공연장 일원
F0457,2026,제12회 치악산한우 축제,2026-06-12,2026-06-14,280,,댄싱공연장 일원
F0458,2025,제31회 국제걷기대회,2025-10-25,2025-10-26,150,10622,젊음의광장
F0458,2026,제32회 국제걷기대회,2026-10-24,2026-10-25,150,,원주시 일원(주행사장: 원주댄싱공연장)
F0459,2023,치악산복숭아축제,,,35,16000,댄싱공연장 일원
F0459,2024,치악산 복숭아 축제,,,34,7000,댄싱공원장 일원
F0459,2025,제24회 치악산 복숭아 축제,,,39,500,댄싱공연장주차장 내 상설공연장
F0459,2026,제25회치악산 복숭아 축제,2026-08-23,2026-08-24,39,,원주댄싱공연장
F0460,2024,치악산 고구마 축제,,,100,10000,간현관광지 일원
F0460,2025,제4회 치악산 고구마 축제,2025-10-18,2025-10-19,98,500,간현관광지 일원
F0460,2026,제5회 치악산 고구마축제,2026-10-17,2026-10-18,38,,간현관광지 일원
F0461,2022,치악산찰옥수수축제,,,70,10000,문막체육공원
F0461,2023,치악산찰옥수수축제,,,100,20000,문막체육공원
F0461,2024,치악산 찰옥수수 축제,,,100,15000,문막체육공원
F0461,2025,제13회 치악산 찰옥수수 축제,2025-07-11,2025-07-12,98,500,문막농민문화센터 일원
F0461,2026,제14회 치악산 찰옥수수 축제,2026-07-11,2026-07-12,100,,농민문화 회관 일원
F0462,2026,제63회 농업인의 날 삼토 페스티벌,2026-09-11,2026-09-13,500,,원주종합운동장 일원
F0463,2024,2024 경포 벚꽃 축제,2024-03-29,2024-03-29,259,300000,경포대 및 경포호 일원
F0463,2025,경포 벚꽃 축제,2025-03-28,2025-04-02,274,275000,경포호 및 경포대 일원
F0463,2026,경포 벚꽃 축제,2026-03-27,2026-04-01,291,,경포호 및 경포대 일원
F0464,2026,솔올블라썸,2026-04-03,2026-04-05,200,,교1동 일원
F0465,2025,남산 벚꽃 축제,,,80,15711,남산근린공원
F0465,2026,남산 벚꽃 축제,2026-04-03,2026-04-05,100,,남산공원 일원
F0466,2025,강릉 차문화 축제,2025-05-23,2025-05-25,120,32317,강릉오죽한옥마을
F0466,2026,강릉 차문화 축제,2026-05-22,2026-05-24,120,,강릉오죽한옥마을
F0467,2022,강릉단오제,,,1250,500000,강릉단오전수교육관 및 강릉시 일원
F0467,2023,강릉단오제,2023-06-18,2023-06-25,1427.5,620000,강릉남대천 둔치 일원
F0467,2024,강릉단오제,2024-06-13,2024-06-13,2254,710000,강릉남대천 일원
F0467,2025,2025 강릉단오제,2025-05-27,2025-06-03,2655,956000,강릉 남대천 일원
F0467,2026,강릉단오제,2026-06-15,2026-06-22,2708,,강릉 남대천 일원
F0468,2023,제2회 강릉 비치비어페스티벌,,,200,40000,경포해변 중앙광장
F0468,2024,제3회 강릉 비치비어페스티벌,2024-06-28,2024-06-30,291,51000,경포해변 중앙광장
F0468,2025,강릉 비치비어 페스티벌,2025-06-27,2025-07-05,770,63000,경포해변 일원
F0468,2026,강릉 비치비어 페스티벌,2026-07-03,2026-07-05,354,,경포해변 일원
F0469,2025,강릉 버스킹 전국대회,2025-07-04,2025-08-17,409,11980,경포호수광장
F0469,2026,강릉 버스킹 전국대회,2026-07-03,2026-08-16,400,,경포해변 일원
F0470,2022,경포 썸머페스티벌,,,350,,경포해변 중앙광장
F0470,2023,2023 경포 썸머 페스티벌,,,400,48000,경포해변 일원
F0470,2024,2024 경포 썸머페스티벌,2024-07-31,2024-07-31,400,54080,경포해변
F0470,2025,경포 썸머 페스티벌,2025-07-29,2025-08-04,403,81266,경포해변 일원
F0470,2026,경포 썸머 페스티벌,2026-07-28,2026-08-03,400,,경포해변 일원
F0471,2023,주문진해변축제,2023-08-21,2023-08-21,40,2000,주문진해수욕장
F0471,2024,주문진 해변축제,,,33,1500,주문진해변
F0471,2025,주문진 해변축제,,,40,8580,주문진해수욕장
F0471,2026,주문진 해변축제,2026-07-05,2026-08-18,90,,주문진해수욕장
F0472,2025,강릉 국가유산 야행,2025-08-14,2025-08-16,600,159620,강릉대도호부관아 일원
F0472,2026,강릉 국가유산야행,2026-08-13,2026-08-15,975,,강릉대도호부관아 일원
F0473,2023,2023 강릉 누들 축제,2023-11-10,2023-11-12,200,37500,월화거리
F0473,2024,제3회 강릉 누들축제,2024-10-25,2024-10-27,240,50360,월화거리
F0473,2025,제4회 강릉 누들 축제,2025-10-17,2025-10-19,473,190155,강릉 월화거리 일원
F0473,2026,강릉 누들 축제,2026-10-15,2026-10-18,207,,월화거리 일원
F0474,2022,강릉커피축제,2022-10-06,2022-10-09,710,350000,강릉아레나 및 강릉시 일원
F0474,2023,제15회 강릉 커피축제,,,45,420000,강릉시 일원
F0474,2024,제16회 강릉커피축제,,,872,440000,강릉올림픽파크 일원
F0474,2025,제 17회 강릉커피축제,,,872,520000,강릉커피거리 일원
F0474,2026,제18회 강릉커피축제,2026-10-21,2026-10-25,800,,강릉커피거리 일원
F0475,2024,제4회 강릉크리스마스 겨울축제,2024-12-21,2024-12-25,100,20000,강릉월화거리 일원
F0475,2025,2025 강릉크리스마스 겨울축제,2025-12-23,2025-12-25,100,212000,강릉월화거리 일원
F0475,2026,2026 강릉크리스마스 겨울축제,2026-12-18,2026-12-26,290,,강릉월화거리 일원
F0476,2026,해맞이 행사,2026-12-31,2027-01-01,182,,"경포해변, 정동진 모래시계공원"
F0477,2022,묵호등대 논골담길 축제,,,14,1000,동해시 묵호등대 일원
F0477,2023,묵호등대 논골담길 축제,,,14,500,동해시 묵호등대 일원
F0477,2024,제6회 묵호등대 논골담길 축제,2024-06-15,2024-06-16,17,500,묵호항 수변공원
F0477,2025,제7회 묵호등대 논골담길 축제,,,15,500,묵호항 수변공원
F0477,2026,제8회 묵호등대 논골담길 축제,2026-09-18,2026-09-20,15,,묵호항 수변공원
F0478,2024,제11회 전천제,,,35,60000,북평동 전천일원
F0478,2025,제12회 전천축제,2025-04-04,2025-04-06,20,30000,전천공원 일원
F0478,2026,제13회 전천축제,2026-04-04,2026-04-05,15,,전천공원 일원
F0479,2026,제4회 발한 호로롱 페스티벌,,,25,,동쪽바다중앙시장 일원
F0480,2024,제2회 무릉별유천지 라벤더 축제,2024-06-21,2024-06-21,100,75127,무릉별유천지
F0480,2025,2025 무릉별유천지 라벤더축제,2025-06-14,2025-06-22,200,85792,무릉별유천지
F0480,2026,2026년 무릉별유천지 라벤더축제,2026-06-13,2026-06-21,290,,무릉별유천지
F0481,2026,제2회 아스타축제,,,100,,무릉별유천지
F0482,2022,제3회 송정막걸리축제,,,10,4000,송정시장 일원
F0482,2023,제3회 송정오감막걸리축제,,,70,,동해역광장
F0482,2024,제4회 송정막걸리 축제,,,15,,송정동 관내 일원
F0482,2025,제4회 송정막걸리축제,2025-09-05,2025-09-06,15,1000,송정동 일원
F0482,2026,제5회 송정막걸리축제,2026-09-04,2026-09-05,15,,송정동 일원
F0483,2022,동해무릉제,,,550,170000,동해시 천곡동 일원
F0483,2023,제36회 동해무릉제,,,700,20000,동해웰빙스포츠타운
F0483,2024,동해무릉제,2024-09-27,2024-09-28,740,,동해웰빙스포츠타운일원
F0483,2025,제38회 동해무릉제,2025-09-25,2025-09-28,840,70000,동해웰빙레포츠타운 일원
F0483,2026,동해무릉제,,,840,,동해웰빙레포츠타운 일원
F0484,2023,제2회 묵호도째비페스타,,,240,15000,묵호여객터미널광장일원
F0484,2024,묵호도째비페스타,2024-07-12,2024-07-14,240,65000,묵호항여객터미널일원
F0484,2025,2025 묵호 도째비 페스타,2025-07-18,2025-07-20,300,65000,묵호항여객터미널 일원
F0484,2026,도째비페스타,,,300,,묵호항 여객선터미널 광장 일원
F0485,2023,제30회 태백산 눈축제,2023-01-27,2023-01-31,1400,306200,태백산국립공원 일원
F0485,2024,제 31회 태백산 눈축제,2024-01-26,2024-02-04,1529,585364,태백산국립공원일원
F0485,2025,제32회 태백산 눈축제,2025-02-07,2025-02-16,1294,526304,태백산국립공원 일원
F0485,2026,제33회 태백산 눈축제,2026-01-31,2026-02-08,1427,,태백산 국립공원 당골광장
F0486,2022,한강·낙동강 발원지축제,,,522.8,68560,"황지연못, 검룡소 등"
F0486,2023,제8회 한강 낙동강 발원지 축제,2023-07-28,2023-07-28,700,70638,황지연못
F0486,2024,한강낙동강발원지 축제,,,848,177063,황지연못 일원
F0486,2025,제10회 한강낙동강발원지 축제,2025-07-26,2025-08-03,940,194212,황지연못 일원
F0486,2026,"제11회 한강,낙동강발원지 축제",2026-07-25,2026-08-02,932,,"황지연못, 검룡소 일원"
F0487,2024,태백 천상의 산나물축제,2024-04-26,2024-04-28,200,,장성문화복합센터
F0487,2026,태백 천상의 산나물 축제,2026-04-24,2026-04-26,255,,장성 탄탄마당
F0488,2026,제3회 탄광문화고기축제,2026-08-07,2026-08-08,75,,철암 쇠바우골 탄광문화 장터
F0489,2024,2024 영랑호 벚꽃축제,,,90,40000,영랑호 일원
F0489,2025,2025 영랑호 벚꽃축제,,,110,30000,영랑호 일원
F0489,2026,2026 영랑호 벚꽃축제,2026-04-11,2026-04-12,120,,영랑호 잔디광 및 수변 일원
F0490,2025,2025 설악무산문화축전,,,1090,70000,엑스포 잔디광장 일원
F0490,2026,2026년 설악무산문화축전,2026-05-15,2026-05-17,1090,,엑스포 잔디광장 일원
F0491,2023,2023 실향민문화축제,,,650,98723,미정
F0491,2024,2024 실향민문화축제,,,330,75062,"엑스포 잔디광장, 아바이마을"
F0491,2025,2025 실향민 문화축제,,,580,129664,엑스포 잔디광장 일원
F0491,2026,2026 실향민 문화축제,,,580,,엑스포 잔디광장 일원
F0492,2022,속초 썸머 페스티벌,,,450,,속초해수욕장 일원
F0492,2024,2024 속초썸머페스티벌,,,90,110000,속초해수욕장
F0492,2025,2025 속초썸머페스티벌,,,100,101225,속초해수욕장
F0492,2026,2026 속초썸머페스티벌,,,110,,속초해수욕장 일원
F0493,2022,제57회 설악문화제,,,650,60882,"설악산, 시내 일원"
F0493,2023,제58회 설악문화제,,,750,121914,엑스포잔디광장 일원
F0493,2024,제59회 설악문화제,,,750,101012,설악로데오거리. 엑스포 잔디광장
F0493,2025,제60회 설악문화제,,,775,78060,엑스포 잔디광장 일원
F0493,2026,제61회 설악문화제,,,850,,엑스포 잔디광장 일원
F0494,2022,삼척정월대보름제,2022-02-07,2022-02-20,600,,삼척 시내 및 오십천 둔치
F0494,2023,2023 삼척정월대보름제,,,719,113000,"엑스포 광장 및 시내 척주로, 삼척해수욕장 일원"
F0494,2024,삼척정월대보름제,2024-02-23,2024-02-25,664,74400,엑스포광장 및 삼척해수욕장 일원
F0494,2025,삼척정원대보름제,2025-02-14,2025-02-16,780,118109,엑스포광장 및 삼척해수욕장 일원
F0494,2026,2026 삼척정월대보름제,2026-02-27,2026-03-01,780,,"엑스포광장 및 시내 척주로, 삼척해수욕장 일원"
F0495,2023,삼척맹방유채꽃축제,,,285,310000,삼척시 맹방해변
F0495,2024,제20회삼척맹방유채꽃축제,2024-04-14,2024-04-14,400,264754,근덕면 상맹방리 일원
F0495,2025,제21회 삼척맹방유채꽃축제,2025-03-27,2025-04-20,400,243000,근덕면 상맹방리 일원
F0495,2026,제22회맹방유채꽃축제,2026-04-03,2026-04-19,400,,근덕면 상맹방리 215-1번지 일원
F0496,2023,제11회 두타산 산나물축제,2023-05-19,2023-05-21,50,5000,하장면 번천리 산촌체험장
F0496,2024,제11회 두타산 산나물축제,2024-05-24,2024-05-26,50,,하장면 번천리 임산물복합체험센터 일원
F0496,2026,제13회 삼척 하장 두타산 산나물축제,2026-05-06,2026-05-10,99,,하장면 번천리 백두대간 청정임산물 복합체험센터
F0497,2022,삼척 장미축제,,,355,,삼척장미공원
F0497,2023,삼척 장미축제,,,475,330000,오십천 장미공원 일원
F0497,2024,2024 삼척 장미축제,2024-05-18,2024-05-22,400,350000,삼척 장미공원
F0497,2025,삼척 장미축제,2025-05-23,2025-06-01,800,142123,삼척 장미공원
F0497,2026,2026년 제8회 삼척 장미축제,2026-05-19,2026-05-25,800,,삼척 장미공원
F0498,2022,삼척비치 썸 페스티벌,,,130,,삼척해변
F0498,2023,삼척비치 썸 페스티벌,,,160,,삼척해변
F0498,2025,삼척 비치 썸 페스티벌,2025-08-01,2025-08-03,270,25752,삼척해수욕장
F0498,2026,2026년 제7회 삼척 비치 썸 페스티벌,2026-07-17,2026-07-19,270,,삼척해수욕장
F0499,2026,제3회 삼척해(海)랑영화제,,,230,,"삼척해변, 이사부독도기념관 등 삼척 일원"
F0500,2022,삼척동해왕이사부축제,,,430,60000,삼척문화예술회관 일원
F0500,2023,삼척동해왕이사부축제,,,430,,이사부광장 일원
F0500,2025,삼척동해왕이사부축제,2025-09-06,2025-09-07,430,51594,삼척 장미공원
F0500,2026,2026 삼척동해왕이사부축제,2026-09-04,2026-09-06,400,,삼척장미공원 일원
F0501,2025,제3회 강원예술인 한마당,2025-10-17,2025-10-19,400,,토리숲 일원
F0501,2026,2026 강원예술인 한마당,2026-10-16,2026-10-18,400,,삼척문화예술회관 및 엑스포 광장 등
F0502,2026,2026 국가유산 죽서루 야행,2026-10-16,2026-10-18,300,,삼척 죽서루 일원
F0503,2024,제15회 삼척평생학습박람회 및 제5회 책축제,2024-10-19,2024-10-20,293,15000,삼척문화예술회관 및 삼척시청소년수련관 일원
F0503,2025,제16회 삼척평생학습박람회 및 제6회 책축제,2025-10-25,2025-10-26,317,15000,삼척문화예술회관 및 청소년수련관 일대
F0503,2026,제17회 삼척평생학습박람회 및 제7최 책축제,2026-10-24,2026-10-25,317,,삼척시문화예술회관 및 삼척시청소년수련관 일원
F0504,2026,2026년 제3회 너와포차거리,2026-10-30,2026-10-31,98,,미정
F0505,2023,제11회 홍천강 꽁꽁축제,2023-01-13,2023-01-24,1500,150820,홍천강변일원
F0505,2024,제12회 홍천강 꽁꽁축제,2024-01-21,2024-01-21,2000,161155,홍천강변 일원
F0505,2025,제13회 홍천강 꽁꽁축제,2025-01-18,2025-02-01,2000,230050,홍천강변 일원
F0505,2026,제14회 홍천강 꽁꽁축제,2026-01-09,2026-01-25,2000,,홍천강변 일원
F0506,2022,제4회 홍천산나물축제,,,290,63290,홍천시내 및 강변 일원
F0506,2023,제5회 홍천산나물축제,,,290,31080,홍천시내 및 강변 일원
F0506,2024,제6회 홍천산나물축제,,,290,36045,홍천시내 및 강변일원
F0506,2025,제7회 홍천산나물축제,,,290,24654,토리숲 일원
F0506,2026,제8회 홍천산나물출제,,,290,,토리숲 일원
F0507,2022,제26회 홍천찰옥수수축제,,,295,36056,홍천시내 및 강변 일원
F0507,2023,제27회 홍천찰옥수수축제,,,300,38064,홍천시내 및 강변 일원
F0507,2024,제28회 홍천찰옥수수축제,,,295,26850,홍천시내 및 강변일원
F0507,2025,제29회 홍천찰옥수수축제,,,295,26850,홍천종합운동장 일원
F0507,2026,제30회 홍천찰옥수수축제,,,295,,홍천종합운동장 일원
F0508,2022,제6회 홍천강 별빛음악 맥주축제,,,800,159000,홍천시내 및 강변 일원
F0508,2023,제7회 홍천강 별빛음악 맥주축제,,,800,130682,홍천시내 및 강변 일원
F0508,2024,제8회 홍천강 별빛음악 맥주축제,,,1100,131189,토리숲 일원
F0508,2025,제9회 홍천강 별빛음악 맥주축제,,,1100,154147,토리숲 일원
F0508,2026,제10회 홍천강 별빛음악 맥주축제,,,1100,,토리숲 일원
F0509,2022,제20회 강원홍천 인삼한우 명품축제,,,450,104500,홍천시내 및 강변 일원
F0509,2023,제21회 강원홍천 인삼한우 명품축제,,,450,70472,홍천시내 및 강변 일원
F0509,2024,제22회 강원홍천 인삼한우 명품축제,,,500,100472,홍천시내 및 강변일원
F0509,2025,제23회 홍천 인삼한우 명품축제,,,500,105717,토리숲 일원
F0509,2026,제24회 홍천 인삼한우 명품축제,,,500,,토리숲 일원
F0510,2024,제9회 홍천사과축제,,,290,40815,홍천시내 및 강변일원
F0510,2025,제10회 홍천사과축제,,,290,105717,토리숲 일원
F0510,2026,제11회 홍천사과축제,,,290,,토리숲 일원
F0511,2023,제19회 횡성한우축제,,,2060,250000,종합운동장 일원
F0511,2024,제20회 횡성한우축제,,,1800,302000,종합운동장 일원
F0511,2025,제21회 횡성한우축제,,,2040,300000,토리숲 일원
F0511,2026,제22회 횡성한우축제,,,2040,,횡성읍 일원
F0512,2022,제11회 둔내고랭지토마토축제,,,150,120000,둔내종합체육공원 및 시가지 일원
F0512,2023,제12회 둔내고랭지토마토축제,,,223,38000,둔내종합체육공원
F0512,2024,제13회 둔내고랭지토마토축제,,,181,30977,둔내종합체육공원
F0512,2025,제14회 둔내고랭지토마토축제,,,205,51373,토리숲 일원
F0512,2026,제15회 둔내고랭지토마토축제,,,205,,둔내면 일원
F0513,2022,제9회 횡성더덕축제,,,150,20000,청일면 유동리 1150 일원
F0513,2023,제10회 횡성더덕축제,,,223,30000,농거리축제장
F0513,2024,제11회 횡성더덕축제,,,181,33031,농거리축제장
F0513,2025,제12회 횡성더덕축제,,,180,25030,토리숲 일원
F0513,2026,제13회 횡성더덕축제,,,180,,청일면 일원
F0514,2022,제14회 안흥찐빵축제,,,150,63000,안흥찐빵마을 일원
F0514,2023,제15회 안흥찐빵축제,,,223,70000,안흥찐빵모락모락마을
F0514,2024,제16회 안흥찐빵축제,,,181,45241,안흥찐빵모락모락마을
F0514,2025,제17회 안흥찐빵축제,,,180,53499,토리숲 일원
F0514,2026,제18회 안흥찐빵축제,,,180,,안흥찐빵모락모락마을 일원
F0515,2022,제3회 횡성호수길 축제,,,130,18000,갑천면 망향의 동산 일원
F0515,2023,제4회 횡성호수길축제,,,120,11000,망향의 동산 일원
F0515,2024,제5회 횡성호수길축제,,,131,13560,망향의 동산 일원
F0515,2025,제6회 횡성호수길축제,,,100,12820,토리숲 일원
F0515,2026,제7회 횡성호수길축제,,,100,,횡성호수길 일원
F0516,2023,소(牛)맥 프리미엄 페스티벌,,,30,7000,베이스볼파크 일원
F0516,2024,제2회 소(牛)맥 프리미엄 페스티벌,,,131,7500,베이스볼파크 일원
F0516,2025,제3회 소(牛)맥 프리미엄 페스티벌,,,100,3589,토리숲 일원
F0516,2026,제4회 소(牛)맥 프리미엄 페스티벌,,,100,,공근면 일원
F0517,2023,제4회 태종노구문화제,,,110,2000,각림복지회관일원
F0517,2024,제5회 태종노구문화제,,,121,2368,각림복지회관일원
F0517,2025,제4회 태종노구문화제,,,100,4500,토리숲 일원
F0517,2026,제5회 태종노구문화제,,,100,,강림면 일원
F0518,2022,제32회 횡성회다지소리 민속문화제,,,100,7000,우천 정금민속관 일원
F0518,2023,제34회 횡성회다지소리 민속문화제,,,100,4000,정금민속관일원
F0518,2024,제35회 회다지민속문화제,,,100,,정금민속관일원
F0518,2026,제38회 횡성회다지소리 민속문화제,,,100,,우천면 정금민속관 일원
F0519,2022,단종문화제,2022-04-22,2022-04-24,980,50000,장릉외
F0519,2023,단종문화제,2023-04-28,2023-04-30,1050,50000,"장릉, 동강둔치 외"
F0519,2024,단종문화제,2024-04-26,2024-04-28,1065,50990,"장릉, 동강둔치 외"
F0519,2025,단종문화제,2025-04-25,2025-04-27,1250,48492,"장릉, 동강둔치 외"
F0519,2026,제59회 단종문화제,2026-04-24,2026-04-26,1700,,영월군 관내 일원
F0520,2022,동강국제사진제,2022-07-01,2022-09-30,596,30000,동강사진박물관
F0520,2023,동강국제사진제,2023-09-30,2023-09-30,700,30000,동강사진박물관
F0520,2024,동강국제사진제,2024-07-12,2024-09-29,590,34475,동강사진박물관
F0520,2025,동강국제사진제,2025-07-18,2025-09-28,690,35313,동강사진박물관
F0520,2026,동강국제사진제,2026-07-01,2026-10-31,700,,"동강사진박물관, 예술창작스튜디오"
F0521,2022,동강뗏목축제,2022-08-04,2022-08-07,779,50000,동강둔치
F0521,2023,동강뗏목축제,,,857,50000,동강둔치
F0521,2024,동강뗏목축제,,,757,75335,동강둔치
F0521,2025,동강뗏목축제,2025-08-01,2025-08-03,900,24608,동강둔치
F0521,2026,제28회 동강뗏목축제,2026-07-31,2026-08-02,900,,동강둔치 등
F0522,2022,김삿갓문화제,2022-09-23,2022-09-25,493,30000,김삿갓문학관
F0522,2023,김삿갓문화제,,,458,30000,김삿갓문학관
F0522,2024,김삿갓문화제,2024-10-11,2024-10-13,449,19739,김삿갓문학관
F0522,2025,김삿갓문화제,2025-10-17,2025-10-19,549,16688,김삿갓유원지 일원
F0522,2026,김삿갓문화제,2026-10-16,2026-10-18,550,,김삿갓 묘역 등
F0523,2023,계촌클래식축제,,,100,4500,계촌클래식마을 일원
F0523,2024,2024 계촌클래식축제,2024-05-15,2024-05-19,180,21500,방림면 계촌리 일원
F0523,2025,2025년 계촌클래식축제,,,250,18000,평창군 방림면 계촌리 일원
F0523,2026,계촌클래식축제,,,250,,평창군 방림면 계촌리 일원
F0524,2022,평창더위사냥축제,,,100,5000,평창군 대화면 땀띠공원 일원
F0524,2023,평창더위사냥축제,,,110,21635,더위사냥캠핑장 일원
F0524,2024,2024 평창더위사냥축제,2024-07-26,2024-07-26,283,33670,대화면 땀띠공원 일원
F0524,2025,2025년 평창더위사냥축제,,,599,35246,평창군 대화면 해뜰마을길 일원
F0524,2026,평창더위사냥축제,,,599,,평창군 대화면 해뜰마을길 일원
F0525,2022,평창효석문화제,,,660,80000,평창군 봉평면 평창효석문화제 축제장 일원
F0525,2023,평창효석문화제,,,660,267925,효석문화마을 일원
F0525,2024,2024 평창효석문화제,2024-09-18,2024-09-18,598,140357,봉평면 효석문화마을 일원
F0525,2025,2025년 평창효석문화제,,,645,195000,평창군 봉평면 효석문화마을 일원
F0525,2026,평창효석문화제,,,645,,평창군 봉평면 효석문화마을 일원
F0526,2022,평창농악축제,,,200,1000,평창군 용평면 농악축제장 일원
F0526,2023,평창농악축제,,,200,5000,전통상설민속공연장 일원
F0526,2024,2024 평창농악축제,2024-09-13,2024-09-18,289,7500,용평면 갈정지길 일원
F0526,2025,2025년 평창농악축제,,,267,11500,평창군 용평면 장평리 일원
F0526,2026,평창농악축제,,,267,,평창군 용평면 장평리 일원
F0527,2022,평창백일홍축제,,,100,50000,평창군 평창읍 평창백일홍축제장 일원
F0527,2023,평창백일홍축제,,,110,99266,평창백일홍축제장
F0527,2024,2024 평창백일홍축제,2024-09-13,2024-09-22,243,117920,평창읍 제방길 일원
F0527,2025,2025년 평창백일홍축제,,,363,96261,평창군 평창읍 제방길 일원
F0527,2026,평창백일홍축제,,,363,,평창군 평창읍 제방길 일원
F0528,2022,평창송어축제,,,60,220000,평창군 진부면 오대천 일원
F0528,2023,평창송어축제,,,60,199848,진부문화센터 일원
F0528,2024,제16회 평창송어축제,2024-12-27,2024-02-02,536,284894,진부면 오대천 일원
F0528,2025,2025년 평창송어축제,2025-01-03,2025-02-02,898,227725,평창군 진부면 오대천 일원
F0528,2026,평창송어축제,2026-01-09,2026-02-09,898,,평창군 진부면 오대천 일원
F0529,2022,대관령눈꽃축제,2022-01-21,2022-01-30,280,81000,평창군 대관령면 송천일원
F0529,2023,대관령눈꽃축제,,,302,67317,대관령눈꽃축제장
F0529,2024,제30회 대관령눈꽃축제,2024-01-27,2024-02-11,601,82695,대관령면 송천 일원
F0529,2025,2025년 대관령눈꽃축제,2025-01-24,2025-02-02,985,110391,평창군 대관령면 송천 일원
F0529,2026,대관령눈꽃축제,2026-02-13,2026-02-22,975,,평창군 대관령면 송천 일원
F0530,2026,제1회 정선메밀전병축제,2026-02-28,2026-03-02,80,,정선읍 정선5일장 일원
F0531,2023,제17회 정선 동강할미꽃 축제,2023-03-27,2023-03-27,0,2500,정선읍 귤암리 동강할미꽃 서식지 일원
F0531,2024,제18회 정선 동강할미꽃 축제,2024-03-29,2024-03-31,10,20000,정선읍 귤암리 동강할미꽃 서식지 일원
F0531,2025,정선동강할미꽃축제,2025-03-21,2025-03-23,10,20000,정선읍 동강로 2908
F0531,2026,제20회 정선동강할미꽃 축제,2026-03-27,2026-03-29,10,,정선읍 동강로 2908
F0532,2023,제31회 화암약수제,2023-04-29,2023-04-30,40,1500,화암시가지일원
F0532,2024,제32회 화암약수제,2024-04-26,2024-04-27,40,,화암시가지일원
F0532,2026,제34회 화암약수제,2026-04-24,2026-04-25,20,,화암약수 및 그림바위 퍼즐 주차장 일원
F0533,2025,로컬푸드축제,,,10,15000,북평면 나전역광장 일원
F0533,2026,제15회 로컬푸드축제,,,20,,북평면 나전역광장 일원
F0534,2026,제33회 두위봉 철쭉제 산맥 페스티벌,,,10,,"단곡계곡, 두위봉 일원"
F0535,2023,사북석탄문화제,2023-07-28,2023-07-30,20,1400,사북읍
F0535,2024,제28회 사북석탄문화제,2024-07-25,2024-07-28,30,10000,사북읍
F0535,2025,사북석탄문화제,,,10,20000,사북읍 650거리 일원
F0535,2026,제30회 사북읍석탄문화제,2026-06-26,2026-06-28,10,,사북읍 650거리 및 탄광문화촌 광장 일원
F0536,2026,제3회 나전역 야시장 야밤바 행사,,,5,,북평면 옛시장골목 일원
F0537,2022,함백산야생화축제,,,10,80000,함백산 만항재 일원
F0537,2023,함백산야생화축제,,,120,150000,고한읍 만항재 일원
F0537,2024,함백산야생화축제,2024-07-29,2024-07-29,110,150000,고한읍 만항재 일원
F0537,2025,정선 함백산 야생화축제,,,10,150000,"만항재 산상의화원, 하늘숲 정원, 야생화공원, 고한시장 일원"
F0537,2026,제21회 정선 함백산 야생화축제,,,10,,"만항재 산상의화원, 하늘숲 정원, 야생화공원, 마을호텔18번가, 고한시장 일원"
F0538,2026,제10회 강변가요제,,,30,,조양강 둔치
F0539,2023,제31회 아우라지뗏목축제,2023-07-28,2023-07-30,50,2000,아우라지광장
F0539,2024,제32회 아우라지뗏목축제,2024-08-04,2024-08-04,50,50000,아우라지광장
F0539,2025,아우라지 뗏목축제,,,10,32000,여량면
F0539,2026,제34회 아우라지 뗏목축제,,,10,,여량면 아우라지 광장
F0540,2022,정선아리랑제,,,1018,74111,아리랑공원 일원
F0540,2023,제48회 정선아리랑제,,,1463,103906,정선 공설운동장 일원
F0540,2024,제49회 정선아리랑제,,,1686,111939,정선 공설운동장
F0540,2025,제50회 정선아리랑제,2025-09-25,2025-09-28,2390,145364,정선읍 공설운동장 일원
F0540,2026,제51회 정선아리랑제,2026-10-01,2026-10-04,2690,,정선읍 공설운동장
F0541,2023,민둥산은빛억새축제,2023-09-16,2023-10-30,10,220000,민둥산일원
F0541,2024,민둥산은빛억새축제,2024-09-20,2024-09-11,10,300000,민둥산일원
F0541,2025,민둥산은빛억새축제,,,10,300000,민둥산 일원
F0541,2026,제31회 민둥산은빛억새축제,,,10,,민둥산 및 민둥산운동장 일원
F0542,2022,정선사과축제,,,100,,임계면 소재지 일원
F0542,2026,정선 사과축제,2026-11-07,2026-11-08,150,,임계면 사통팔달시장 일원
F0543,2026,2026년 용화천 겨울 놀이터,2026-01-16,2026-02-08,100,,용화천 명성어린이공원 일원
F0544,2026,2026년 용화천 물놀이장,2026-07-18,2026-08-09,60,,용화천 명성어린이공원 일원
F0545,2026,DMZ 피스트레인 뮤직페스티벌 2026,2026-06-12,2026-06-14,982,,철원군 고석정 일원
F0546,2022,제16회 철원 화강 다슬기 축제,,,998,166700,화강 쉬리공원
F0546,2023,제17회 철원 화강 다슬기축제,,,1116,186450,화강 쉬리공원
F0546,2024,제18회 철원 화강 다슬기 축제,,,1170,200000,화강쉬리공원 및 김화생활체육공원 일원
F0546,2025,제18회 철원 화강 다슬기 축제,2025-07-31,2025-08-03,1200,300000,화강쉬리공원 및 김화생활체육공원 일원
F0546,2026,철원 화강 다슬기축제,2026-07-30,2026-08-02,1190,,철원 화강 쉬리공원 일원
F0547,2022,제40회 태봉제,,,773,101000,철원종합운동장
F0547,2023,제41회 태봉제,,,878,35980,철원종합운동장
F0547,2024,제42회 태봉제,,,950,45000,철원종합운동장 일원
F0547,2025,제42회 태봉제,2025-10-02,2025-10-04,993,60000,철원종합운동장 일원
F0547,2026,태봉제,2026-10-01,2026-10-03,991,,철원종합운동장일원
F0548,2024,제13회 철원 한탄강 얼음트레킹 축제,,,1099,100000,철원 한탄강 물윗길 트레킹 코스 일원
F0548,2025,제13회 철원 한탄강 얼음트레킹 축제,2025-01-11,2025-01-19,1099,150000,철원 한탄강 물윗길 트레킹 코스 일원
F0548,2026,철원한탄강얼음트레킹 축제,2026-01-17,2026-01-25,1199,,철원 한탄강
F0549,2022,토마토축제,,,660,107283,사내면 문화광장 일원
F0549,2023,화천토마토축제,,,600,116514,붕어섬일원
F0549,2024,제20회 화천토마토축제,,,600,133518,화천군 사내면 사창리 일원
F0549,2025,제21회 화천토마토축제,2025-07-29,2025-08-03,660,130092,사내면 문화마을 일원
F0549,2026,제22회 화천토마토축제,2026-08-06,2026-08-09,660,,사내면 문화마을 일원
F0550,2025,2025 얼음나라화천산천어축제,2025-01-11,2025-02-02,2960,1869785,화천읍 화천천 및 시가지 일원
F0550,2026,2026얼음나라 화천 산천어축제,2026-01-10,2026-02-01,4760,,화천읍 화천천 일원
F0551,2022,2022 양구 곰취축제,2022-05-05,2022-05-08,500,91000,레포츠공원일원
F0551,2023,2023 양구 곰취축제,,,590,62991,레포츠공원
F0551,2024,2024 청춘양구 곰취축제,,,650,83821,양구읍서천레포츠공원
F0551,2025,2025 청춘양구 곰취축제,2025-05-03,2025-05-06,725,102115,양구서천레포츠공원 일원
F0551,2026,2026 청춘양구 곰취축제,2026-05-02,2026-05-05,800,,양구 서천레포츠 공원 일원
F0552,2022,2022 국토정중앙 양구 배꼽축제,2022-09-02,2022-09-04,500,48222,레포츠공원일원
F0552,2023,2023 국토정중앙 양구 배꼽축제,,,595,70632,레포츠공원
F0552,2024,2024 국토정중앙 청춘양구 배꼽축제,2024-08-30,2024-08-30,650,68251,양구읍서천레포츠공원
F0552,2025,2025 국토정중앙 청춘양구 배꼽축제,2025-08-29,2025-08-31,725,71393,양구서천레포츠공원 일원
F0552,2026,2026 국토정중앙 청춘양구 배꼽축제,2026-08-28,2026-08-30,800,,양구 서천레포츠 공원 일원
F0553,2022,제37회 양록제,2022-10-06,2022-10-08,295,5000,양구종합운동장 일원
F0553,2023,제38회 양록제,2023-10-12,2023-10-14,295,0,양구종합운동장
F0553,2024,제39회 양록제,2024-10-10,2024-10-12,295,,양구종합운동장 일원
F0553,2025,제40회 양록제,2025-10-17,2025-10-18,295,,양구종합운동장 일원
F0553,2026,제41회 양록제,2026-10-16,2026-10-17,295,,양구 종합운동장 일원
F0554,2023,2023 청춘양구 펀치볼 시래기 사과축제,2023-10-28,2023-10-29,295,31493,해안면 성황지
F0554,2024,2024 청춘양구 펀치볼 시래기 사과 축제,2024-10-26,2024-10-27,295,43441,해안면 성황지 일원
F0554,2025,2025 청춘양구 펀치볼시래기사과축제,2025-10-31,2025-11-02,450,47813,해안면 펀치볼 힐링하우스 앞 성황지
F0554,2026,2026 청춘양구 펀치볼 시래기사과축제,2026-11-06,2026-11-08,450,,해안명 펀치볼 힐링하우스 앞 성황지 일원
F0555,2025,2025 인제 여름 축제,,,2000,82573,남면 부평리 빙어호 일원
F0555,2026,2026 인제 여름 축제,,,2300,,남면 부평리 빙어호 일원
F0556,2022,제4회 인제가을꽃축제,,,700,157000,인제군 북면 용대관광지
F0556,2023,제5회 인제가을꽃축제,,,700,253000,북면 용대관광지 일원
F0556,2024,제6회 인제가을꽃축제,,,700,250000,북면 용대관광지 일원
F0556,2025,2025 인제 가을꽃축제,,,2000,302794,북면 용대관광지 일원
F0556,2026,2026 인제 가을꽃축제,,,2300,,북면 용대관광지 일원
F0557,2022,제22회 용대황태축제,2022-05-05,2022-05-08,140,25000,인제군 북면 용대3거리 일원
F0557,2023,제23회 용대황태축제,,,145,35000,북면 용대삼거리 일원
F0557,2024,제24회 용대황태축제,,,140,20000,북면 용대삼거리 일원
F0557,2025,용대황태축제,2025-10-02,2025-10-05,132,15000,용대삼거리 황태촌 일대
F0557,2026,용대황태축제,2026-04-30,,132,,용대삼거리 황태촌 일월
F0558,2025,하추리도리깨축제,2025-10-25,2025-10-26,27.5,920,인제읍 하추로 187
F0558,2026,하추리도리깨축제,2026-10-24,2026-10-25,30.8,,인제읍 하추로 187
F0559,2026,인제천리길 개통 10주년 기념행사 및 제9회 인제천리길 걷기 축제,,,11,,인제천리길코스
F0560,2026,제12회 곰배령별밤음악축제,2026-08-14,2026-08-15,11,,진동2리 진동분교
F0561,2026,햇살마을 구상나무트리 축제,2026-12-10,2026-12-11,11,,햇살마을 산림치유센터 일원
F0562,2026,제1회 설악산 백담 눈꽃축제,2026-01-24,2026-02-01,16,,백담마을 회관 일원(만해로 410-17)
F0563,2026,제2회 기린농협 산나물 직거래 판매행사,,,11,,기린체육공원 인근
F0564,2022,고성통일명태축제,,,500,40000,거진읍 거진11리 해변
F0564,2023,제23회 고성통일명태축제,2023-10-19,2023-10-22,,107000,거진11리 해변(주차장)일원
F0564,2024,제24회 고성통일명태축제,,,350,97000,거진11리 해변
F0564,2025,제25회 고성통일명태축제,,,450,84000,거진읍 거진11리 해변
F0564,2026,제26회 고성통일명태축제,,,451,,거진읍 거진11리 행변
F0565,2026,2026 양양 낙산해변 달빛모닥불 축제,2026-02-28,2026-03-01,60,,낙산해변B지구
F0566,2026,2026 양양 남대천 벚꽃축제,,,80,,송이조각공원 일원
F0567,2026,2026 마을단위축제(3개 내외),,,35,,양양군(공모 심의 선정)
F0568,2026,양양 서핑페스티벌,2026-08-01,2026-11-30,150,,양양군 관내 해수욕장
F0569,2024,양양송이연어축제,,,1000,,양양 남대천
F0569,2026,2026 양양송이연어축제,,,1000,,양양 남대천 일원
F0570,2026,크리스마스 마켓&축제,2026-12-23,2026-12-27,50,,낙산해변 알바트로스 광장 일원
F0571,2026,충북 한우랑 브랜드랑 축제,,,72,,미정
F0572,2023,영춘제,2023-04-22,2023-04-22,99,,청남대
F0572,2026,제17회 영춘제,,,100,,청남대 일원
F0573,2026,제21회 가을축제,,,100,,청남대 일원
F0574,2025,2025 3·3데이 청주삼겹살 축제,2025-03-02,2025-03-03,15,12000,청주 서문시장 삼겹살거리 일원
F0574,2026,2026 3·3데이 청주삼겹살 축제,2026-03-02,2026-03-03,15,,청주 서문시장 삼겹살거리 일원
F0575,2024,벚꽃과함께 하는 푸드트럭 축제,,,102,340000,서원구 무심서로 일원
F0575,2025,2025 벚꽃과 함께하는 제3회 청주 푸드트럭 축제,2025-03-28,2025-03-30,100,430000,청주 상당구 무심동로(청주대교~제1운천교) 일원
F0575,2026,2026 벚꽃과 함께하는 제5회 청주 푸드트럭 축제,2026-04-03,2026-04-05,100,,청주 상당구 무심동로(청주대교~제1운천교) 일원
F0576,2025,2025 청주 미식·주(酒) 페스타,2025-05-30,2025-05-31,195,30000,청주 내덕동 동부창고 일원
F0576,2026,2026 청주 미식·주(酒) 페스타,2026-10-24,2026-10-25,185,,청주 문화제조창 잔디광장 일원
F0577,2024,청주 디저트베이커리페스타,2024-09-23,2024-09-24,97,65000,미정
F0577,2025,2025 청주 디저트·베이커리 페스타,2025-11-08,2025-11-09,120,67000,청주 문화제조창 잔디광장 일원
F0577,2026,2026 청주 디저트·베이커리 페스타,2026-10-31,2026-11-01,114,,청주 문화제조창 잔디광장 일원
F0578,2022,세종대왕과 초정약수축제,2022-10-07,2022-10-09,601,79266,"초정문화공원, 초정행궁 일원"
F0578,2023,세종대왕과 초정약수축제,2023-10-20,2023-10-22,616,150000,"초정문화공원, 초정행궁 일원"
F0578,2024,세종대왕과 초정약수축제,2024-10-20,2024-10-22,1005,170000,"초정문화공원, 초정행궁 일원"
F0578,2025,2025 세종대왕과 초정약수축제,2025-10-10,2025-10-12,1000,160000,초정행궁일원
F0578,2026,2026 세종대왕과 초정약수축제,2026-09-18,2026-09-20,1029,,초정행궁일원
F0579,2026,한여름밤 오싹 호러 페스티벌,2026-08-21,2026-08-23,1000,,성안길(중앙역사공원~철당간) 일원
F0580,2025,2025 청주시 도시농업 페스티벌,2025-05-02,2025-05-05,500,60252,청주시농업기술센터 유기농복합단지 일원
F0580,2026,2026 청주시 도시농업 페스티벌,2026-05-14,2026-05-17,500,,청주시농업기술센터 유기농복합단지 일원
F0581,2026,대한민국 정원박람회 2026 청주 가드닝페스티벌,2026-05-07,2026-05-10,1000,,생명누리공원
F0582,2022,청원생명축제,,,2425,600122,오창미래지공원
F0582,2023,청원생명축제,2023-10-15,2023-10-15,2837,620412,오창읍 미래지농촌테마공원
F0582,2024,청원생명축제,2024-10-15,2024-10-15,2753,650000,오창읍 미래지농촌테마공원
F0582,2025,2025 청원생명축제,2025-10-17,2025-10-26,2988,653185,미래지농촌테마공원
F0582,2026,2026 청원생명축제,2026-10-02,2026-10-11,3074,,오창읍 미래지농촌테마공원
F0583,2026,2026 직지문화축제,2026-09-04,2026-09-06,2000,,"직지문화특구 일원(고인쇄박물관, 청주예술의전당 등)"
F0584,2026,2026 청주 국가유산 야행,2026-04-24,2026-04-26,407.5,,청주시 원도심 일원
F0585,2026,2026 국가유산 미디어아트 청주,2026-08-28,2026-09-17,1400,,청주시 원도심 일원
F0586,2026,원도심골목길축제<봄:중앙극장>,2026-04-25,2026-04-26,120,,상당구 중앙동 일원
F0587,2022,청남대재즈토닉페스티벌,,,0,10000,청남대
F0587,2023,청남대재즈토닉페스티벌,,,454,,청남대
F0587,2026,청남대 재즈토닉페스티벌,2026-05-22,2026-05-24,520,,청남대 일원
F0588,2026,원도심골목길축제<여름:성안이즈백>,2026-08-29,2026-08-30,90,,상당구 성안동 일원
F0589,2026,청주읍성큰잔치,2026-09-05,2026-09-06,280,,청주 중앙공원 일원
F0590,2026,동부창고페스타,2026-09-12,2026-09-13,90,,동부창고 일원
F0591,2026,원도심골목길축제<가을:집대성>,2026-11-07,2026-11-08,70,,상당구 대성동 일원
F0592,2025,힙한 청주 페스티벌 in 제조창,2025-08-22,2025-08-23,250,9300,청주문화제조창 잔디광장
F0592,2026,힙한 청주 페스티벌 in 제조창,2026-08-15,2026-08-16,250,,청주 문화제조창 잔디광장
F0593,2022,제50회 우륵문화제,2022-01-01,2022-12-31,500,50000,충주시
F0593,2023,제51회 우륵문화제,,,300,50000,미정
F0593,2024,우륵문화제,,,500,50000,탄금공원
F0593,2025,제53회 우륵문화제,2025-09-24,2025-09-28,600,60000,탄금공원 일원
F0593,2026,제54회 우륵문화제,2026-10-07,2026-10-11,600,,탄금공원
F0594,2025,목계별신제,2025-04-26,2025-04-27,90,3000,엄정면 목계나루 일원
F0594,2026,목계별신제,2026-04-25,2026-04-26,90,,엄정면 목계나루 일원
F0595,2026,2026 충주 국가유산 야행,2026-09-04,2026-09-06,250,,관아공원
F0596,2025,2025년 충주씨 농산물직거래 한마당,2025-10-24,2025-10-26,200,410000,탄금공원 일원
F0596,2026,2026년 충주씨 농산물직거래 한마당,2026-10-17,2026-10-18,200,,탄금공원 일원
F0597,2025,충주호 벚꽃축제,2025-03-28,2025-03-30,35,6412,충주다목적댐 물문화관 일원
F0597,2026,충주호 벚꽃축제,,,35,,충주다목적댐 물문화관 일원
F0598,2023,제39회 수안보온천제,,,110,4000,수안보 물탕공원 일원
F0598,2024,제39회 수안보온천제,2024-04-12,2024-04-14,116,41360,수안보 물탕공원 일원
F0598,2025,제41회 수안보온천제,,,120,52000,수안보 물탕공원 일원
F0598,2026,제41회 수안보온천제,,,130,,수안보 물탕공원 일원
F0599,2024,충주다이브페스티벌,2024-05-30,2024-05-30,1700,201137,충주종합운동장
F0599,2025,충주다이브페스티벌,2025-05-29,2025-06-01,1700,222654,충주종합운동장 일원
F0599,2026,충주다이브페스티벌,2026-06-11,2026-06-14,1980,,충주종합운동장 일원
F0600,2025,비내섬 축제,,,100,5421,비내섬 일원
F0600,2026,비내섬 축제,,,100,,비내섬 일원
F0601,2025,2025 제천빨간오뎅축제,2025-02-28,2025-03-03,80,20000,제천역 광장 일원
F0601,2026,2026 제3회 제천빨간오뎅축제,2026-02-28,2026-03-02,80,,제천역 광장 일원
F0602,2022,제26회 청풍호 벚꽃축제,,,60,,청풍일원
F0602,2023,제27회 청풍호 벚꽃축제,,,60,100000,청풍일원
F0602,2024,제28회 청풍호 벚꽃축제,,,60,190000,청풍면 일원
F0602,2025,제29회 청풍호 벚꽃축제,2025-04-10,2025-04-13,80,20000,제천시 청풍면 물태리 일원
F0602,2026,제30회 제천청풍호벚꽃축제,2026-04-03,2026-04-05,80,,청풍면 물태리 일원
F0603,2026,2026 제천 임산물 숲푸드 축제,2026-06-13,2026-06-14,40,,의림지 수변무대
F0604,2025,제23회 월악산송계양파축제,,,45,2500,한수체육문화공원
F0604,2026,제24회 월악산송계양파축제,,,45,,한수체육문화공원
F0605,2023,슬로시티수산 힐링 축제,2023-09-21,2023-09-23,30,10000,옥순봉생태공원
F0605,2024,슬로시티 힐링 축제,,,27,,수산면 일원
F0605,2026,슬로시티 수산 힐링축제,2026-10-23,2026-10-25,27,,수산면 옥순봉 생태공원 일원
F0606,2025,제6회 봉양박달콩축제,,,50,3000,봉양읍 문화복지센터
F0606,2026,제7회 봉양박달콩축제,,,50,,봉양읍 문화복지센터
F0607,2024,2024년 제천 수제맥주&달빛야시장 축제,,,100,14000,문화의거리 일원
F0607,2025,2025년 제천 수제맥주&달빛야시장 축제,,,150,14000,문화의 거리 일원
F0607,2026,2026년 제천 수제맥주&달빛야시장 축제,,,75,,제천 문화의거리 일원
F0608,2025,제4회 덕산 양채축제,,,37,1000,덕산면근린공원
F0608,2026,제5회 덕산양채축제,,,47,,덕산면 근린공원
F0609,2024,2024 보은 벚꽃길 축제,,,290,65932,보청천 일원
F0609,2025,2025 보은벚꽃길축제,2025-04-04,2025-04-13,500,240129,보청천 일원
F0609,2026,2026 보은벚꽃길축제,2026-04-03,2026-04-12,400,,보은군이음센터 일원
F0610,2022,2022 보은대추축제,2022-10-14,2022-10-31,1100,,뱃들공원
F0610,2023,2023 보은대추축제,2023-10-13,2023-10-22,1190,354742,뱃들공원 일원
F0610,2024,2024 보은대추축제,2024-10-11,2024-10-20,1320,425563,뱃들공원 일원
F0610,2025,2025 보은대추축제,,,1300,456190,뱃들공원 및 속리산 일원
F0610,2026,2026 보은대추축제,,,1400,,뱃들공원 및 속리산 일원
F0611,2023,제21회 옥천묘목축제,2023-03-31,2023-03-31,444,56857,옥천묘목공원
F0611,2024,제22회 옥천묘목축제,2024-03-29,2024-03-31,401,51174,옥천묘목공원
F0611,2025,제23회 옥천묘목축제,2025-03-28,2025-03-30,424,53127,옥천묘목공원 일원(이원면 이원로 828)
F0611,2026,제24회 옥천묘목축제,2026-04-02,2026-04-05,420,,옥천묘목공원 일원
F0612,2025,제6회 청산생선국수축제,2025-04-05,2025-04-06,53,3000,미정
F0612,2026,제7회 청산생선국수 축제,2026-04-04,2026-04-05,59,,청산면 지전리 일원
F0613,2023,제1회 향수옥천 유채꽃축제,2023-04-15,2023-05-10,69,,옥천 금강수변 친수공원 일원
F0613,2025,제3회 향수옥천 유채꽃 축제,,,123,,옥천 금강수변 친수공원
F0613,2026,제3회 향수옥천 유채꽃 축제,,,73,,옥천 금강수변 친수공원
F0614,2022,제35회 지용제,2022-05-12,2022-05-15,529.5,61832,구읍 일원
F0614,2023,제36회 지용제,,,529,63248,옥천군 일원
F0614,2024,제37회 지용제,2024-05-17,2024-05-19,605,60229,정지용생가 및 구읍 일원
F0614,2025,제38회 지용제,,,594,92712,정지용 생가 및 구읍 일원
F0614,2026,제39회 지용제,2026-05-15,2026-05-18,600,,정지용 생가 및 구읍 일원
F0615,2022,제14회 향수옥천 포도복숭아축제,,,590,50759,옥천공설운동장 일원
F0615,2023,제15회 향수옥천 포도복숭아축제,2023-07-28,2023-07-30,633,,옥천공설운동장 일원
F0615,2024,제15회 향수옥천 포도복숭아축제,,,573,,옥천공설운동장 일원
F0615,2026,2026 제17회 향수옥천 포도복숭아 축제,,,526,,옥천공설운동장 일원
F0616,2025,2025년 제15회 옥수수감자 축제,2025-07-12,2025-07-13,82.8,5200,안내면종합축제장 일원
F0616,2026,2026년 제16회 옥수수감자 축제,2026-07-11,2026-07-12,82.8,,안내면종합축제장 일원
F0617,2022,제19회 영동곶감축제,2022-01-05,2022-01-25,450,73100,온라인
F0617,2023,2023 영동곶감축제,,,450,73100,영동체육관
F0617,2024,2024 영동곶감축제,2024-01-19,2024-01-21,520,76600,영동 하상주차장일원
F0617,2025,2025 영동곶감축제,2025-01-03,2025-01-05,520,76600,영동천 하상주차장 일원
F0617,2026,2026 영동곶감축제,2026-01-30,2026-02-01,600,,영동 하상주차장일원
F0618,2022,제11회 대한민국와인축제,2022-10-07,2022-10-10,455,123620,영동레인보우힐링관광지
F0618,2023,제12회 대한민국와인축제,,,455,146650,레인보우힐링관광지
F0618,2024,제13회 대한민국와인축제,2024-05-12,2024-05-12,455,100200,영동 하상주차장일원
F0618,2025,제14회 대한민국와인축제,2025-09-12,2025-10-11,455,113006,영동와인터널 앞
F0618,2026,제15회 대한민국와인축제,,,590,,영동 하상주차장일원(예정)
F0619,2022,제17회 영동포도축제,2022-08-25,2022-08-28,860,192564,영동레인보우힐링관광지
F0619,2023,2023 영동포도축제,,,961,206414,레인보우힐링관광지
F0619,2024,2024 영동포도축제,2024-08-29,2024-08-29,946,238266,영동 레인보우힐링관광지 일원
F0619,2025,2025 영동포도축제,2025-09-20,2025-09-28,946,180000,과일나라테마공원
F0619,2026,2026 영동포도축제,,,946,,영동 레인보우힐링광장(예정)
F0620,2022,제53회 영동난계국악축제,2022-10-07,2022-10-10,1100,123620,영동레인보우힐링관광지
F0620,2023,제54회 난계국악축제,,,1100,146650,레인보우힐링관광지
F0620,2024,제55회 영동난계국악축제,2024-10-10,2024-10-13,1100,151730,영동 레인보우힐링관광지 일원
F0620,2025,제56회 영동난계국악축제,2025-09-12,2025-10-11,1100,76600,난계국악체험촌
F0620,2026,제57회 영동난계국악축제,,,1100,,영동 레인보우힐링광장(예정)
F0621,2022,증평인삼골축제,,,334,310000,증평보강천체육공원 일원
F0621,2023,증평인삼골축제,,,454,310000,증평보강천체육공원 일원
F0621,2024,증평인삼골축제,,,412,310000,증평보강천체육공원 일원
F0621,2025,제32회 증평인삼골축제,,,410,310000,보강천체육공원일원
F0621,2026,증평인삼골축제,,,410,,보강천체육공원일원
F0622,2022,증평들노래축제,,,60,10000,증평민속체험박물관 일원
F0622,2023,증평들노래축제,,,70,10000,증평민속체험박물관일원
F0622,2024,증평들노래축제,,,63,10000,증평민속체험박물관일원
F0622,2025,증평들노래축제,,,63,10000,증평민속체험박물관 일원
F0622,2026,증평들노래축제,2026-06-13,2026-06-14,63,,증평민속체험박물관 일원
F0623,2022,제22회 생거진천 농다리축제,,,338,30000,농다리 일원
F0623,2023,제23회 생거진천 농다리축제,,,350,60000,진천군 문백면 농다리 일원
F0623,2024,제24회 생거진천 농다리축제,,,300,,진천군 문백면 농다리 일원
F0623,2026,제26회 생거진천 농다리축제,,,450,,진천 농다리 일원
F0624,2022,제43회 생거진천 문화축제,,,604,240000,백곡천 일원
F0624,2023,제44회 생거진천 문화축제,,,500,250000,진천군 진천읍 백곡천 일원
F0624,2024,제45회 생거진천 문화축제,,,600,230000,진천군 진천읍 백곡천 일원
F0624,2025,제46회 생거진천 문화축제,2025-10-03,2025-10-05,700,275853,진천군 진천읍 백곡천 일원
F0624,2026,제47회 생거진천문화축제,,,748,,백곡천 일원
F0625,2026,제15회 생거진천 평생학습축제,,,69,,백곡천 일원
F0626,2026,제11회 참숯마실축제,,,80,,진천 숯산업클러스터 특구 부지
F0627,2026,제14회 생거진천예술제,,,100,,진천 농다리 일원
F0628,2024,괴산빨간맛페스티벌,,,290,172024,유기농엑스포광장 및 동진천 하상 일원
F0628,2025,괴산빨간맛페스티벌,2025-05-23,2025-05-25,500,235238,유기농엑스포광장 및 동진천 하상 일원
F0628,2026,괴산빨간맛페스티벌,2026-05-22,2026-05-24,500,,유기농엑스포광장 및 동진천 하상 일원
F0629,2022,2022 괴산고추축제,,,1140,200000,괴산유기농엑스포광장
F0629,2023,괴산고추축제,,,1140,200000,유기농엑스포광장
F0629,2024,괴산고추축제,,,1140,265734,유기농엑스포광장
F0629,2025,괴산고추축제,,,1090,311152,유기농엑스포광장
F0629,2026,괴산고추축제,,,1090,,유기농엑스포광장
F0630,2022,2022 괴산김장축제,,,500,200000,괴산유기농엑스포광장
F0630,2023,괴산김장축제,,,500,200000,유기농엑스포광장
F0630,2024,괴산김장축제,,,500,66597,괴산종합운동장
F0630,2025,괴산김장축제,,,600,123394,유기농엑스포광장
F0630,2026,괴산김장축제,,,800,,유기농엑스포광장
F0631,2022,제23회 음성품바축제,2022-09-21,2022-09-25,780,216623,설성공원
F0631,2023,제24회 음성품바축제,2023-05-17,2023-05-21,995,272608,설성공원
F0631,2024,제25회 음성품바축제,2024-05-22,2024-05-26,982,300154,설성공원
F0631,2025,제26회 음성품바축제,2025-05-21,2025-05-25,1089,328190,음성 설성공원 및 꽃동네 일원
F0631,2026,제27회 음성품바축제,2026-06-10,2026-06-14,1100,,설성공원 및 꽃동네 일원
F0632,2022,2022 음성명작페스티벌,,,700,119465,금빛근린공원(금왕읍)
F0632,2023,2023 음성명작페스티벌,,,700,127426,금빛근린공원
F0632,2024,2024 음성명작페스티벌,,,700,137785,금빛근린공원
F0632,2025,2025 음성명작페스티벌,2025-09-25,2025-09-28,800,268597,금빛근린공원 일원
F0632,2026,2026 음성명작 페스티벌,2026-09-17,2026-09-20,880,,금빛근린공원 일원
F0633,2022,제41회 설성문화제,,,400,50000,설성공원
F0633,2023,제42회 설성문화제,,,400,18406,설성공원
F0633,2024,제43회 설성문화제,,,400,23241,설성공원
F0633,2025,제44회 설성문화제,2025-10-17,2025-10-19,500,44288,음성 설성공원 일원
F0633,2026,제45회 설성문화제,2026-10-16,2026-10-17,550,,미정
F0634,2022,제38회 소백산철쭉제,,,500,252329,상상의거리
F0634,2023,제39회 단양 소백산철쭉제,2023-05-31,2023-05-31,580,272390,상상의거리
F0634,2024,제40회 단양 소백산철쭉제,2024-05-23,2024-05-26,700,227953,소백산 일원
F0634,2025,제41회 단양 소백산철쭉제,2025-05-22,2025-05-25,600,237688,단양읍 상상의거리 및 소백산 일원
F0634,2026,제42회 단양 소백산철쭉제,,,650,,단양읍 상상의거리 및 소백산 일원(일부 변경가능)
F0635,2022,제24회 온달문화축제,,,550,20343,온달관광지
F0635,2023,제25회 단양 온달문화축제,,,615,29047,온달관광지
F0635,2024,제26회 단양 온달문화축제,,,600,42057,영춘면 온달관광지 일원
F0635,2025,제27회 단양 온달문화축제,,,600,39433,영춘면 온달관광지 일원
F0635,2026,제28회 단양 온달문화축제,,,650,,영춘면 온달관광지 일원
F0636,2022,천안북면위례벚꽃축제,,,72,30000,은석초 및 병천천 일원
F0636,2023,제8회 천안위례벚꽃축제,,,75,10000,은석초 및 병천천 일원
F0636,2024,천안위례벚꽃축제,,,90,15000,은석초 및 병천천 일원
F0636,2025,제10회 천안위례벚꽃축제,,,99,20000,4월중
F0636,2026,제11회 천안위례벚꽃축제,2026-04-04,2026-04-05,99,,"천안시 동남구 북면 용암리, 병천천(은석초 주변) 일원"
F0637,2026,2026년 어린이날기념 천안어린이행복주간행사,2026-05-01,2026-05-05,200,,천안시민체육공원 등 천안시 일원
F0638,2026,제3회 수신멜론축제,2026-06-06,2026-06-07,57,,천안 상록리조트 야외주차장
F0639,2026,2026 천안 K-컬처박람회,2026-09-02,2026-09-06,3976,,독립기념관
F0640,2022,천안호두축제,,,96,,광덕쉼터
F0640,2026,2026 천안호두축제,,,90,,광덕쉼터
F0641,2025,천안 병천순대축제,,,45,2000,4월중
F0641,2026,병천순대축제,,,45,,병천순대거리 일원
F0642,2022,천안흥타령춤축제,2022-09-21,2022-09-25,210,1200000,미정
F0642,2023,천안흥타령춤축제 2023,,,2400,870000,천안종합운동장일원
F0642,2024,천안흥타령춤축제 2024,2024-09-25,2024-09-29,2900,,천안종합운동장일원
F0642,2025,천안흥타령춤축제 2024,2025-09-24,2025-09-28,3500,890000,2025.9.24.~9.28.(5일간)
F0642,2026,천안흥타령춤축제 2026,2026-10-01,2026-10-05,3500,,천안종합운동장 및 천안시 일원
F0643,2026,제6회 「2026 빵빵데이 천안」 축제,2026-10-17,2026-10-18,450,,천안종합운동장 오륜문광장 일원
F0644,2026,2026 천안시 K-DOG FESTIVAL,2026-10-31,2026-11-01,260,,천안시민체육공원
F0645,2022,입장거봉포도축제,,,63,25000,미정
F0645,2023,입장거봉포도축제,,,50,15000,입장거봉포도휴게소
F0645,2024,입장거봉포도축제,,,108,,입장거봉포도휴게소
F0645,2026,제27회 입장거봉포도축제,,,100,,입장면 일원(세부장소 미정)
F0646,2022,겨울공주 군밤축제,,,230,78000,고마일원
F0646,2023,겨울공주 군밤축제,,,250,75644,아트센터 고마
F0646,2024,겨울공주 군밤축제,,,250,157732,금강신관공원 일원
F0646,2025,겨울공주 군밤축제,2025-01-16,2025-01-20,600,241064,금강신관공원 일원
F0646,2026,제9회 겨울공주 군밤축제,2026-02-04,2026-02-08,690,,"금강신관공원 일원, 미르섬"
F0647,2022,계룡산 벚꽃축제,,,20,,동학사
F0647,2023,계룡산 벚꽃축제,2023-03-25,2023-03-25,20,,동학사 일원
F0647,2025,계룡산 벚꽃축제,2025-03-01,2025-03-16,18,,반포면 학봉리 일원
F0647,2026,계룡산 벚꽃축제,2026-03-27,2026-04-05,53,,반포면 일원
F0648,2022,계룡산산신제,,,30,1500,계룡 양화리
F0648,2023,계룡산산신제,2023-04-22,2023-04-23,40,1000,신원사 일원
F0648,2024,계룡산산신제,,,40,,신원사 일원
F0648,2025,계룡산산신제,2025-05-09,2025-05-11,18,,기찬마루 일원
F0648,2026,계룡산 산신제,2026-04-10,2026-04-12,100,,계룡면 일원
F0649,2022,갑사황매화축제,,,20,1000,갑사
F0649,2023,갑사황매화축제,2023-04-15,2023-04-16,20,2000,갑사 일원
F0649,2024,갑사황매화축제,,,18,,갑사 일원
F0649,2025,갑사황매화축제,2025-04-19,2025-04-20,40,,갑사지구일원
F0649,2026,갑사 황매화축제,2026-04-17,2026-04-19,18,,계룡면 갑사 상가지구 일원
F0650,2022,마곡사 신록축제,,,20,2000,마곡사
F0650,2023,마곡사 신록축제,,,20,2000,마곡사 일원
F0650,2024,마곡사 신록축제,,,18,,마곡사 일원
F0650,2025,마곡사 신록축제,2025-05-03,2025-05-05,18,,마곡사 일원
F0650,2026,마곡사 신록축제,2026-05-02,2026-05-05,18,,사곡면 일원
F0651,2022,석장리 세계구석기축제,2022-05-05,2022-05-08,1100,80013,석장리박물관
F0651,2023,공주 석장리 구석기축제,,,930,19738,석장리박물관
F0651,2024,공주 석장리 구석기축제,,,913,28714,석장리박물관
F0651,2025,공주 석장리 구석기축제,2025-05-03,2025-05-06,900,61078,석장리 박물관 일원
F0651,2026,제18회 공주 석장리 구석기 축제,2026-05-02,2026-05-05,1030,,"석장리 구석기 박물관, 상왕동 일원"
F0652,2022,유구색동수국정원꽃축제,,,250,60000,유구천
F0652,2023,유구색동수국정원 꽃축제,2023-06-23,2023-06-25,240,131666,유구천
F0652,2024,유구색동수국정원 꽃축제,,,240,113415,유구천
F0652,2025,유구색동수국정원 꽃축제,2025-06-20,2025-06-22,480,79762,유구읍일원
F0652,2026,제5회 공주 유구색동수국정원 꽃축제,2026-06-19,2026-06-21,480,,유구읍 일원
F0653,2026,제2회 공주야밤 맥주축제,2026-08-15,2026-08-17,350,,금강신관공원
F0654,2022,구절산 구절초 축제,,,20,100000,신풍 구절사
F0654,2023,구절산 구절초 축제,2023-10-14,2023-10-15,20,10000,구룡사 일원
F0654,2024,구절산 구절초 축제,,,18,,구룡사 일원
F0654,2025,구절산 구절초 축제,2025-10-10,2025-10-19,50,,신풍 구절사 일원
F0654,2026,구룡사 구절산 구절초 축제,2026-10-10,2026-10-25,50,,신풍면 구절사 일원
F0655,2022,제68회 백제문화제,2022-10-01,2022-10-10,30000,,금강신관공원
F0655,2024,제70회 백제문화제,,,3000,996038,금강신관공원 일원
F0655,2025,제70회 백제문화제,2025-10-03,2025-10-12,5000,984515,공주시 일원
F0655,2026,제72회 백제문화제,2026-10-03,2026-10-11,4070,,공주시 일원
F0656,2022,무창포 주꾸미.도다리 축제,,,41.5,,무창포항일원
F0656,2023,무창포 주꾸미 도다리 축제,,,41.5,100000,무창포항일원
F0656,2024,무창포 주꾸미.도다리 축제,,,41,100000,무창포해수욕장 잔디광장
F0656,2025,무창포 주꾸미 도다리 축제,2025-03-22,2025-04-13,41,100000,무창포해수욕장 일원
F0656,2026,무창포 주꾸미 도다리 축제,2026-03-20,2026-04-12,42,,무창포해수욕장 일원
F0657,2022,보령AMC모터페스티벌,,,150,50000,대천해수욕장
F0657,2023,제2회 보령AMC모터페스티벌,2023-05-27,2023-05-29,1000,90000,대천해수욕장
F0657,2024,2024 보령.AMC 국제 모터페스티벌,2024-05-04,2024-05-06,1500,133000,머드엑스포광장
F0657,2025,보령.AMC 국제모터 페스티벌,2025-05-03,2025-05-05,1000,202456,머드엑스포광장 일원
F0657,2026,보령AMC모터페스티벌,,,750,,머드엑스포광장
F0658,2022,오천항키조개축제,,,23,,오천항일원
F0658,2023,오천항키조개축제,,,23,0,오천항일원
F0658,2024,오천항 키조개 축제,,,30,2000,오천항 일원
F0658,2025,오천항 키조개 축제,,,43,4000,오천항 일원
F0658,2026,오천항키조개축제,,,43,,오천항일원
F0659,2022,제25회 보령머드축제,,,6500,,대천해수욕장
F0659,2023,제26회 보령머드축제,2023-07-21,2023-07-21,2500,1640000,대천해수욕장
F0659,2024,제27회 보령머드축제,2024-07-19,2024-08-04,4000,1651000,머드엑스포광장
F0659,2025,제28회 보령머드축제,2025-07-25,2025-08-10,3000,1690359,대천해수욕장 일원
F0659,2026,제29회 보령머드축제,2026-07-24,2026-08-09,3500,,대천해수욕장일원
F0660,2026,용두솔밭어울림 축제,2026-08-01,2026-08-09,9,,남포면 월전리 일원
F0661,2026,"원산도 전국 해변가요제 및 원산도, 효자도 붕장어 축제",,,40,,선촌항 일원
F0662,2023,무창포 대하전어축제,,,0,100000,무창포해수욕장
F0662,2024,무창포 대하전어 축제,,,0,100000,무창포 해수욕장 일원
F0662,2025,무창포 대하전어축제,,,,230523,무창포 해수욕장 일원
F0662,2026,무창포대하전어축제,,,15,,"무창포항, 무창포해수욕장 일원"
F0663,2022,보령예술제,,,100,6000,보령문화예술회관
F0663,2023,보령예술제,,,150,,보령문화의전당
F0663,2026,보령예술제,,,150,,보령시 일원
F0664,2026,2026년 보령 국가유산야행,2026-10-09,2026-10-11,250,,보령경찰서망루 일원
F0665,2022,무창포 신비의 바닷길 축제,,,270,25000,무창포해수욕장
F0665,2023,무창포 신비의 바닷길 축제,,,296,40000,무창포해수욕장
F0665,2024,무창포 신비의 바닷길 축제,,,0,19000,무창포 해수욕장 일원
F0665,2025,무창포 신비의 바닷길 축제,,,320,54091,무창포 해수욕장 일원
F0665,2026,무창포 신비의 바닷길 축제,2026-10-23,2026-10-25,350,,무창포해수욕장 일원
F0666,2026,2026 숲속야행,,,90,,무궁화수목원 일원
F0667,2022,만세보령문화제,,,500,,종합체육경기장
F0667,2026,만세보령문화제,,,650,,보령시 일원
F0668,2022,천북 굴축제,,,36,643,천수만테마파크
F0668,2023,천북 굴축제,,,65,50000,천수만테마파크
F0668,2024,천북 굴축제,,,65,4000,천북 굴단지 일원
F0668,2025,천북 굴축제,,,65,7000,천북굴단지 일원
F0668,2026,천북굴축제,2026-11-14,2026-11-15,65,,천북굴단지 일원
F0669,2023,대천겨울바다사랑축제,2023-12-23,2023-12-25,290,,대천해수욕장
F0669,2025,2025 대천겨울바다사랑축제,,,,38000,대천해수욕장 분수광장
F0669,2026,2026 대천겨울바다사랑축체,,,290,,대천해수욕장 일원
F0670,2023,아산 성웅 이순신 축제,2023-04-28,2023-04-30,1500,26000,곡교천 등
F0670,2024,아트밸리 아산 제63회 성웅 이순신축제,,,1800,420000,"이순신종합운동장, 곡교천, 현충사, 은행나무길, 온양온천역"
F0670,2025,제64회 아산 성웅 이순신축제,2025-04-25,2025-04-27,2180,410000,"온양온천역, 현충사, 은행나무길"
F0670,2026,제65회 아산 성웅 이순신축제,2026-04-28,2026-05-03,,,"온양온천역, 곡교천, 현충사 일원"
F0671,2023,설화예술제,2023-10-07,2023-10-09,45,1000,신정호
F0671,2024,설화예술제,,,180,1000,신정호 야외음악당(예정)
F0671,2025,제36회 설화예술제,,,190,1000,은행나무길 일원
F0671,2026,제37회 설화예술제,,,260,,은행나무길 일원
F0672,2026,은행나무길거리예술제,,,70,,곡교천 일원
F0673,2026,(가칭)대한민국 이스포츠 리그(이터널리턴),2026-09-19,2026-09-20,280,,이순신 체육관 일원
F0674,2026,아산 외암마을야행,2026-05-30,2026-05-31,340,,외암마을 일원
F0675,2026,현충사 달빛야행,,,290,,현충사 일원
F0676,2026,제25회 외암민속마을 짚풀문화제,,,297,,외암마을 일원
F0677,2026,제4회 영인산 철쭉제,2026-04-25,2026-04-26,119,,영인산 수목원
F0678,2026,제4회 도시농업축제,2026-05-01,2026-05-03,97,,곡교천 둔치(염치읍 백암리 501 일원)
F0679,2026,2026년 아산시 국화전시회,2026-10-30,2026-11-05,99,,곡교천 둔치(염치읍 백암리 501 일원)
F0680,2022,제19회 서산해미읍성축제,,,1160,154000,해미읍성
F0680,2023,제20회 서산해미읍성축제,,,1260,251800,서산 해미읍성
F0680,2024,서산해미읍성축제,,,1600,270000,해미읍성 내
F0680,2025,제22회 서산해미읍성축제,2025-09-26,2025-09-28,1600,12468,해미읍성 내
F0680,2026,제23회 서산해미읍성축제,,,1550,,서산해미읍성 일원
F0681,2022,팔봉산감자축제,,,80,58000,기타(팔봉면 양길리)
F0681,2023,제22회 팔봉산감자축제,,,100,34000,팔봉산 양길리 주차장
F0681,2024,팔봉산감자축제,,,100,30000,팔봉산 어울림마당 일원
F0681,2025,팔봉산감자축제,2025-06-14,2025-06-15,100,36000,어울림마당
F0681,2026,팔봉산감자축제,,,100,,팔봉면 어울림마당
F0682,2022,서산6쪽마늘축제,,,150,,사적지(해미읍성)
F0682,2023,제14회 서산6쪽마늘축제,,,200,42000,해미읍성
F0682,2024,서산6쪽마늘축제,,,200,20000,해미읍성 내
F0682,2025,서산6쪽마늘축제,2025-06-27,2025-06-29,180,30700,해미읍성 내
F0682,2026,서산6쪽마늘축제,,,180,,서산해미읍성 내
F0683,2022,제4회 해미천 벚꽃축제,,,58,20500,해미천 일원
F0683,2023,제4회 해미벚꽃축제,2023-04-15,2023-04-16,48,74300,해미천일원
F0683,2024,해미벚꽃축제,,,86,70000,해미천 인근
F0683,2025,해미벚꽃축제,,,55,,해미천 인근
F0683,2026,해미벚꽃축제,,,55,,해미천 인근
F0684,2022,삼길포우럭축제,,,71,12000,삼길포항
F0684,2023,삼길포우럭축제,,,71,30000,삼길포항 일원
F0684,2024,삼길포우럭축제,,,100,35000,대산읍 삼길포항 일원
F0684,2025,삼길포우럭축제,,,77,38000,대산읍 삼길포항 일원
F0684,2026,삼길포우럭축제,,,110,,대산읍 삼길포항 일원
F0685,2025,서산 어리굴젓 축제,,,77,15000,간월도 항
F0685,2026,서산 어리굴젓 축제,,,77,,부석면 간월도항 일원
F0686,2022,제23회 서산국화축제,2022-11-04,2022-11-13,100,63128,서산시 복남골길 31-1일원
F0686,2023,제24회 서산국화축제,,,100,65000,고북면 복남골길 31-1 일원
F0686,2024,서산국화축제,,,200,60000,서산시 고북면 복남골길 31-1 일원 서산국화축제장
F0686,2025,서산국화축제,,,100,76080,서산국화축제장
F0686,2026,서산국화축제,,,180,,고북면 복남골길 일원
F0687,2022,논산딸기축제,2022-02-23,2022-02-27,1000,,탑정호주변 / 유튜브 채널
F0687,2023,논산딸기축제,2023-03-12,2023-03-12,1000,360000,논산시민운동장
F0687,2024,논산딸기축제,,,1430,450000,논산시민가족공원
F0687,2025,2025 논산딸기축제,,,1500,350000,논산시민가족공원 일원
F0687,2026,제28회 논산딸기축제,2026-03-26,2026-03-29,1700,,논산시민가족공원 일원
F0688,2024,논산연산대추문화축제,,,180,25000,논산시 연산면 일원
F0688,2025,2025 연산대추문화축제,,,,33000,논산시 연산면 일원
F0688,2026,제26회 연산대추문화축제,2026-10-16,2026-10-18,1000,,연산역 일원
F0689,2022,강경젓갈축제,,,970,200000,젓갈공원 일원 / 유튜브 채널
F0689,2023,강경젓갈축제,,,970,285000,강경 금강둔치 일원
F0689,2024,논산강경젓갈축제,,,1150,300000,논산 강경읍 둔치 일원
F0689,2025,2025 강경젓갈축제,,,1250,330000,논산 강경읍 금강둔치 일원
F0689,2026,제28회 강경젓갈축제,2026-10-22,2026-10-25,1250,,강경 금강둔치일원
F0690,2024,논산양촌곶감축제,,,180,120000,논산 양촌면 체육공원 일원
F0690,2026,제24회 논산양촌곶감축제,2026-12-11,2026-12-13,220,,양촌리 체육공원 일원
F0691,2023,2023계룡군문화축제,,,3400,825933,계룡대 활주로
F0691,2024,2024계룡軍문화축제,,,2900,850000,계룡대 비상활주로
F0691,2026,2026계룡軍문화축제,,,2900,,계룡대 활주로
F0692,2026,제4회 계룡 향적산 봄나들이 행사,2026-04-10,2026-04-12,230,,계룡시 엄사면 일원
F0693,2024,사계문화제,,,50,,사계고택
F0693,2026,제3회 사계문화제,,,50,,사계고택
F0694,2023,제23회 왜목마을해넘이해맞이축제,2023-12-31,2023-12-31,100,0,왜목마을
F0694,2024,왜목마을해넘이해돋이소원제,2024-12-31,2024-01-01,0,15000,왜목마을관광지일원
F0694,2025,왜목마을해넘이해돋이소원제,2025-12-31,2026-01-01,0,22000,왜목마을 해수욕장 일원
F0694,2026,왜목마을해넘이해돋이소원제,2026-12-31,2027-01-01,,,왜목마을 해수욕장 일원
F0695,2023,제19회 순성매화벚꽃축제,,,45,1000,갈산리 일원
F0695,2024,순성벚꽃축제,,,0,2000,갈산리 특설무대 일원
F0695,2025,제17회 순성 벚꽃축제,2025-04-12,2025-04-13,45,1000,갈산리 특설무대 일원
F0695,2026,제18회 순성 벚꽃축제,2026-04-11,2026-04-12,50,,갈산리 특설무대 일원
F0696,2025,제22회 당진면천읍성축제,2025-09-20,2025-09-21,100,15000,면천읍성 일원
F0696,2026,제2회 당진면천읍성축제,,,100,,면천읍성 일원
F0697,2025,당진 삽교호 드론 라이트 쇼,2025-04-19,2025-11-01,977,701322,삽교호 바다공원 일원
F0697,2026,당진 삽교호 드론 라이트 쇼,2026-04-04,2026-11-30,977,,삽교호 바다공원 일원
F0698,2026,당진 댄스 페스티벌,,,280,,미정
F0699,2022,제34회 남이흥장군문화제,,,50,500,충장사 일원
F0699,2023,제33회 남이흥장군문화제,,,50,3000,충장사
F0699,2024,남이흥장군문화제,,,0,1000,당진시내 및 충장사 일원
F0699,2025,남이흥 장군 문화제,2025-10-24,2025-10-25,50,200,대호지면 충장사 일원
F0699,2026,남이흥 장군 문화제,2026-10-23,2026-10-24,50,,대호지면 충장사 일원
F0700,2024,당진합덕연꽃축제,,,0,30000,합덕제 일원
F0700,2025,당진 합덕 연꽃축제,2025-06-20,2025-06-22,160,40000,합덕제 일원
F0700,2026,당진 합덕 연꽃축제,2026-06-19,2026-06-21,155,,합덕제 일원
F0701,2022,제45회 심훈상록문화제,,,90,11000,당진시청 일원
F0701,2023,심훈상록문화제,,,150,5000,문예의전당 일원
F0701,2024,심훈상록문화제,,,0,10000,당진 문예의전당 일원
F0701,2025,제48회 심훈상록문화제,2025-10-17,2025-10-19,164,10000,당진문예의전당
F0701,2026,제49회 심훈상록문화제,2026-10-02,2026-10-04,164,,당진문예의전당 일원
F0702,2026,제2회 면천의 봄 또봄면천,,,500,,면천읍성 일원
F0703,2022,2022년 기지시줄다리기민속축제,,,559,15100,기지시줄다리기박물관 일원
F0703,2023,기지시줄다리기민속축제,2023-04-19,2023-04-23,537,45000,기지시줄다리기박물관
F0703,2024,기지시줄다리기민속축제,,,0,50000,기지시줄다리기박물관 일원
F0703,2025,기지시줄다리기축제,2025-04-10,2025-04-13,1667,40000,기지시줄다리기박물관 일원
F0703,2026,기지시줄다리기축제,2026-04-09,2026-04-12,650,,기지시줄다리기박물관 일원
F0704,2026,장고항 실치와 함께하는 수산물 축제,,,25,,장고항 일원
F0705,2025,한진포구 수산물 홍보판촉행사,,,20,2000,한진포구 일원
F0705,2026,한진포구 수산물 홍보판촉행사,,,20,,한진포구 일원
F0706,2022,제2회 금산삼계탕축제,,,500,35050,금산인삼관 광장
F0706,2023,제3회 금산삼계탕축제,,,627,59172,금산인삼관 광장 및 인삼약초거리일원
F0706,2024,제4회 금산삼계탕축제,,,1200,77000,금산인삼관 광장 및 인삼약초거리일원
F0706,2025,제5회 금산삼계탕축제,2025-05-30,2025-06-01,1000,51000,금산인삼관 광장 및 인삼약초거리일원
F0706,2026,제6회 금산삼계탕축제,2026-07-10,2026-07-12,3500,,금산인삼관 광장 및 인삼약초거리일원
F0707,2022,제40회 금산인삼축제,,,2500,1030880,금산인삼관 광장
F0707,2023,재41회 금산세계인삼축제,2023-09-30,2023-09-10,2900,1071038,금산인삼관 광장 및 인삼약초거리일원
F0707,2024,재42회 금산세계인삼축제,2024-09-27,2024-09-10,35000,1156000,금산인삼관 광장 및 인삼약초거리일원
F0707,2025,재43회 금산세계인삼축제,2025-09-19,2025-09-28,35000,985000,금산인삼관 광장 및 인삼약초거리일원
F0707,2026,제44회 금산세계인삼축제,2026-10-02,2026-10-11,1100,,금산인삼관 광장 및 인삼약초거리일원
F0708,2022,제22회 비단고을 산꽃축제,,,60,10000,산꽃벚꽃마을 오토캠핑장
F0708,2023,2023년 비단고을 산꽃축제,,,90,10000,산꽃벚꽃오토캠핑장(보곡산골)
F0708,2024,2023년 비단고을 산꽃축제,,,90,,산꽃벚꽃오토캠핑장(보곡산골)
F0708,2026,비단고을 산꽃축제,,,110,,산꽃벚꽃오토캠핑장(보곡산골)
F0709,2026,홍도화축제,,,10,,남일면 신정리 홍도마을
F0710,2022,제13회 금산천 봄꽃축제,,,10,,금산읍 금산천 둔치
F0710,2023,제13회 금산천 봄꽃축제,,,10,0,금산읍 금산천 둔치
F0710,2024,제13회 금산천 봄꽃축제,,,10,,금산읍 금산천 둔치
F0710,2025,제14회 금산천 봄꽃축제,,,10,5000,금산읍 금산천 둔치
F0710,2026,제16회 금산천봄꽃축제,,,10,,금산읍 금산천 둔치
F0711,2022,부여서동연꽃축제,2022-07-14,2022-07-31,1300,322458,서동공원(궁남지) 및 백마강 일원
F0711,2023,제21회 부여서동연꽃축제,,,1700,33000,궁남지
F0711,2024,제22회 부여서동연꽃축제,,,139,330000,서동공원(궁남지) 일원
F0711,2025,제23회 부여서동연꽃축제,2025-07-04,2025-07-06,1225,374000,서동공원 궁남지 일원
F0711,2026,제24회 부여서동연꽃축제,,,1640,,서동공원 궁남지 일원
F0712,2022,백제문화제,2022-10-01,2022-10-10,1800,,부여군 일원
F0712,2024,제70회 백제문화제,,,2500,1060000,(미정)
F0712,2025,제71회 백제문화제,2025-10-03,2025-10-12,1624,953000,백제문화단지
F0712,2026,제72회 백제문화제,,,5337,,백제문화단지
F0713,2023,2023년 제18회 부여 굿뜨래 알밤축제,2023-11-30,2023-11-30,120,0,온라인 축제
F0713,2024,2024년 제19회 부여 굿뜨래 알밤축제,,,80,,온라인 축제
F0713,2025,제20회 부여 굿뜨래 알밤축제,2025-10-01,2025-10-10,80,30000,서동공원 궁남지 일원
F0713,2026,제21회 부여 굿뜨래 알밤축제,,,200,,서동공원 궁남지 일원
F0714,2022,부여세도 방울토마토&유채꽃축제,2022-04-22,2022-04-24,350,10100,세도면 황산대교 둔치 유채단지
F0714,2023,2023 부여세도 방울토마토&유채꽃 축제,2023-04-21,2023-04-23,270,24000,세도면 금강 황산대교 일원
F0714,2024,부여 세도 방울토마토 유채꽃 축제,,,320,7408,(미정)
F0714,2025,2025 부여 세도 방울토마토&유채꽃 축제,2025-04-18,2025-04-20,290,13000,금강하천부지 일원
F0714,2026,2026 부여 세도 방울토마토&유채꽃 축제,2026-04-24,2026-04-26,210,,금강하천부지 일원
F0715,2023,제20회 백제고도부여국화축제,,,478,62200,(미정)
F0715,2024,2024년 백제고도부여국화축제,,,320,90255,(미정)
F0715,2025,제22회 백제고도 부여국화축제,2025-10-31,2025-11-09,370,110000,서동공원 궁남지 일원
F0715,2026,제23회 백제고도 부여국화축제,2026-10-30,2026-11-08,400,,서동공원 궁남지 일원
F0716,2022,동백꽃·주꾸미 축제,,,16,,서면 마량포구 일원
F0716,2023,서천 동백꽃 주꾸미 축제,2023-03-18,2023-03-18,124,230000,마량진항 일원
F0716,2024,동백꽃 주꾸미 축제,,,24,220000,서면 마량진항
F0716,2025,동백꽃 주꾸미 축제,2025-03-16,2025-03-30,24,240000,서면 마량진항
F0716,2026,제24회 동백꽃 주꾸미 축제,2026-03-21,2026-04-05,24,,서면 마량진항
F0717,2022,광어·도미 축제,,,8,133000,서면 마량포구 일원
F0717,2023,서천 자연산 광어 도미 축제,,,124,140000,마량진항 일원
F0717,2024,자연산 광어 도미 축제,,,24,170000,서면 마량진항
F0717,2025,자연산 광어 도미 축제,,,24,120000,서면 마량진항
F0717,2026,제20회 자연산 광어 도미 축제,2026-05-02,2026-05-17,24,,서면 마량진항
F0718,2023,장항항 꼴갑축제,,,50,,장항 물양장 일원
F0718,2026,제16회 장항항 수산물 꼴갑 축제,,,50,,장항항 물양장
F0719,2026,제3회 서천 블루베리 축제,,,54,,문화활력소 인근
F0720,2022,한산모시문화제,2022-06-10,2022-06-12,1390,150350,한산면 한산모시관
F0720,2023,한산모시문화제,2023-06-09,2023-06-11,700,0,한산모시관 일원
F0720,2024,제34회 한산모시문화제,2024-06-07,2024-06-09,966,140000,한산모시관 일원
F0720,2025,제35회 한산모시문화제,2025-06-13,2025-06-13,1033,101000,한산모시관 일원
F0720,2026,제36회 한산모시문화제,2026-06-12,2026-06-14,1074,,한산모시관 일원
F0721,2022,춘장대여름문화예술축제,,,50,,서면 춘장대해수욕장 광장
F0721,2024,춘장대해수욕장 여름문화예술 축제,,,60,31000,서면 도둔리 춘장대해수욕장 일원
F0721,2025,춘장대해수욕장 여름문화예술 축제,2025-07-26,2025-07-27,54,9875,서면 도둔리 춘장대해수욕장 일원
F0721,2026,춘장대해수욕장 여름문화예술 축제,,,54,,서면 도둔리 춘장대해수욕장 일원
F0722,2024,제2회 장항 맥문동 꽃 축제,2024-08-23,2024-08-27,820,232000,장항 송림산림욕장
F0722,2025,제3회 장항 맥문동 꽃 축제,2025-08-28,2025-08-31,763,216011,장항 송림산림욕장
F0722,2026,제4회 장항 맥문동 꽃 축제,,,918,,장항 송림자연휴양림
F0723,2022,홍원항 전어·꽃게 축제,,,8,161000,서면 홍원항 일원
F0723,2023,홍원항 자연산 전어 꽃게 축제,,,74,160000,홍원항 일원
F0723,2024,홍원항 전어 꽃게 축제,,,24,134000,서면 홍원항
F0723,2025,홍원항 전어 꽃게 축제,,,24,95000,서면 홍원항
F0723,2026,제24회 홍원항 전어 꽃게 축제,,,24,,서면 홍원항
F0724,2025,한산소곡주축제,2025-10-25,2025-10-26,81,80000,한산전통시장 일원
F0724,2026,제9회 한산소곡주축제,,,59,,한산전통시장 일원
F0725,2024,서천군 평생학습한마당,,,70,8100,봄의 마을 광장 일원
F0725,2025,서천군 평생학습한마당,2025-10-31,2025-11-02,75,10000,봄의 마을 광장 일원
F0725,2026,서천군 평생학습한마당,,,91,,봄의 마을 광장 일원
F0726,2024,판교 도토리묵 축제,,,,3000,판교면 현암리 149-9번지 일원
F0726,2025,판교 도토리묵 축제,,,45,,판교면 현암리 149-9번지 일원
F0726,2026,제4회 판교 도토리묵 축제,,,50,,판교면 현암리 149-9번지 일원
F0727,2026,제3회 부또막 축제,,,40,,종천면 산천리 공영주차장 일원
F0728,2022,서천 금강 철새여행,,,80,,마서면 조류생태전시관
F0728,2024,서천철새여행,,,80,10000,조류생태전시관 일원
F0728,2025,서천철새여행,2025-11-29,2025-11-30,80,20000,조류생태전시관 일원
F0728,2026,2026 서천철새여행,,,80,,조류생태전시관 일원
F0729,2024,2024 서천 마량진항 해넘이 해돋이 행사,2024-12-31,2024-01-01,50,,서천 마량진항
F0729,2025,2025 서천 마량진항 해넘이 해돋이 행사,2025-12-31,2026-01-01,50,10000,서천 마량진항
F0729,2026,2026 서천 마량진항 해넘이 해돋이 행사,2026-12-31,2027-01-01,50,,서천 마량진항
F0730,2026,제18회 칠갑산 얼음분수축제,2026-01-01,2026-02-22,1000,,청양 알프스마을
F0731,2022,제23회 칠갑산 장승문화축제,,,155,4200,칠갑산 장승공원
F0731,2023,제24회 칠갑산 장승문화축제,,,163,20100,칠갑산장승공원일대
F0731,2024,칠갑산장승문화축제,,,163,2800,칠갑산장승공원일대
F0731,2025,칠갑산장승문화축제,,,168,20872,칠갑산장승공원일원
F0731,2026,제27회 칠갑산장승문화축제,2026-04-11,2026-04-12,180,,장승공원 일원
F0732,2026,제5회 벚꽃토마토 문화축제,,,20,,청남면 중동교~ 청소교 일원
F0733,2022,청양고추구기자축제,,,700,50000,백세건강공원
F0733,2023,제24회 청양고추구기자축제,2023-09-10,2023-09-10,800,81000,청양백세건강공원
F0733,2025,2025 청양 고추구기자 문화축제(26회),,,1070,101215,청양읍 백세건강공원 일원
F0733,2026,2026 청양 고추구기자 축제(27회),2026-09-11,2026-09-13,1050,,청양읍 백세건강공원 일원
F0734,2026,제2회 청양 매운맛 골목축제,,,70,,청춘거리 일원
F0735,2022,제19회 홍성남당항새조개축제,2022-01-21,2022-01-30,25,,남당항
F0735,2023,홍성남당항새조개축제,2023-01-14,2023-01-31,50,300000,남당항
F0735,2024,홍성남당항 새조개축제,2024-01-20,2024-02-11,50,,남당항 해양분수공원
F0735,2026,홍성 남당항 새조개 축제,2026-01-17,2026-02-22,70,,남당항 해양분수공원 일원
F0736,2022,제27회 홍성남당항대하축제,,,35,995,남당항
F0736,2023,홍성남당항대하축제,,,50,400000,남당항
F0736,2024,홍성남당항 대하축제,,,50,200654,남당항 해양분수공원
F0736,2025,홍성 남당항 대하축제,2025-08-29,2025-10-31,60,60450,남당항 해양분수공원 일원
F0736,2026,홍성 남당항 대하축제,,,70,,남당항 해양분수공원 일원
F0737,2022,제27회 광천토굴새우젓광천김축제,,,45,830,광천읍
F0737,2023,광천토굴새우젓축제,,,50,13000,광천전통시장
F0737,2024,광천김토굴새우젓 대축제,,,140,20000,광천전통시장
F0737,2025,광천김토굴새우젓 대축제,2025-10-17,2025-10-19,170,17570,광천 전통시장 일원
F0737,2026,광천김토굴새우젓 대축제,,,200,,광천 전통시장 일원
F0738,2026,홍성글로벌바비큐페스티벌,2026-10-29,2026-11-01,1480,,홍주읍성 일원
F0739,2022,홍성역사인물축제,2022-05-13,2022-05-15,600,,홍주읍성
F0739,2023,홍성역사인물축제,,,500,0,홍주읍성
F0739,2024,홍성역사인물축제,,,300,,홍주읍성
F0739,2026,홍성역사인물축제,2026-05-02,2026-05-03,400,,홍주읍성 일원
F0740,2025,구항한우봄꽃축제,,,24,,구항면 일원
F0740,2026,구항한우봄꽃축제,,,23,,구항면 일원
F0741,2024,홍성사랑국화축제,,,208,350000,홍주읍성
F0741,2025,제24회 홍성사랑국화축제,2025-10-21,2025-10-26,147,350000,홍주읍성 일원
F0741,2026,제25회 홍성사랑국화축제,,,257,,홍주읍성 일원
F0742,2022,제49회 윤봉길평화축제,2022-04-29,2022-05-01,290,30862,충의사
F0742,2023,제50회 윤봉길 평화축제,,,200,20002,덕산면 충의사일원
F0742,2024,제51회 윤봉길 평화축제,,,200,25543,덕산면 충의사 일원
F0742,2025,제52회 윤봉길 평화축제,2025-04-26,2025-04-27,200,25543,덕산면 충의사 일원
F0742,2026,제53회 윤봉길 평화축제,2026-04-25,2026-04-26,200,,덕산면 충의사 일원
F0743,2022,제6회예산장터삼국축제,2022-10-14,2022-10-20,290,364245,백종원거리
F0743,2023,제7회 예산장터삼국축제,2023-10-20,2023-10-26,290,417815,예산전통시장내 백종원국밥거리일원
F0743,2024,제8회 예산장터삼국축제,,,669,443398,예산상설시장 일원
F0743,2025,제9회 예산장터삼국축제,,,780,228017,예산상설시장 일원
F0743,2026,제10회 예산장터삼국축제,,,800,,예산상설시장 일원
F0744,2022,제19회 예산황토사과축제,,,250,53816,예산역전시장
F0744,2023,제20회 예산황토사과축제,,,200,28031,예산역전시장내 주차창일원
F0744,2024,제21회 예산황토사과축제,,,200,28031,예산종합운동장 일원
F0744,2025,제22회 예산황토사과축제,,,200,228017,미정
F0744,2026,제23회 예산사과축제,,,200,,미정
F0745,2022,의좋은형제축제,2022-11-05,2022-11-06,170,43649,대흥면의좋은형제공원
F0745,2023,2023 의좋은형제축제,,,200,49243,대흥면 의좋은형제공원
F0745,2024,2023 의좋은형제축제,,,200,52665,대흥면 의좋은형제공원 일원
F0745,2025,2025 의좋은형제축제,,,200,33351,대흥면 의좋은형제공원 일원
F0745,2026,2026 의좋은형제축제,,,200,,대흥면 의좋은형제공원 일원
F0746,2022,예산황새축제,,,40,4349,황새공원
F0746,2023,예산황새축제,,,80,15984,예산황새공원
F0746,2024,제5회 예산황새축제,,,80,20183,광시면 예산황새공원 일원
F0746,2025,제6회 예산황새축제,2025-09-06,2025-09-07,100,19827,광시면 예산황새공원 일원
F0746,2026,제7회 예산황새축제,2026-09-05,2026-09-06,100,,광시면 예산황새공원 일원
F0747,2026,제3회 국가유산 야행,2026-06-19,2026-06-20,625,,"예산리 구도심 일원(예산성당, 호서은행)"
F0748,2026,신진도 오징어&해산물 축제,2026-08-02,2026-08-05,99,,신진항
F0749,2022,21회 안면도 백사장 대하 축제,,,80,,안면읍 백사장항
F0749,2024,안면도 백사장 대하축제,,,98,90000,백사장항
F0749,2025,안면도 백사장 대하축제,2025-10-01,2025-10-10,99,90000,백사장항
F0749,2026,안면도 백사장 대하축제,2026-10-01,2026-10-03,99,,백사장항
F0750,2025,2025 꽃과바다 태안국화축제,2025-10-31,2025-11-09,500,55000,옥파 이종일선생 생가지
F0750,2026,꽃과바다 태안국화축제,2026-10-30,2026-11-08,500,,이종일생가지
F0751,2026,제22회 태안 해변 힐링페스티벌,,,100,,몽산포해수욕장
F0752,2024,2024 전주 세계문화주간,,,65,8000,전주시 일원
F0752,2025,2025 전주세계문화주간,2025-05-02,2025-05-08,65,3334,전주시 일원
F0752,2026,2026 전주세계문화주간(프랑스)봄,,,15,,전주시 일원
F0753,2026,2026 전주세계문화주간(프랑스)여름,,,15,,전주시 일원
F0754,2026,2026 전주세계문화주간(프랑스)가을,,,15,,전주시 일원
F0755,2024,제6회 전주 김장문화축제,,,113,1000,미정
F0755,2025,2025 김장문화축제,,,187,2500,미정
F0755,2026,2026 김장문화축제,,,120,,전주월드컵경기장 일원
F0756,2025,2025 전주문화유산야행,2025-05-23,2025-05-24,320,219591,경기전 및 한옥마을 일원
F0756,2026,2026 전주문화유산야행,2026-06-05,2026-06-06,543,,경기전 및 한옥마을 일원
F0757,2026,2026 대한민국 전주정원산업박람회,2026-05-08,2026-05-12,2000,,전주 월드컵광장 일원(덕진공원 포함)
F0758,2022,제12회 얼굴없는천사 축제,2022-10-03,2022-10-04,17.85,500,노송동 천사공원
F0758,2023,얼굴없는천사 축제,2023-10-03,2023-10-04,40,500,노송동 천사공원
F0758,2024,제14회 얼굴없는천사 축제,,,50,1000,천사공원 일원
F0758,2025,제15회 얼굴없는천사축제,2025-10-03,2025-10-05,50,1200,노송동 천사공원 일원
F0758,2026,제16회 얼굴없는천사축제,2026-10-03,2026-10-05,30,,노송동주민센터 일원
F0759,2026,제3회 전주막걸리축제,,,100,,미정
F0760,2022,2022 전주얼티밋뮤직페스티벌,2022-08-05,2022-08-07,500,1500,전주종합경기장
F0760,2023,전주얼티밋뮤직페스티벌,2023-08-04,2023-08-06,450,,전주종합경기장
F0760,2026,전주얼티밋뮤직페스티벌,,,1000,,전주시 일원
F0761,2026,2026년 전주 이팝나무 축제,2026-04-25,2026-05-03,50,,북전주선(기린대로~산북로 구간)
F0762,2025,2025 전주국제한지산업대전,,,210,21584,전주시 일원
F0762,2026,2026 전주국제한지산업대전,2026-10-08,2026-10-10,200,,한국전통문화전당 일원(예정)
F0763,2024,2024 전주가맥축제,2024-08-10,2024-08-10,240,120000,미정
F0763,2025,2025 전주가맥축제,,,198,120000,미정
F0763,2026,2026 전주가맥축제,,,150,,미정
F0764,2024,전주페스타 2024,2024-10-27,2024-10-27,1600,300000,미정
F0764,2025,전주페스타 2025,,,1325,300000,미정
F0764,2026,전주페스타 2026,,,1100,,미정
F0765,2022,전주비빔밥축제,2022-10-06,2022-10-09,430,38570,한옥마을일원
F0765,2023,전주비빔밥축제,2023-10-06,2023-10-09,40,45997,한옥마을일원
F0765,2024,2024 전주비빔밥축제,2024-10-03,2024-10-06,840,102000,미정
F0765,2025,2025 전주비빔밥축제,,,440,102000,미정
F0765,2026,2026 전주비빔밥축제,,,320,,미정
F0766,2023,전주 단오,2023-06-22,2023-06-24,120,8000,덕진공원 일원
F0766,2024,전주단오,2024-06-10,2024-06-10,145,10000,덕진공원
F0766,2025,2025 전주단오,2025-05-31,2025-06-01,103,35000,덕진공원
F0766,2026,전주 단오제,2026-06-19,2026-06-20,100,,덕진공원
F0767,2022,2022 제10회 군산시간여행축제,2022-10-01,2022-10-16,859,95139,시간여행마을권역 구시청광장
F0767,2023,제11회 군산시간여행축제,,,888,130467,시간여행마을권역 구시청광장
F0767,2024,제12회 군산시간여행축제,,,911,159911,구.시청광장 및 시간여행마을일원
F0767,2025,2025 제13회 군산시간여행축제,,,1070,134597,구.시청광장 및 시간여행마을일원
F0767,2026,제14회 군산시간여행축제,2026-10-02,2026-10-05,1034,,군산시간여행마을 일원
F0768,2022,2022 군산짬뽕페스티벌,,,90,80200,짬뽕특화거리
F0768,2025,제4회 군산짬뽕페스티벌,2025-11-01,2025-11-02,215,130000,짬뽕특화거리 일원
F0768,2026,제5회 군산짬뽕페스티벌,,,158,,백년광장 일원
F0769,2022,2022 제17회 군산꽁당보리축제,2022-04-30,2022-05-04,234,,미성동 국제문화마을 일원
F0769,2023,제18회 꽁당보리축제,,,100,3500,미성동
F0769,2024,제19회 군산꽁당보리축제,2024-05-02,2024-05-04,118,21000,미성동 일원
F0769,2025,제20회 군산꽁당보리축제,2025-05-02,2025-05-05,158,32000,미성동행정복지센터 일원
F0769,2026,제21회 군산꽁당보리축제,2026-04-24,2026-04-26,142,,미성동행정복지센터 뒷편
F0770,2023,제6회 우체통거리 손편지축제,,,29,2300,"우체통거리1길,2길"
F0770,2024,제7회 우체통거리 손편지축제,,,40,2000,"우체통거리1길,2길"
F0770,2025,제8회 군산 우체통거리 손편지축제,2025-09-26,2025-09-27,42.6,2000,군산우체국 일원
F0770,2026,제9회 군산우체통거리 손편지축제,2026-10-30,2026-10-31,71,,우체통거리 1길
F0771,2022,2022 군산 수제맥주 페스티벌,,,200,16700,내항 및 째보선창 일원
F0771,2023,군산 수제맥주 & 블루스 페스티벌,,,200,19700,내항 및 째보선창 일원
F0771,2024,군산 수제맥주&블루스 페스티벌,2024-06-20,2024-06-22,490,24800,근대역사박물관 일원
F0771,2025,제4회 군산 수제맥주&블루스 페스티벌,2025-06-20,2025-06-22,480,30000,군산근대역사박물관 주차장 일원
F0771,2026,제5회 군산 수제맥주&블루스 페스티벌,2026-06-12,2026-06-14,442,,군산근대역사박물관 주차장 일원
F0772,2026,제9회 익산백제 국가유산야행,2026-04-24,2026-04-26,935,,왕궁리유적 일원
F0773,2022,익산서동축제,,,870,69486,금마서동공원
F0773,2023,2023 익산서동축제,,,950,97000,금마면 서동공원
F0773,2024,2024 익산서동축제,,,940,63099,금마면 서동공원 일원
F0773,2025,2025년 익산서동축제,2025-05-03,2025-05-06,950,75000,서동공원
F0773,2026,2026년 익산 서동축제,2026-05-01,2026-05-03,920,,익산 관광지
F0774,2026,제3회 익산 근대문화유산 축전,2026-06-06,2026-06-07,79,,익산문화예술의거리 일원
F0775,2025,익산 고구마(순) 축제,2025-08-08,2025-08-09,45,5000,중앙시장
F0775,2026,제2회 익산 고구마(순) 축제,2026-08-08,2026-08-09,450,,삼기면 로컬하나로마트 일원(예정)
F0776,2026,제5회 익산 호러 홀로그램 페스티벌,2026-09-10,2026-09-20,800,,익산교도소세트장
F0777,2026,제5회 국가유산 미디어아트,2026-09-04,2026-09-25,1600,,미륵사지일원
F0778,2026,제57회 익산 마한문화대전,2026-10-03,2026-10-05,200,,영등시민공원 일원
F0779,2026,제5회 NS 푸드페스타 2026 in 익산,2026-10-16,2026-10-17,358,,하림퍼스트키친 일원
F0780,2026,제4회 보물찾기축제,2026-10-31,2026-11-01,150,,인화동 솜리근대역사문화공간 일원
F0781,2026,제8회 K-김장문화축제 익산,2026-11-21,2026-11-22,100,,익산중앙체육공원 일원
F0782,2022,정읍 구절초 꽃축제,2022-09-29,2022-10-17,775,197456,공원
F0782,2023,정읍 구절초 꽃축제,2023-10-15,2023-10-15,795,280445,공원
F0782,2024,제17회 정읍 구절초 꽃축제,2024-10-03,2024-10-13,750,181793,구절초 지방정원
F0782,2025,제18회 정읍 구절초 꽃축제,2025-10-10,2025-10-26,1050,156281,구절초 지방정원
F0782,2026,제19회 정읍 구절초 꽃축제,2026-10-08,2026-10-18,850,,구절초 지방정원
F0783,2022,정읍 벚꽃축제,,,250,,하천
F0783,2023,정읍 벚꽃축제,,,250,250000,하천
F0783,2024,정읍 벚꽃축제,2024-03-29,2024-04-01,292,170000,정읍천변
F0783,2025,2025 벚꽃축제,2025-04-03,2025-04-07,295,155000,정읍시 천변 일원
F0783,2026,정읍 벚꽃축제,2026-04-03,2026-04-05,380,,정읍천변/어린이 축구장
F0784,2023,정읍 물빛축제,,,290,50000,하천
F0784,2024,정읍 물빛축제,,,292,96000,정읍천변
F0784,2025,2025 물빛축제,2025-08-15,2025-08-17,295,25300,정읍시 천변 일원
F0784,2026,정읍 물빛축제,2026-08-07,2026-08-09,380,,정읍 어린이 축구장
F0785,2026,작은마을 축제,2026-04-25,2026-12-06,500,,장금이 꽃밭
F0786,2024,제35회 정읍사문화제,2024-10-26,2024-10-27,400,20000,정읍사문화공원 일원
F0786,2025,제36회 정읍사문화제,2025-10-25,2025-10-26,430,37041,정읍사공원 일원
F0786,2026,제37회 정읍사문화제,2026-10-24,2026-10-25,420,,정읍사문화공원
F0787,2022,제92회 춘향제,2022-05-04,2022-05-08,1400,200000,광한루원 및 요천로 일원
F0787,2023,제93회 춘향제,2023-05-24,2023-05-28,1900,400000,광한루원 및 요천로 일원
F0787,2024,제94회 춘향제,2024-05-10,2024-05-16,2129,1173762,"광한루원, 요천일원"
F0787,2025,제95회 춘향제,2025-04-30,2025-05-06,3785,1451276,"광한루원, 요천일원"
F0787,2026,제96회 춘향제,2026-04-30,2026-05-06,3911,,광한루원 일원
F0788,2022,제30회 흥부제,2022-10-07,2022-10-09,340,22740,"사랑의 광장,인월면"
F0788,2023,제31회 흥부제,2023-10-27,2023-10-29,340,56000,"사랑의 광장,인월면"
F0788,2024,제32회 흥부제,2024-10-05,2024-10-07,263,34706,사랑의광장 일원
F0788,2025,제33회 흥부제,2025-10-24,2025-10-26,429,42663,사랑의광장 일원
F0788,2026,제34회 흥부제,2026-10-09,2026-10-11,650,,사랑의광장 일원
F0789,2026,남원 봄꽃 음악회,2026-04-04,2026-04-05,99,,요천둔치
F0790,2025,남원 워터밤 페스티벌,2025-08-14,2025-08-17,168,5960,요천둔치
F0790,2026,남원 워터밤 페스티벌,2026-08-14,2026-08-16,168,,요천둔치
F0791,2022,지리산 바래봉 철쭉제,,,15,,운봉읍 용산리 268-6
F0791,2023,지리산 바래봉 철쭉제,,,15,55000,운봉읍 용산리 268-6
F0791,2024,제28회 지리산바래봉 철쭉제,,,20,65000,운봉읍 용산리 268-6
F0791,2025,제29회 지리산 바래봉 철쭉제,,,23,100000,지리산 바래봉 및 허브밸리 일원
F0791,2026,제30회 지리산 바래봉 철쭉제,,,25,,지리산 바래봉 및 허브밸리 일원
F0792,2024,제1회 지리산흥부골 포도축제,,,13.5,,지리산농협농산물산지유통센터
F0792,2026,제3회 지리산 흥부골 포도축제,,,60,,지리산농협농산물산지유통센터
F0793,2022,혼불문학 신행길 축제,,,32,,구)서도역 일원
F0793,2023,혼불문학 신행길 축제,,,32,1000,구)서도역 일원
F0793,2024,제10회 혼불문학신행길축제,2024-10-26,2024-10-27,55,1000,남원혼불문학관
F0793,2025,제11회 혼불문학 축제,2025-11-01,2025-11-02,65,2000,구)서도역
F0793,2026,제12회 혼불문학 축제,2026-11-07,2026-11-08,60,,구)서도역 및 혼불문학관
F0794,2022,김제지평선축제,,,2540,156270,김제시 일원(벽골제)
F0794,2023,김제지평선축제,,,2504,162216,김제시 일원(벽골제 중심)
F0794,2024,제26회 김제지평선축제,2024-10-02,2024-10-06,2616.5,179895,김제시 일원(벽골제 중심)
F0794,2025,제27회 김제지평선축제,2025-09-24,2025-09-28,2691,156257,김제시 일원(벽골제 중심)
F0794,2026,제28회 김제지평선축제,2026-10-01,2026-10-05,2830,,김제시 일원(벽골제 중심)
F0795,2025,2025 김제 모악뮤직페스티벌,2025-04-26,2025-04-27,200,15000,김제시 모악산 일원
F0795,2026,2026 김제 모악뮤직페스티벌,2026-06-13,2026-06-14,209,,모악산 일원
F0796,2023,2023 꽃빛드리 축제,,,190,30000,김제시민문화 체육공원 일원
F0796,2024,2024 꽃빛드리축제,2024-03-29,2024-03-31,150,40000,김제시민문화체육공원
F0796,2025,2025 꽃빛드리축제,2025-04-04,2025-04-06,250,35000,김제시민문화체육공원
F0796,2026,2026 꽃빛드리축제,2026-04-03,2026-04-05,279,,김제시민문화체육공원
F0797,2022,지평선광활햇감자축제,2022-04-17,2022-04-18,50,2000,광황초등학교 일원
F0797,2023,지평선광활햇감자축제,2023-04-15,2023-04-16,60,20000,광활초등학교 일원
F0797,2024,지평선광활햇감자축제,2024-04-20,2024-04-21,70,3000,김제광황초등학교 일원
F0797,2025,지평선광활햇감자축제,2025-04-12,2025-04-13,70,3000,김제광활초등학교 일원
F0797,2026,지평선광활햇감자축제,2026-04-18,2026-04-19,70,,김제광활초등학교 일원
F0798,2022,지평선축억의 보리밭축제,2022-05-04,2022-05-06,72,55000,진봉면 심포리 일원
F0798,2023,지평선추억의 보리밭 축제,,,100,20000,"새만금 6공구 내 원예단지, 토끼섬 일원"
F0798,2024,제13회 지평선 추억의 보리밭 축제,2024-05-04,2024-05-06,100,50665,새만금 6공구 내 원예단지(토끼섬 일원)
F0798,2025,제14회 지평선 추억의 보리밭 축제,2025-05-03,2025-05-05,80,37077,새만금 6공구 내 원예단지(토끼섬 일원)
F0798,2026,제15회 지평선 추억의 보리밭 축제,2026-05-03,2026-05-05,48,,새만금 6공구 내 원예단지(토끼섬 일원)
F0799,2024,제2회 김제 자원순환 새로보미축제,2024-09-06,2024-09-07,170,50000,김제시민문화체육공원
F0799,2025,제3회 김제 자원순화 새로보미축제,2025-09-05,2025-09-06,290,5410,김제시민문화체육공원
F0799,2026,제4회 김제 자원순화 새로보미축제,2026-10-30,2026-10-31,240,,김제시민문화체육공원
F0800,2024,제2회 완주 모악산 웰니스 축제,,,133,40127,완주군 모악산 일원
F0800,2025,제3회 완주 모악산 웰니스축제,2025-04-05,2025-04-06,150,38000,완주군 모악산 일원
F0800,2026,제4회 완주모악산웰니스축제,,,190,,완주군 모악산 일원
F0801,2023,제1회 완주 대둔산축제,,,120,17830,완주군일원
F0801,2024,제2회 완주 대둔산축제,,,133,16220,완주군 대둔산 일원
F0801,2025,제3회 완주 대둔산축제,2025-06-07,2025-06-08,154,20000,완주군 대둔산 일원
F0801,2026,2026 완주대둔산축제,2026-06-13,2026-06-14,190,,완주군 대둔산 일원
F0802,2022,제10회 와일드&로컬푸드축제,,,660,68434,완주군 일원
F0802,2023,제11회 와일드&로컬푸드축제,,,840,127751,완주군일원
F0802,2024,제12회 와일드&로컬푸드축제,,,910,194176,완주군 고산자연휴양림 일원
F0802,2025,제13회 와일드&로컬푸드축제,,,1949,62159,고산자연휴양림 일원
F0802,2026,제14회 완주와일드&로컬푸드축제,2026-10-02,2026-10-04,2082,,고산자연휴양림 일원
F0803,2022,제5회 오성한옥마을 오픈가든축제,,,32,5000,소양오성한옥마을
F0803,2023,제6회 오성한옥마을 오픈가든축제,,,32,15000,소양오성한옥마을
F0803,2024,제7회 오성한옥마을 오픈가든축제,,,33,15000,소양오성한옥마을
F0803,2025,제8회 오성한옥마을 오픈가든축제,2025-05-17,2025-05-18,33,15000,소양 오성한옥마을
F0803,2026,제8회 오성한옥마을 오픈가든축제,2026-09-19,2026-09-20,33,,소양 오성한옥마을 일원
F0804,2022,제8회 곶감축제,,,100,4900,운주면
F0804,2023,제9회 곶감축제,,,100,7000,운주면
F0804,2024,제10회 완주곶감축제,,,100,,운주면
F0804,2026,제11회 완주곶감축제,2026-01-16,2026-01-18,129,,완주군청 대형주차장 및 어울림광장 일원
F0805,2022,제21회 완주삼례딸기축제,,,100,,삼례읍행정복지센터
F0805,2024,제22회 완주 삼례딸기 축제,,,118,50000,삼례농협 인근 공영주차장
F0805,2025,제 23회 완주 삼례딸기축제,2025-03-07,2025-03-09,80,100000,삼례농협 인근 공영주차장
F0805,2026,제24회 삼례딸기축제,2026-03-06,2026-03-08,180,,삼례농협 인근 공영주차장
F0806,2026,제4회 동상계곡물소리축제,,,30,,미정
F0807,2026,제8회 향어축제,,,17,,완주군 이서면 한국전기안전공사 일원(이서면 안전로 111)
F0808,2022,제18회 진안고원운장산고로쇠축제,,,62,19423,주천면 일원
F0808,2023,제19회 진안고원 운장산 고로쇠축제,2023-03-11,2023-03-12,70,8000,주천면 대불리 운일암반일암 삼거광장 일원
F0808,2024,제20회 진안고원 운장산 고로쇠 축제,2024-03-10,2024-03-10,62,,주천면 대불리 삼거광장
F0808,2025,제21회 진안고원 운장산 고로쇠축제,2025-03-08,2025-03-09,70,9000,주천면 운일암반일암 일원
F0808,2026,제22회 진안고원 운장산 고로쇠축제,2026-03-14,2026-03-15,70,,주천면 운일암반일암 일원
F0809,2022,제14회 진안고원 수박축제,,,50,5000,동향면 체련공원
F0809,2023,제13회 진안고원 수박축제,2023-07-29,2023-07-30,50,0,동향면 체련공원 일원
F0809,2024,제14회 진안고원 수박축제,2024-07-27,2024-07-28,50,,동향면 체련공원
F0809,2025,제15회 진안고원 수박축제,,,50,5000,동향면 체련공원 일원
F0809,2026,제16회 진안고원 수박축제,,,60,,동향면 체련공원 일원
F0810,2022,2022 진안홍삼축제,,,850,69594,마이돈 테마공원
F0810,2023,2023 진안홍삼축제,,,1000,100000,마이산 북부 일원
F0810,2024,2024 진안홍삼축제,,,1000,119934,마이산 북부 일원
F0810,2025,2025 진안홍삼축제,,,1000,77066,마이산 북부 일원
F0810,2026,2026 진안홍삼축제,,,1163,,마이산 북부 일원
F0811,2024,제6회 진안고원 김치보쌈축제,2024-11-16,2024-11-17,70,,마이산 북부 일원
F0811,2025,제7회 진안고원 김치보쌈축제,,,70,5000,진안로컬푸드직매장 일원
F0811,2026,제8회 진안고원 김치보쌈축제,,,70,,진안로컬푸드직매장 일원
F0812,2022,제26회 무주반딧불축제,2022-08-27,2022-09-04,2200,73892,무주군 일원
F0812,2023,제27회 무주반딧불축제,2023-09-10,2023-09-10,2390,420000,무주군일원
F0812,2024,제27회 무주반딧불축제,2024-08-31,2024-09-07,2500000,381581,무주군 일원
F0812,2025,제29회 무주반딧불축제,2025-09-06,2025-09-14,2500,421529,무주군 일원
F0812,2026,제30회 무주반딧불축제,2026-09-05,2026-09-13,2600,,무주군 일원
F0813,2023,안성두문낙화놀이축제,,,50,10000,무주군 안성면 두문마을
F0813,2025,무주안성낙화놀이축제,2025-06-06,2025-06-07,50,2000,두문마을
F0813,2026,무주안성낙화놀이축제,2026-06-05,2026-06-06,50,,안성면 두문마을 일원
F0814,2022,제10회 무주 산골영화제,2022-06-02,2022-06-06,1000,30000,등나무 운동장 일원
F0814,2023,무주산골영화제,,,1000,,"등나무운동장일원, 덕유산국립공원대집회장"
F0814,2025,무주산골영화제,2025-06-06,2025-06-08,1100,13695,등나무운동장 일원
F0814,2026,제14회 무주산골영화제,2026-06-04,2026-06-08,1400,,등나무운동장 등 무주군 일원
F0815,2026,제4회 서면마을 벚꽃축제,2026-04-03,2026-04-05,15,,무주읍 서면마을(소이나루 공원) 일원
F0816,2022,제16회 장수 한우랑 사과랑 축제,,,1020,68882,의암공원 및 누리파크 일원
F0816,2023,제17회 장수 한우랑 사과랑 축제,2023-09-14,2023-09-17,1120,300000,의암공원 및 누리파크 일원
F0816,2024,제18회 장수한우랑사과랑축제,,,1220,,장수군 의암공원 및 누리파크
F0816,2026,제20회 장수한우랑사과랑축제,2026-09-10,2026-09-13,1220,,장수읍 의암공원 및 누리파크 일원
F0817,2025,제3회 쿨밸리페스티벌,2025-08-01,2025-08-03,120,6255,장수방화동자연휴양림 일원
F0817,2026,제4회 장수 쿨밸리 페스티벌,,,120,,장수방화동자연휴양림 일원
F0818,2022,제6회 번암 물빛 축제,,,32,1000,장수 물빛 공원
F0818,2023,제7회 번암물빛축제,2023-07-29,2023-07-30,50,0,번암물빛공원
F0818,2024,제8회 번암물빛축제,,,40,1000,전라북도 장수군 번암면
F0818,2025,제9회 번암물빛축제,2025-07-25,2025-07-26,36,1000,번암물빛공원 일원
F0818,2026,제10회 번암물빛축제,2026-07-24,2026-07-25,36,,번암 시동강 천변공원 일원
F0819,2025,제3회 장수가꿈토마토랑수박축제,,,25,800,장수군 계북면 일원
F0819,2026,제4회 장수가꿈토마토랑수박축제,,,25,,계북 참샘골 체육관 일원
F0820,2022,옥정호 벚꽃축제,2022-04-01,2022-04-03,35,,옥정호일원
F0820,2023,옥정호벚꽃축제,,,55,0,운암 요산공원 일원
F0820,2024,옥정호벚꽃축제,2024-04-06,2024-04-07,35,20000,운암면 옥정호출렁다리 및 순환도로 일원
F0820,2025,옥정호벚꽃축제,2025-04-06,2025-04-07,200,20000,붕어섬 일대
F0820,2026,옥정호벚꽃축제,2026-04-11,2026-04-12,200,,붕어섬 일대
F0821,2026,임실N펫스타(의견문화제),2026-05-01,2026-05-03,370,,반려누리 및 오수의견관광지 일원
F0822,2026,2026년 제 1회 임실 장미축제,2026-05-28,2026-05-31,700,,임실치즈테마파크
F0823,2022,사선문화제,,,50,1000,관촌사선대
F0823,2023,사선문화제,2023-09-22,2023-09-24,200,1000,관촌사선대
F0823,2024,사선문화제,2024-08-29,2024-09-01,200,5000,관촌사선대
F0823,2025,사선문화제,2025-09-25,2025-09-28,100,10000,사선대광장
F0823,2026,사선문화제,2026-09-17,2026-09-20,100,,사선대광장
F0824,2022,필봉마을굿축제,,,90,1000,필봉농악전수교육관
F0824,2023,필봉마을굿축제,2023-08-12,2023-08-14,90,12000,필봉농악 전수교육관
F0824,2024,필봉마을굿축제,2024-08-22,2024-08-25,170,15000,필봉농악전수교육관
F0824,2025,필봉마을굿축제,2025-09-19,2025-09-21,180,15000,필봉농악전수관
F0824,2026,필봉마을굿축제,2026-09-18,2026-09-20,210,,필봉농악전수관
F0825,2022,임실N치즈축제,2022-10-07,2022-10-10,900,126613,"임실치즈테마파크,임실치즈마을"
F0825,2023,임실N치즈축제,,,1030,559542,"임실치즈테마파크, 임실치즈마을,임실읍일원"
F0825,2024,임실N치즈축제,2024-10-03,2024-10-06,1030,580114,"임실치즈테마파크, 임실치즈마을, 임실읍 일원"
F0825,2025,임실N치즈축제,2025-10-08,2025-10-12,1112,130422,"임실치즈테마파크, 임실치즈마을, 임실읍 일원"
F0825,2026,제12회 임실N치즈축제,2026-10-08,2026-10-11,1200,,"임실치즈테마파크, 임실치즈마을, 임실읍 일원"
F0826,2026,임실 도자기축제,2026-10-23,2026-10-24,50,,구 .신전초 상월분교
F0827,2022,임실산타축제,,,400,63000,임실치즈테마파크
F0827,2023,산타축제,2023-12-23,2023-12-25,400,112881,임실치즈테마파크
F0827,2024,산타축제,2024-12-23,2024-12-25,300,318569,임실치즈테마파크
F0827,2025,산타축제,2025-12-25,2025-12-28,320,323695,임실치즈테마파크
F0827,2026,2026년 제 8회 임실 산타축제,2026-12-24,2026-12-26,700,,임실치즈테마파크
F0828,2022,제20회 옥천골벚꽃축제,2022-04-07,2022-04-10,47,,순창경천
F0828,2023,제20회 옥천골벚꽃축제,,,40,900,순창경천
F0828,2024,제22회 옥천골 벚꽃축제,,,45,20000,순창읍 경천로 일원
F0828,2025,제22회 옥천골 벚꽃축제,,,40,20000,순창읍 경천로 일원
F0828,2026,제23회 옥천골 벚꽃축제,,,44,,순창읍 경천로 일원
F0829,2025,제2회 채계산 유채꽃축제,,,42,4200,순창군 적성면 괴정리 1255-1
F0829,2026,제4회 순창 채계산 유채꽃 축제,2026-04-25,2026-04-26,46.2,,순창읍 적성면 괴정리 1255-1
F0830,2022,제17회 순창장류축제,2022-10-14,2022-10-16,830,70064,고추장민속마을
F0830,2023,제18회 순창장류축제,2023-10-13,2023-10-15,950,70076,순창발효테마파크
F0830,2024,제19회 순창장류축제,2024-10-11,2024-10-13,1506,53459,순창발효테마파크 일원
F0830,2025,제20회 순창장류축제,2025-10-17,2025-10-19,1401,53459,순창전통고추장민속마을 및 발효테마파크 일원
F0830,2026,제21회 순창장류축제,2026-10-16,2026-10-18,1319,,순창고추장민속마을 및 발효테마파크 일원
F0831,2024,제27회 추령장승축제,2024-10-26,2024-10-27,55,5000,순창군 복흥면 추령장승촌 일원
F0831,2025,제29회 추령장승축제,2025-10-25,2025-10-26,50,5000,순창군 복흥면 추령장승촌 일원
F0831,2026,제30회 추령장승축제,,,41.8,,순창군 복형면 추령장승촌 일원
F0832,2026,2026 순창 코리아떡볶이페스타,2026-11-14,2026-11-15,278,,순창발효테마마크 및 고추장민속마을 일원
F0833,2026,2026 순창 미리크리스마스,2026-12-05,2026-12-06,50,,순창발효테마파크 일원
F0834,2024,제2회 고창 벚꽃축제,2024-03-29,2024-03-31,290,154629,석정 일원
F0834,2025,제3회 고창 벚꽃축제,2025-04-04,2025-04-06,290,205645,고창읍 석정지구
F0834,2026,제4회 고창벚꽃축제,2026-04-03,2026-04-05,320,,고창읍 석정리 727 일원
F0835,2022,고창 청보리밭축제,,,215,164400,공음면 학원농장 일원
F0835,2023,고창 청보리밭축제,2023-04-22,2023-05-14,200,345000,학원농장
F0835,2024,고창 청보리밭축제,2024-04-20,2024-05-12,220,382240,학원농장
F0835,2025,제22회 청보리밭 축제,2025-04-19,2025-05-11,243,698589,학원관광농장
F0835,2026,제23회 고창 청보리밭 축제,2026-04-18,2026-05-10,255,,공음면 학원농장관광농장 일원
F0836,2022,바지락 오감체험 페스티벌,2022-04-29,2022-05-01,37,,하전리
F0836,2024,바지락 오감체험 페스티벌,2024-05-10,2024-05-12,50,27000,심원하전일원
F0836,2025,하전바지락 오감체험 페스티벌,2025-05-03,2025-05-05,55,31500,하전갯벌체험장
F0836,2026,하전바지락 오감체험 페스티벌,2026-05-01,2026-05-03,60,,심원면 하전어촌체험마을 일원
F0837,2022,고창갯벌축제,,,140,100170,심원만돌 일원
F0837,2023,고창 갯벌축제,,,140,45000,심원만돌일원
F0837,2024,2024 고창갯벌축제,,,130,30000,심원만돌일원
F0837,2025,고창갯벌축제,2025-06-13,2025-06-15,130,32800,만돌갯벌체험장
F0837,2026,고창갯벌축제,2026-06-05,2026-06-07,135,,심원면 일원
F0838,2022,고창복분자와수박축제,,,230,142000,선운산 도립공원
F0838,2023,고창 복분자와수박축제,2023-06-16,2023-06-18,230,162000,선운산 도립공원
F0838,2024,제21회고창복분자와수박축제,2024-06-14,2024-06-16,262,170000,선운산도립공원
F0838,2025,제22회 고창 복분자와 수박축제,2025-06-20,2025-06-22,270,91215,선운산도립공원
F0838,2026,제23회 고창복분자와 수박축제,2026-06-19,2026-06-21,292,,선운산도립공원 일원
F0839,2022,고창 모양성제,,,980,70000,고창읍성일원
F0839,2023,고창 모양성제,2023-10-19,2023-10-23,980,100480,고창읍성일원
F0839,2024,제51회 고창모양성제,2024-10-09,2024-10-13,1420,138536,고창읍성 일원
F0839,2025,제52회 고창모양성제,2025-10-29,2025-11-02,1740,140200,고창읍성
F0839,2026,제53회 고창모양성제,2026-10-15,2026-10-19,1970,,고창읍성 일원
F0840,2022,제7회 개암동 벚꽃축제,2022-04-02,2022-04-03,30,21000,개암제일원
F0840,2023,상서개암동벚꽃축제,,,50,0,개암제
F0840,2024,제6회 개암동 벚꽃축제,,,40,20000,부안 상서면 개암동
F0840,2025,제7회 개암동 벚꽃축제,,,30,20000,부안 상서면 개암동 일원
F0840,2026,제8회 개암동 벚꽃축제,,,30,,부안 상서면 개암동 일원
F0841,2022,제9회 부안마실축제,2022-05-05,2022-05-07,1100,68000,부안군일원(매창공원)
F0841,2023,부안마실축제,,,1100,48875,매창공원
F0841,2024,제11회 부안마실축제,,,1500,171733,부안 해뜰마루 전라북도 지방정원
F0841,2025,제12회 부안마실축제,2025-05-02,2025-05-05,1520,190152,부안 해뜰마루 일원
F0841,2026,제13회 부안마실축제,2026-05-02,2026-05-05,1630,,부안 해뜰마루 일원
F0842,2024,변산 비치파티,,,400,20000,부안 변산해수욕장
F0842,2025,변산 비치파티,,,380,20000,부안 변산해수욕장
F0842,2026,변산 비치파티,,,450,,부안 변산해수욕장
F0843,2024,고슴도치섬 위도상사화축제,,,15,1000,부안 위도해수욕장
F0843,2025,고슴도치섬 위도상사화축제,,,15,1000,부안 위도해수욕장
F0843,2026,고슴도치섬 위도상사화축제,,,15,,부안 위도해수욕장
F0844,2022,님의뽕축제,2022-08-05,2022-08-07,15,3000,변산면
F0844,2023,님의뽕축제,,,15,,부안댐
F0844,2024,님의 뽕 축제,,,15,2500,부안댐 광장
F0844,2025,님의 뽕 축제,,,15,2500,부안댐 광장
F0844,2026,님의 뽕 축제,,,15,,부안댐 광장
F0845,2022,제14회 곰소젓갈발효축제,,,120,10000,곰소 다용도 부지
F0845,2023,곰소젓갈발효축제,,,120,7291,곰소젓갈발효센터
F0845,2024,부안 곰소젓갈발효축제,,,120,14000,부안 곰소리 일원
F0845,2025,부안 곰소젓갈발효축제,,,132,42000,부안 곰소리 일원
F0845,2026,부안 곰소젓갈발효축제,,,132,,부안 곰소리 일원
F0846,2023,부안노을축제,,,550,49695,변산해수욕장
F0846,2024,2024 부안붉은노을축제,,,600,97443,부안 변산해수욕장
F0846,2025,2025 부안붉은노을축제,,,600,121634,부안 변산해수욕장
F0846,2026,2026 부안붉은노을축제,,,750,,부안 변산해수욕장
F0847,2023,부안설숭어축제,,,60,,상설시장일원
F0847,2024,부안 설숭어축제,,,60,,부안 상설시장
F0847,2025,부안 설숭어축제,,,60,3000,부안 상설시장
F0847,2026,부안 설숭어축제,,,60,,부안 상설시장
F0848,2022,제50회 강진청자축제,2022-09-30,2022-10-06,800,,대구면 청자촌
F0848,2023,제51회 강진청자축제,2023-02-23,2023-02-23,950,107650,대구면 청자촌
F0848,2024,제52회 강진청자축제,2024-02-23,2024-03-03,1190,756092,대구면 청자촌
F0848,2025,제53회 강진청자축제,2025-02-22,2025-03-03,1400,174014,대구면 청자촌
F0848,2026,제54회 강진청자축제,2026-02-21,2026-03-02,1400,,고려청자박물관 일원
F0849,2022,제25회 전라병영성축제,2022-04-20,2022-04-24,250,,병영면 전라병영성 일원
F0849,2023,제26회 전라병영성축제,2023-04-19,2023-04-24,250,40928,병영성 일원
F0849,2024,제27회 전라병영성축제,,,290,41490,병영성 일원
F0849,2025,제28회 전라병영성축제,2025-03-28,2025-03-30,290,43919,병영성 일원
F0849,2026,제29회 전라병영성축제,2026-04-17,2026-04-19,290,,전라병영성 일원
F0850,2024,제2회 강진 수국길 축제,2024-06-21,2024-06-23,290,24513,보은산 일원
F0850,2025,제3회 강진 수국길 축제,2025-06-27,2025-06-29,290,48174,보은산 일원
F0850,2026,제4회 강진 수국길 축제,2026-06-26,2026-06-28,290,,보은산 일원
F0851,2024,제2회 강진 하맥축제,2024-08-01,2024-08-03,290,67183,강진종합운동장 일원
F0851,2025,제3회 강진 하맥축제,2025-08-28,2025-08-30,200,75019,강진종합운동장 일원
F0851,2026,제4회 강진 하맥축제,2026-08-27,2026-08-29,400,,강진종합운동장 일원
F0852,2026,제1회 강진 월출산 차(茶) & 정원 페스티벌(가칭),2026-09-11,2026-09-13,290,,월출산 일원
F0853,2022,제7회 강진만춤추는 갈대축제,2022-10-28,2022-11-06,500,,강진만 생태공원
F0853,2023,제8회 강진만춤추는갈대축제,,,500,122055,생태공원 일원
F0853,2024,제9회 강진만춤추는갈대축제,,,800,147688,생태공원 일원
F0853,2025,제10회 강진만춤추는갈대축제,2025-10-25,2025-11-02,800,198212,생태공원 일원
F0853,2026,제11회 강진만춤추는갈대축제,2026-10-24,2026-11-01,800,,강진만생태공원 일원
F0854,2022,제13회 고흥우주항공축제,2022-05-05,2022-05-08,350,35300,나로우주과학관 일원
F0854,2023,제13회 고흥우주항공축제,2023-04-21,2023-04-23,350,59570,나로우주과학관
F0854,2024,제14회 고흥우주항공축제,,,400,56360,나로우주과학관
F0854,2025,제15회고흥우주항공축제,2025-05-03,2025-05-06,500,116480,나로우주과학관 일원
F0854,2026,제16회고흥우주항공축제,2026-05-02,2026-05-05,600,,나로우주과학관 일원
F0855,2022,제20회 고흥 녹동 바다불꽃축제,2022-05-05,2022-05-08,60,25100,녹동항구
F0855,2023,제21회 녹동바다불꽃축제,2023-05-18,2023-05-21,200,25000,녹동 구항
F0855,2024,제22회 녹동바다불꽃축제,2024-05-23,2024-05-26,200,53000,녹동 구항
F0855,2025,제23회 녹동 바다불꽃축제,,,200,49151,녹동 구항
F0855,2026,제 24회 녹동 바다불꽃축제,,,200,,녹동 구항
F0856,2022,제2회 고흥 유자 석류축제,2022-11-03,2022-11-06,640,46200,풍양면 한동리 701-7 일원
F0856,2023,제3회 고흥 유자석류 축제,,,650,125900,유자석류축제장
F0856,2024,제4회 고흥 유자축제,,,1000,172980,유자 축제장
F0856,2025,제5회 고흥유자축제,,,,313980,풍양면 유자축제장 일원
F0856,2026,제5회 고흥유자축제,,,,,풍양면 유자축제장 일원
F0857,2022,제12회 곡성세계장미축제,2022-05-21,2022-06-06,720,281545,섬진강기차마을
F0857,2023,제13회 곡성세계장미축제,2023-05-20,2023-05-29,800,229413,섬진강기차마을
F0857,2024,제14회 곡성세계장미축제,2024-05-17,2024-05-26,700,241774,섬진강기차마을
F0857,2025,제15회 곡성세계장미축제,2025-05-16,2025-05-25,700,248982,섬진강기차마을
F0857,2026,제16회 곡성세계장미축제,2026-05-22,2026-05-31,800,,곡성섬진강기차마을
F0858,2022,제22회 곡성심청어린이대축제,2022-10-21,2022-10-30,480,35154,섬진강기차마을
F0858,2023,제23회 곡성심청어린이대축제,2023-10-06,2023-10-09,480,36871,섬진강기차마을
F0858,2024,제24회 곡성심청어린이대축제,,,480,36179,섬진강기차마을
F0858,2025,제25회 곡성심청어린이대축제,2025-10-23,2025-10-26,480,31997,섬진강기차마을
F0858,2026,제26회 곡성심청어린이대축제,2026-10-08,2026-10-11,480,,곡성섬진강기차마을
F0859,2022,광양매화축제,,,290,,매화마을 일원
F0859,2023,광양매화축제,,,290,1221000,매화마을 일원
F0859,2024,제23회 광양매화축제,2024-03-08,2024-03-17,1156,997366,다압면 매화마을 일원
F0859,2025,제24회 광양매화축제,2025-03-07,2025-03-16,1116,642339,다압면 매화마을 일원
F0859,2026,제25회 광양매화축제,,,676,,다압면 매화마을 일원
F0860,2024,제7회 광양천년동백축제,,,30,3000,옥룡사지 동백숲 일원
F0860,2025,제8회 광양천년동백축제,,,45,4000,옥룡사지 동백숲 일원
F0860,2026,제9회 광양천년동백축제,,,35,,옥룡사지 동백숲 일원
F0861,2022,백운산국사봉철쭉축제,,,30,,옥곡면 일원
F0861,2023,백운산국사봉철쭉축제,,,40,3000,옥곡면 일원
F0861,2024,제16회 백운산국사봉철쭉축제,,,40,5000,옥구슬건강문화센터 광장 및 국사봉 일원
F0861,2025,제17회 백운산국사봉철쭉축제,,,45,5000,옥구슬건강문화센터 광장 및 국사봉 일원
F0861,2026,제18회 백운산국사봉철쭉축제,,,40,,옥구슬건강문화센터 광장 및 국사봉 일원
F0862,2022,광양전어축제,,,65,,진월면 일원
F0862,2023,광양전어축제,,,80,5000,진월면 일원
F0862,2024,제23회 광양전어축제,,,80,60000,진월면 망덕포구 일원
F0862,2025,제24회 광양전어축제,,,80,20000,진월면 망덕포구 일원
F0862,2026,제25회 광양전어축제,,,80,,진월면 망덕포구 일원
F0863,2022,광양전통숯불구이축제,,,90,,광양읍 서천변 일원
F0863,2023,광양전통숯불구이축제,,,100,15000,광양읍 서천변 일원
F0863,2024,제20회 광양전통숯불구이축제,,,150,85000,광양읍 서천변 일원
F0863,2025,제21회 광양전통숯불구이축제,,,100,90000,광양읍 서천변 일원
F0863,2026,제22회 광양전통숯불구이축제,,,100,,광양읍 서천변 일원
F0864,2024,제4회 광양 K-POP 페스티벌,,,500,28500,관내 일원(장소 미정)
F0864,2025,제5회 광양 K-POP 페스티벌,,,500,24000,관내 일원(장소 미정)
F0864,2026,제6회 광양 K-POP 페스티벌,,,500,,관내 일원(장소 미정)
F0865,2022,제23회 구례산수유꽃축제,2022-03-12,2022-03-20,200,,산동면 지리산온천관광지 일원
F0865,2023,제24회 구례산수유꽃축제,2023-03-11,2023-03-19,480,360000,산동면 일원
F0865,2024,제25회 구례산수유꽃축제,2024-03-09,2024-03-17,500,350344,산동면 일원
F0865,2025,제26회 구례산수유꽃축제,2025-03-15,2025-03-23,500,287444,산동면 일원
F0865,2026,제27회 구례산수유꽃축제,2026-03-14,2026-03-22,525,,산동면 일원
F0866,2023,구례300리 벚꽃축제,2023-03-31,2023-04-02,290,150000,"구례읍, 문척면 일원"
F0866,2024,2024 구례300리 벚꽃축제,2024-03-29,2024-03-31,290,100000,"구례읍, 문척면 일원"
F0866,2025,2025 구례300리 벚꽃축제,2025-03-28,2025-03-30,250,100000,"구례읍, 문척면 일원"
F0866,2026,2026 구례300리 벚꽃축제,2026-03-27,2026-03-29,270,,"구례읍, 문척면 일원"
F0867,2022,제78회 지리산남악제 및 군민의 날 행사,,,335,2000,마산면 화엄사지구 일원
F0867,2023,제79회 지리산남악제 및 42회 군민의 날 행사,2023-04-20,2023-04-22,345,2000,구례군 일원
F0867,2024,제80회 지리산남악제 및 43회 군민의 날 행사,2024-04-19,2024-04-21,329,2000,구례군 일원
F0867,2025,제81회 지리산남악제 및 제44회 군민의 날 행사,2025-04-18,2025-04-20,329,2000,구례군 일원
F0867,2026,제82회 지리산남악제 및 제45회 군민의 날 행사,2026-04-18,2026-04-20,345,,구례군 일원
F0868,2022,제14회 구례동편소리축제,,,250,2000,구례서시천체육공원 일원
F0868,2023,2023 구례동편소리축제,2023-10-13,2023-10-15,250,2000,서시천체육공원일원
F0868,2024,2024 구례동편소리축제,2024-10-11,2024-10-13,240,2000,서시천체육공원 일원
F0868,2025,2025 구례동편소리축제,2025-10-26,2025-10-28,240,2000,서시천체육공원 일원
F0868,2026,2026 구례동편소리축제,2026-09-16,2026-09-18,260,,서시천체육공원 일원
F0869,2022,화엄음악제,,,100,2000,마산면 화엄사 일원
F0869,2023,화엄음악제,2023-10-06,2023-10-08,100,2000,화엄사 일원
F0869,2024,화엄음악제,2024-10-04,2024-10-06,100,2000,화엄사 일원
F0869,2025,화엄음악제,2025-10-03,2025-10-05,100,2000,화엄사 일원
F0869,2026,화엄음악제,2026-10-03,2026-10-05,100,,화엄사 일원
F0870,2022,제46회 지리산피아골단풍축제,,,120,1500,토지면 피아골 일원
F0870,2023,제47회 지리산피아골단풍 축제,2023-11-04,2023-11-05,120,1500,토지면 일원
F0870,2024,제48회 지리산피아골단풍 축제,2024-11-02,2024-11-03,50,1500,토지면 일원
F0870,2025,제49회 지리산피아골단풍 축제,2025-11-01,2025-11-01,65,1500,토지면 일원
F0870,2026,제50회 지리산피아골 단풍축제,2026-10-31,2026-11-01,100,,토지면 일원
F0871,2022,천년나주목읍성문화축제,,,100,20000,금성관 및 나주향교 일원
F0871,2023,제3회 천년나주목읍성문화축제,,,100,20000,금성관 및 나주향교 일원
F0871,2024,제4회 천년나주목읍성문화축제,,,95,20000,금성관 및 나주향교 일원
F0871,2025,제5회 천년나주목읍성문화축제,,,100,25000,나주읍성권 일원
F0871,2026,천년나주목읍성문화축제,,,100,,금성관 및 나주향교 일원
F0872,2022,영산포 홍어축제,,,170,,영산강둔치체육공원 일원
F0872,2023,제19회 영산포 홍어축제,,,170,13000,영산강 둔치 체육공원 일원
F0872,2024,제20회 영산포 홍어축제,,,170,95000,홍어의 거리 및 영산강 둔치 체육공원 일원
F0872,2025,제21회 영산포홍어축제,,,200,135000,영산강둔치체육공원 일원
F0872,2026,영산포 홍어축제,,,200,,영산포 둔치 체육공원 일원
F0873,2025,2025 빛가람 빛 정원 페스타,2025-12-01,2025-12-31,290,20000,빛가람호수공원 일원
F0873,2026,빛가람 빛 정원 페스타,,,30,,나주 빛가람 호수공원 일원
F0874,2026,2026 설맞이 연날리기 축제,2026-02-14,2026-02-15,25,,나주 영산강정원 일원
F0875,2025,2025 나주영산강축제,2025-10-08,2025-10-12,1600,511000,영산강 정원 일원
F0875,2026,2026 나주영산강 축제,2026-10-07,2026-10-11,1600,,영산강 정원 일원
F0876,2022,제28회 남도음식문화큰잔치,2022-10-08,2022-10-10,1077,178000,여수세계박람회장 일원
F0876,2023,2023 국제남도음식문화큰잔치,2023-10-08,2023-10-08,800,253000,여수세계박람회장
F0876,2024,제30회 국제남도음식문화큰잔치,2024-10-11,2024-10-13,1600,,목포 문화예술회관 일원
F0876,2026,제31회 남도음식문화큰잔치,2026-10-23,2026-10-25,1600,,나주 영산강정원 일원
F0877,2022,제22회 담양대나무축제,2022-05-02,2022-05-08,610,,"죽녹원, 관방제림"
F0877,2024,2024년 담양대나무축제,2024-05-15,2024-05-20,750,680673,죽녹원 및 관방제림 일원
F0877,2025,2025년 담양대나무축제,2025-05-09,2025-05-13,600,694928,죽녹원 및 관방제림 일원
F0877,2026,제25회 담양대나무축제,2026-05-01,2026-05-05,710,,죽녹원 일원
F0878,2026,대전면 지역 축제(명칭미정),,,35,,대전면 일원
F0879,2026,월산면 지역 축제(명칭미정),,,35,,월산면 일원
F0880,2022,창평전통음식축제,,,35,,슬로시티방문자센터 일원
F0880,2024,제11회 창평 전통음식축제,,,35,,슬로시티방문자센터
F0880,2026,제12회 창평전통음식축제,,,35,,창흥학당 일원
F0881,2022,담양산타축제,,,250,50000,"원도심, 메타프로방스"
F0881,2023,담양산타축제,,,150,118000,메타프로방스
F0881,2024,제6회 담양산타축제,,,,81879,담양메타랜드일원
F0881,2025,제7회 담양산타축제,2025-12-24,2025-12-25,,85049,담양읍 중앙로 및 메타프로방스 일원
F0881,2026,제8회 담양산타축제,,,,,"메타랜드, 중앙로 일원"
F0882,2026,2026 유달산봄소풍,2026-04-04,2026-04-05,100,,유달산 일원
F0883,2022,2022 목포항구축제,2022-10-13,2022-10-16,800,209850,목포항 및 삼학도 일원
F0883,2023,2023 목포항구축제,2023-10-20,2023-10-22,1000,224750,목포항 및 삼학도 일원
F0883,2024,2024 목포항구축제,2024-09-27,2024-09-29,690,240000,목포항 및 삼학도 일원
F0883,2025,2025 목포항구축제,2025-09-26,2025-09-28,800,240000,목포항일원
F0883,2026,2026 목포항구축제,2026-10-16,2026-10-18,740,,목포항일원
F0884,2023,2023 무안겨울숭어축제,2023-01-14,2023-01-15,90,9800,양간다리 수산시장 일원
F0884,2024,2024 무안겨울숭어축제,2024-01-20,2024-01-21,90,13169,양간다리 수산시장 일원
F0884,2025,2025 무안겨울숭어축제,2025-01-18,2025-01-19,150,9800,양간다리 수산시장 일원
F0884,2026,무안겨울숭어축제,2026-01-24,2026-01-25,150,,양간다리 수산시장 일원
F0885,2026,해제 유채꽃축제,2026-04-11,2026-04-12,22,,해제면 도리포 해변 및 유채꽃 경관단지 일원
F0886,2026,운남 돈세고놀자축제,2026-04-18,2026-04-19,150,,운남농협자재센터 일원
F0887,2022,제25회 무안연꽃축제,,,700,100000,회산 백련지
F0887,2023,제26회 무안연꽃축제,2023-07-20,2023-07-23,700,62000,회산백련지 일원
F0887,2024,제27회 무안연꽃축제,2024-07-25,2024-07-28,500,87000,회산백련지 일원
F0887,2025,제28회 무안연꽃축제,2025-06-26,2025-06-29,500,62000,회산백련지 일원
F0887,2026,무안연꽃축제,2026-06-25,2026-06-28,300,,회산백련지 일원
F0888,2022,제9회 무안황토갯벌축제,,,500,50000,무안황토갯벌랜드
F0888,2023,제9회 황토갯벌축제,2023-06-09,2023-06-11,500,49000,무안황토갯벌랜드 일원
F0888,2024,제10회 황토갯벌축제,,,300,35179,무안황토갯벌랜드 일원
F0888,2025,제11회 황토갯벌축제,2025-05-10,2025-05-25,300,49000,무안황토갯벌랜드 일원
F0888,2026,황토갯벌축제,2026-09-05,2026-09-13,300,,무안황토갯벌랜드 일원
F0889,2024,2024 무안갯벌낙지축제,,,150,17391,낙지골목 일원
F0889,2025,2025 무안갯벌낙지축제,2025-10-25,2025-10-26,150,17391,낙지골목 일원
F0889,2026,무안낙지축제,2026-10-31,2026-11-01,150,,무안읍 중앙로 및 뻘낙지거리 일원
F0890,2022,2022 무안YD 페스티벌,,,,60000,남악중앙공원
F0890,2023,제3회 무안YD 페스티벌,2023-10-06,2023-10-08,700,93000,남악중앙공원 일원
F0890,2024,제4회 무안YD 페스티벌,2024-10-25,2024-10-27,500,98800,남악중앙공원 일원
F0890,2025,제5회 무안YD 페스티벌,2025-11-14,2025-11-16,700,15100,남악중앙공원 일원
F0890,2026,무안YD 페스티벌,2026-11-20,2026-11-22,700,,남악중앙공원 일원
F0891,2022,보성다향대축제,2022-04-15,2022-04-21,730,,차문화공원
F0891,2023,보성다향대축제,2023-04-29,2023-04-29,930,264488,차문화공원
F0891,2024,보성다향대축제,,,972,208201,한국차문화공원 일원
F0891,2025,제48회 보성다향대축제,2025-05-02,2025-05-06,964,610000,한국차문화공원 일원
F0891,2026,제49회 보성다향대축제,2026-05-01,2026-05-05,1010,,한국차문화공원 일원
F0892,2024,보성벚꽃축제,,,20,3000,대원사 일원
F0892,2025,제12회 보성벚꽃축제,2025-03-31,2025-04-01,22,3000,문덕 백림미술관 일원
F0892,2026,제13회 보성벚꽃축제,2026-04-04,2026-04-05,22,,대원사 일원
F0893,2022,서편제보성소리축제,2022-04-15,2022-04-17,475,,문화예술회관
F0893,2023,서편제보성소리축제,2023-04-29,2023-04-29,475,8000,문화예술회관
F0893,2024,서편제보성소리축제,,,475,1000,보성문화예술회관
F0893,2025,제27회 서편제보성소리축제,2025-05-04,2025-05-06,475,1000,보성문화예술회관
F0893,2026,제28회 서편제보성소리축제,2026-05-02,2026-05-04,475,,보성문화예술회관
F0894,2025,제17회 감쪽같은 보성전어축제,2025-08-16,2025-08-17,110,3000,회천 율포솔밭해수욕장 일원
F0894,2026,제18회 감쪽같은 보성전어축제,2026-08-15,2026-08-16,77,,회천 율포솔밭해수욕장 일원
F0895,2026,제2회 보성열선루 이순신 역사문화축제,2026-10-23,2026-10-25,290,,보성읍 열선루공원 일원
F0896,2022,벌교꼬막&문학축제,,,200,,벌교읍 거리
F0896,2023,벌교꼬막&문학축제,,,200,96011,벌교읍 거리
F0896,2024,벌교꼬막축제,2024-10-25,2024-10-27,260,110000,벌교천 일원
F0896,2025,제21회 벌교꼬막축제,2025-10-31,2025-11-02,286,110000,벌교읍 일원
F0896,2026,제22회 벌교꼬막축제,2026-11-20,2026-11-22,286,,벌교읍 일원
F0897,2025,글로벌 콘텐츠 페스티벌 in 순천,,,1000,230000,"오천그린광장, 원도심 일원"
F0897,2026,글로벌 콘텐츠 페스티벌 in 순천,,,1190,,오천그린광장 일원
F0898,2026,원도심 콘텐츠 축제 '원츠(Wants) 순천',2026-06-27,2026-06-28,290,,남문터광장 일원
F0899,2026,도심 해방로드 주말의광장,,,1200,,미정
F0900,2026,제43회 팔마문화제,,,2200,,"남문터광장, 문화의거리 일원"
F0901,2026,2026년 동천 야광 축제,,,500,,동천 일원
F0902,2022,제6회 순천 푸드앤아트페스티벌,,,620,318313,순천 원도심 일원
F0902,2023,제7회 순천푸드앤아트페스티벌,,,710,340000,원도심 일원
F0902,2024,제8회 순천 푸드앤아트페스티벌,,,690,370000,중앙로 일원
F0902,2025,2025 순천 푸드앤아트페스티벌,2025-10-31,2025-11-02,700,370700,순천시 중앙로 일원
F0902,2026,2026 제10회 순천 푸드앤아트페스티벌,,,700,,중앙로 일원
F0903,2026,2026 순천국가유산야행,,,250,,원도심 유산 일원
F0904,2022,제27회 낙안읍성 민속문화축제,2022-10-21,2022-10-23,210,,낙안읍성
F0904,2024,제29회 순천낙안읍성민속문화축제,2024-10-03,2024-10-05,120,85310,순천낙안읍성 등
F0904,2025,제30회 순천 낙안읍성 민속문화축제,2025-10-17,2025-10-19,200,93650,순천 낙안읍성 일원
F0904,2026,제31회 순천 낙안읍성 민속문화축제,2026-10-10,2026-10-11,200,,순천 낙안읍성 일원
F0905,2022,제23회 순천만갈대축제,,,70,,순천만습지일원
F0905,2024,제25회 순천만갈대축제,2024-11-02,2024-11-03,50,24000,순천만습지
F0905,2025,제26회 순천만 갈대축제,2025-10-25,2025-11-02,70,58000,순천만습지 일원
F0905,2026,제27회 순천만 갈대축제,,,150,,순천만습지 일원
F0906,2026,2026 섬 흑산홍어축제,2026-05-08,2026-05-09,57,,예리 물항장
F0907,2026,섬 샤스타데이지 축제,2026-05-01,2026-05-31,50,,장산면 화이트정원 일원
F0908,2024,2024년 섬수선화축제,2024-03-29,2024-04-07,220,20156,지도읍 선도리 일원
F0908,2025,2025년 섬 수선화축제,2025-03-28,2025-04-06,80,12121,선도 수선화정원
F0908,2026,2026 섬 수선화축제,2026-04-03,2026-04-12,60,,지도읍 선도리 수선화정원
F0909,2024,2024 섬 크로코스미아꽃 축제,2024-07-05,2024-07-21,60,6000,1004섬 분재정원
F0909,2025,2025년 섬 크로코스미아꽃 축제,2025-07-04,2025-07-13,30,3010,1004섬 분재정원
F0909,2026,2026 섬크로코스미아꽃축제,,,30,,1004섬 분재정원
F0910,2022,2022년 섬 겨울꽃 축제,,,70,50000,천사섬분재공원
F0910,2023,2023년 섬 겨울꽃 축제,2023-12-01,2023-12-24,70,22943,1004섬분재정원
F0910,2024,2024 섬 겨울꽃 축제,2024-12-06,2024-01-01,80,20000,1004섬 분재정원
F0910,2025,2025년 섬 겨울꽃 축제,2025-12-19,2026-01-31,60,40788,1004섬 분재정원
F0910,2026,2026 섬겨울꽃축제,2026-12-18,2027-01-17,60,,1005섬 분재정원
F0911,2025,2025 섬 홍매화축제,2025-03-07,2025-03-09,30,7000,1004섬 튤립·홍매화정원
F0911,2026,2026 섬 홍매화축제,2026-03-06,2026-03-08,30,,튤립홍매화정원
F0912,2022,2022년 섬 튤립축제,,,90,50000,신안 튤립공원
F0912,2023,2023년 섬 튤립축제,,,90,74289,대광튤립정원
F0912,2024,2024 섬 튤립축제,2024-04-05,2024-04-14,90,84631,튤립및홍매화정원
F0912,2025,2025 섬 튤립축제,2025-04-04,2025-04-13,80,50000,1004섬 튤립·홍매화정원
F0912,2026,2026 섬 튤립축제,2026-04-05,2026-04-14,80,,튤립홍매화정원
F0913,2024,2024 섬 맨드라미 축제,2024-10-04,2024-10-13,45,11005,병풍도 맨드라미정원
F0913,2025,섬 맨드라미 축제,2025-10-03,2025-10-12,45,11000,증도면 병풍도 일원
F0913,2026,2026 섬 맨드라미축제,2026-10-16,2026-10-25,30,,병풍도 맨드라미정원
F0914,2025,신안 샴막 예술 축제,2025-05-17,2025-05-18,90,1000,비금면 일원
F0914,2026,신안 비금도 샴막예술축제,2026-06-19,2026-06-20,200,,비금면
F0915,2026,피아노섬 축제,2026-04-25,2026-04-26,50,,자은면
F0916,2026,2026년 보물섬 함초축제,2026-10-23,2026-10-24,20,,증도 태평염전 일원
F0917,2024,섬 낙지축제,,,68,6100,압해 분재정원 일원
F0917,2025,섬 낙지축제,2025-05-18,2025-05-19,52,2000,압해 송공항 일원
F0917,2026,섬 낙지축제,2026-05-22,2026-05-23,52,,송공항(전남 신안군 압해읍 송공리 873)
F0918,2024,섬 병어축제,,,69,2700,지도 젓갈타운 일원
F0918,2025,섬 병어축제,2025-06-07,2025-06-08,49,2000,지도 젓갈타운 일원
F0918,2026,섬 병어축제,2026-06-12,2026-06-13,52,,젓갈타운(전남 신안군 지도읍 읍내리 350-8)
F0919,2024,섬 민어축제,,,65,1700,임자 대광해변 일원
F0919,2025,섬 민어축제,2025-08-02,2025-08-03,56,1500,임자 대광해변 일원
F0919,2026,섬 민어축제,2026-07-31,2026-08-01,52,,대광해수욕장(전남 신안군 임자면 대기리 2523-6)
F0920,2024,섬 왕새우축제,,,92,16460,팔금 장목주차장 일원
F0920,2025,섬 왕새우축제,2025-10-01,2025-10-10,73,15000,팔금 장목주차장 일원
F0920,2026,섬 왕새우축제,2026-10-17,2026-10-25,75,,장목마을 일원(전남 신안군 팔금면 원산리 112-1)
F0921,2024,섬 새우젓축제,,,64,2200,지도 젓갈타운 일원
F0921,2025,섬 새우젓축제,2025-11-24,2025-11-25,47,2400,지도 젓갈타운 일원
F0921,2026,섬 새우젓축제,2026-10-23,2026-10-24,47,,젓갈타운(전남 신안군 지도읍 읍내리 350-8)
F0922,2024,제32회 여수영취산진달래축제,2024-03-23,2024-03-24,100,40000,흥국사 산림공원 및 영취산 일원
F0922,2025,제33회 영취산 진달래축제,2025-03-22,2025-03-23,100,30000,흥국사 및 영취산 일원
F0922,2026,제34회 여수영취산진달래축제,2026-03-28,2026-03-29,120,,흥국사 산림공원 및 영취산 일원
F0923,2022,제56회 여수거북선축제,2022-05-06,2022-05-08,855,,이순신광장 및 여수시 일원
F0923,2023,제56회 여수거북선축제,2023-05-05,2023-05-07,900,25200,종포해양공원 일원
F0923,2024,제58회 여수거북선축제,2024-05-04,2024-05-07,800,214000,여수시 일원
F0923,2025,제59회 여수거북선축제,2025-05-03,2025-05-05,800,220000,이순신 광장
F0923,2026,제60회 여수거북선축제,2026-05-01,2026-05-03,800,,이순신광장 및 중앙동 일원
F0924,2022,제20회 거문도백도 은빛바다 체험행사,2022-08-12,2022-08-14,50,,거문도 일원
F0924,2023,제20회 거문도백도 은빛바다 체험행사,,,50,2000,거문도 일원
F0924,2024,제22회 거문도백도 은빛바다 체험행사,,,50,2400,거문도 잉뤈
F0924,2025,제23회 거문도백도 은빛바다체험행사,2025-08-01,2025-08-02,50,1900,거문도 일원
F0924,2026,제24회 거문도백도은빛바다체험행사,2026-07-31,2026-08-01,50,,삼산면 거문도 일원
F0925,2022,여수여자만갯벌노을체험행사,2022-09-24,2022-09-25,60,,소라면 장척마을 일원
F0925,2023,여수여자만갯벌노을체험행사,,,60,5850,소라면 장척마을 일원
F0925,2024,제15회 여수여자만갯벌노을체험행사,,,60,2300,소라면 장척마을 일원
F0925,2025,제16회 여수여자만갯벌노을체험행사,2025-09-20,2025-09-21,66,6500,소라면 해넘이길 일원
F0925,2026,제17회 여수여자만갯벌노을체험행사,2026-09-12,2026-09-13,70,,소라면 장척마을 일원
F0926,2026,2026 여수 섬 음식 축제 (여수섬슐랭페스타 명칭 변경),2026-10-09,2026-10-11,300,,여수세계박람회장 엑스포디지털갤러리(EDG)
F0927,2022,여수동동북축제,,,300,,"용기공원, 선소 일원"
F0927,2023,여수동동북축제,2023-10-21,2023-10-22,350,103200,"용기공원, 선소 일원"
F0927,2024,2024 여수동동북축제,,,300,82000,"용기공원, 선소 일원"
F0927,2025,2025 여수동동북축제,2025-10-11,2025-10-12,240,95000,선소 및 용기공원 일원
F0927,2026,2026 여수동동북축제,2026-10-31,2026-11-01,350,,용기공원 및 선소 일원
F0928,2022,제27회 여수향일암일출제,2022-12-31,2022-01-01,60,,돌산 임포마을 일원
F0928,2023,제27회 여수향일암일출제,2023-12-31,2023-01-01,60,23100,돌산 임포마을 향일암 일원
F0928,2024,제29회 여수향일암일출제,2024-12-31,2024-01-01,60,,돌산 임포마을 향일암 일원
F0928,2025,제30회 여수향일암일출제,2025-12-31,2026-01-01,60,20000,향일암 일원
F0928,2026,제31회 여수향일암일출제,2026-12-31,2027-01-01,66,,돌산읍 임포마을(향일암 일원)
F0929,2026,2027년 새해 분산일출(일몰)제,2026-12-31,2027-01-01,68,,관내 일출(일몰) 명소-20개소
F0930,2025,2025 청년거리문화한마당,,,30,1400,협의예정
F0930,2026,2026 청년거리문화한마당,,,30,,관내 일원(4개소-미정)
F0931,2022,제9회 영광찰보리문화축제,2022-04-29,2022-04-30,70,,지내들 옹기돌탑공원
F0931,2023,제9회 영광찰보리문화축제,2023-05-05,2023-05-06,80,,지내들 옹기돌탑공원
F0931,2025,제11회 영광찰보리문화축제,,,81,15000,군남면 지내들 돌탑공원
F0931,2026,제12회 영광찰보리축제,,,85,,군남면 지내들 돌탑공원
F0932,2022,2022 영광법성포단오제,2022-06-02,2022-06-05,390,110839,법성포단오제 전수교육관
F0932,2023,2023 영광법성포단오제,2023-06-22,2023-06-25,450,80226,법성포단오제 전수교육관
F0932,2024,2023 영광법성포단오제,2024-06-07,2024-06-10,430,85344,법성포단오제 전수교육관
F0932,2025,2025 영광법성포단오제,2025-05-29,2025-06-01,414,115836,단오제보존회 전수교육관 일원
F0932,2026,2026 영광법성포단오제,2026-06-18,2026-06-21,584,,단오제전수교육관 일원
F0933,2022,제22회 영광불갑산상사화축제,2022-09-16,2022-09-25,398,403528,불갑사 관광지
F0933,2023,제23회 영광불갑산상사화축제,2023-09-16,2023-09-25,540,350146,불갑사 관광지
F0933,2024,제23회 영광불갑산상사화축제,2024-09-13,2024-09-22,589,240837,불갑사 관광지
F0933,2025,제25회 영광불갑산상사화축제,,,565,386406,불갑산관광지 일원
F0933,2026,제26회 영광불갑산상사화축제,2026-09-18,2026-09-27,654,,불갑산관광지 일원
F0934,2022,영암왕인문화축제,,,990,3570000,왕인박사유적지
F0934,2023,영암왕인문화축제,,,990,890000,왕인박사유적지 일원
F0934,2024,영암왕인문화축제,2024-03-28,2024-03-31,1645,,왕인박사유적지 일원
F0934,2025,제26회 영암왕인문화축제,2025-03-29,2025-04-06,1601,163706,왕인박사유적지 일원
F0934,2026,2026 영암왕인문화축제,2026-04-04,2026-04-12,1760,,영암왕인박사 유적지 일원
F0935,2022,월출산국화축제,,,300,159380,월출산기찬랜드
F0935,2023,월출산국화축제,,,300,280000,월출산기찬랜드
F0935,2024,월출산국화축제,,,300,163706,월출산기찬랜드
F0935,2025,월출산 국화축제,2025-11-01,2025-11-16,600,83516,월출산기찬랜드
F0935,2026,월출산 국화축제,2026-10-30,2026-11-15,,,월출산기찬랜드
F0936,2022,마한축제,,,150,30000,마한문화공원
F0936,2023,마한축제,,,150,30000,마한문화공원
F0936,2024,마한축제,,,150,,마한문화공원
F0936,2025,마한문화축제,2025-04-25,2025-04-26,150,2000,마한문화공원
F0936,2026,마한문화축제,2026-10-16,2026-10-17,150,,마한 문화 역사공원
F0937,2022,영암무화과축제,,,180,30000,미정
F0937,2023,영암무화과축제,,,180,30000,미정
F0937,2024,영암무화과축제,,,150,50000,삼호읍
F0937,2025,영암무화과축제,,,150,,삼호읍
F0937,2026,영암무화과축제,,,,,삼호읍 일원
F0938,2022,2022 청산도슬로걷기축제,2022-04-01,2022-05-08,250,47800,청산면 일원
F0938,2023,2023 청산도슬로걷기축제,2023-04-08,2023-05-07,280,80000,청산면 일원
F0938,2024,2024 청산도슬로걷기축제,2024-04-06,2024-04-20,200,33551,청산도 일원
F0938,2025,2025 청산도슬로걷기축제,2025-04-05,2025-05-04,290,52047,청산도 일원
F0938,2026,2026 청산도 슬로걷기축제,2026-04-01,2026-04-30,380,,청산면 일원
F0939,2022,2022 청정완도 가을섬여행,,,280,37210,"완도읍, 청산면, 보길면 일원"
F0939,2023,2023 청정완도 가을섬여행,,,300,44000,완도일원
F0939,2024,2024 청정완도 가을 섬여행,,,150,12155,완도읍 해변공원 일원
F0939,2025,2025 청정완도 가을섬 여행,,,200,18581,완도 해변공원 및 완도 해양치유센터 일원
F0939,2026,2026 청정완도 가을 섬 여행,,,500,,완도 해변공원 및 완도 해양치유센터 일원
F0940,2022,제21회 황룡강 (洪)길동무 꽃길 축제,,,400,175958,"황룡강변 일원, 홍길동테마파크"
F0940,2023,제22회 황룡강 (洪)길동무 꽃길 축제,2023-05-19,2023-05-21,500,226888,"황룡강변 일원, 홍길동테마파크"
F0940,2024,황룡강 (洪)길동무 꽃길 축제,2024-05-24,2024-05-26,400,177634,"황룡강변 일원, 홍길동테마파크"
F0940,2025,제24회 장성 황룡강 (洪)길동무 꽃길 축제,2025-05-10,2025-05-11,400,73000,황룡강변 일원
F0940,2026,제25회 장성 황룡깅 길동무 꽃길 축제,2026-05-23,2026-05-25,400,,장성읍 황룡강 일원
F0941,2023,제8회 황룡강 가을꽃축제,2023-10-15,2023-10-15,800,750260,황룡강변 일원
F0941,2024,황룡강 가을꽃축제,2024-10-05,2024-10-13,500,578910,황룡강변 일원
F0941,2025,2025 장성 황룡강 가을꽃 축제,2025-10-18,2025-10-26,500,400000,황룡강변 일원
F0941,2026,2026 장성 황룡강 가을꽃 축제,2026-10-08,2026-10-11,800,,장성읍 황룡강 일원
F0942,2022,제15회 정남진장흥물축제,2022-07-30,2022-08-07,1730,566250,탐진강변
F0942,2023,제16회 정남진장흥물축제,2023-07-29,2023-08-06,2130,660027,탐진강볍
F0942,2024,제17회 정남진 장흥 물축제,2024-07-27,2024-08-04,2216,658504,탐진강 및 편백숲 우드랜드 일원
F0942,2025,제18회 정남진 장흥 물축제,2025-07-26,2025-08-03,2124,493165,장흥군 탐진강 및 편백숲 우드랜드 일원
F0942,2026,제19회 정남진 장흥 물축제,2026-07-25,2026-08-02,2600,,장흥군 장흥읍 탐진강 및 편백숲 우드랜드 일원
F0943,2024,2024 장흥 회령포 이순신 축제,,,150,6000,회진항 일원
F0943,2025,장흥 회령포 이순신 축제,2025-05-16,2025-05-18,250,5000,장흥군 회진항 일원
F0943,2026,2026년 장흥회령포이순신축제,,,250,,회진항 물양장 및 회령진성
F0944,2022,2022 정남진장흥키조개축제,,,72,,수문항 일원
F0944,2023,2023 정남진장흥키조개축제,,,72,,수문항 일원
F0944,2025,제22회 정남진장흥 키조개축제,2025-05-02,2025-05-06,71.5,6400,장흥군 안양면 수문항
F0944,2026,제23회 정남진 장흥 키조개축제,2026-05-02,2026-05-05,72,,장흥군 안양면 수문항 일원
F0945,2022,2022 장평명품호두축제,,,50,1200,장평면행정복지센터 광장
F0945,2023,제12회 장평명품호두축제,,,36,,장평면 체육광장 일원
F0945,2025,제 14회 장평 명품 호도축제,,,72,850,장흥군 장평면행정복지센터 및 체육공원 일원
F0945,2026,제15회 장평 명품호도축제,2026-10-01,2026-10-02,92,,장평체육공원 및 다목적회관(명품호도 전시관)
F0946,2022,제43회 진도신비의바닷길축제,2022-04-17,2022-04-19,800,126862,고군면 회동리
F0946,2023,제43회 진도신비의바닷길축제,2023-04-20,2023-04-22,980,31842,고군면 회동리 일원
F0946,2024,제44회 진도신비의바닷길축제,2024-03-11,2024-03-13,910,43550,고군면 회동리 일원
F0946,2025,제45회 진도신비의바닷길축제,2025-03-29,2025-04-01,910,79400,고군면 신비의 바닷길74
F0946,2026,제46회 진도신비의바닷길축제,2026-04-17,2026-04-20,910,,고군면 신비의바닷길 74
F0947,2026,2026보배섬유채꽃축제,2026-04-03,2026-04-20,88,,조도면 관매도리 일원
F0948,2026,제10회 진도꽃게축제,,,250,,임회면 서망리 일원
F0949,2022,제9회 대한민국진도개페스티벌,2022-05-03,2022-05-05,100,,진도개테마파크
F0949,2024,제10회 대한민국 진도개페스티벌,2024-05-05,2024-05-06,130,34000,진도개테마파크 일원
F0949,2025,2025 대한민국진도개페스티벌,,,200,13000,진도읍 진도개테마파크일원
F0949,2026,2026대한민국진도개페스티벌,2026-05-02,2026-05-03,200,,진도읍 진도개테마파크 일원
F0950,2026,2026 진도 꽃양귀비(금영화)축제,,,20,,진도읍 수유리(백조호수공원)
F0951,2026,2026 진도운림수국축제,,,57,,의신면 사천리(운림산림욕장)
F0952,2026,2026 진도 꽃무릇축제,,,15,,의신면 사천리(운림산림욕장)
F0953,2026,2026 진도국제무형문화축전,,,120,,진도읍 향토문화회관일원
F0954,2025,2025 보배섬 국화축제,,,400,120100,진도읍 진도개테마파크일원
F0954,2026,2026 보배섬 국화축제,,,1200,,진도읍 진도개테마파크 일원
F0955,2022,제24회 함평나비대축제,2022-04-29,2022-05-08,1000,166726,함평엑스포공원
F0955,2023,제25회 함평나비대축제,2023-04-27,2023-05-07,1000,150375,함평엑스포공원
F0955,2024,제26회 함평나비대축제,2024-04-26,2024-05-05,1386,185505,함평엑스포공원 일원
F0955,2025,제27회 함평나비대축제,2025-04-25,2025-05-06,1386,224098,함평엑스포공원
F0955,2026,제28회 함평나비대축제,2026-04-24,2026-05-05,1505,,함평엑스포공원 일원
F0956,2026,2026 함평 물놀이 페스타,2026-07-17,2026-08-16,300,,함평엑스포공원 물놀이장 일원
F0957,2024,제25회 모악산 꽃무릇 축제,,,300,23087,해보면 꽃무릇공원 일원
F0957,2025,제26회 함평모악산 꽃무릇축제,,,300,23087,모악산 꽃무릇공원
F0957,2026,제27회 함평모악산 꽃무릇축제,,,300,,함평 해보면 용천사 꽃무릇공원 일원
F0958,2022,2022 대한민국 국향대전,2022-10-21,2022-11-06,800,212057,함평엑스포공원
F0958,2023,2023 대한민국 국향대전,2023-10-20,2023-11-05,800,170719,함평엑스포공원
F0958,2024,2024 대한민국 국향대전,2024-10-25,2024-11-10,1159,160424,함평엑스포공원 일원
F0958,2025,2025 대한민국 국향대전,,,1159,177000,함평엑스포공원
F0958,2026,2026 대한민국 국향대전,2026-10-23,2026-11-08,1158,,함평엑스포공원 일원
F0959,2025,2025 함평 겨울빛축제,,,200,150000,함평엑스포공원
F0959,2026,2026 함평 겨울빛축제,,,500,,함평엑스포공원 일원
F0960,2023,달마고도 힐링축제,,,80,,달마고도
F0960,2025,달마고도 힐링축제,2025-03-22,2025-03-22,80,7000,송지면 달마고도 일원
F0960,2026,달마고도 힐링축제,2026-03-28,2026-03-29,80,,송지면 달마고도 일원
F0961,2024,흑석산 소풍 힐링축제,2024-04-26,2024-04-27,35,800,흑석산 자연휴양림
F0961,2025,흑석산 소풍힐링축제,2025-04-25,2025-04-26,20,1000,계곡면 가학리 1 일원
F0961,2026,흑석산 소풍힐링축제,,,20,,계곡면 가학리 1 일원
F0962,2025,두륜산 왕벚꽃나무 막걸리축제,2025-04-11,2025-04-12,10,1000,삼산면 대흥사 일원
F0962,2026,두륜산 왕벚꽃나무 막걸리축제,,,10,,삼산면 대흥사 일원
F0963,2024,해남 공룡대축제,2024-05-03,2024-05-05,290,72000,해남 공룡박물관
F0963,2025,해남 공룡대축제,2025-05-03,2025-05-05,600,135000,황산면 공룡박물관 일원
F0963,2026,해남 공룡대축제,2026-05-02,2026-05-05,600,,황산면 공룡박물관 일원
F0964,2025,옥천 무궁화축제,2025-09-05,2025-09-06,15,500,옥천면 무궁화주차장 일원
F0964,2026,옥천 무궁화축제,,,15,,옥천면 무궁화주차장 일원
F0965,2022,2022 명량대첩축제,2022-09-23,2022-09-25,1600,151000,울돌목 일원
F0965,2023,2023 명량대첩축제,2023-09-10,2023-09-10,1600,176000,진도~해남 울돌목일원
F0965,2024,제16회 명량대첩축제,2024-10-18,2024-10-20,1600,,"울돌목일원(해남, 진도)"
F0965,2026,명량대첩축제,2026-09-11,2026-09-13,700,,울돌목 일원
F0966,2025,해남 캠핑관광박람회,2025-10-17,2025-10-19,450,35000,오시아노 관광단지 일원
F0966,2026,해남 캠핑관광박람회,2026-10-09,2026-10-11,450,,오시아노 관광단지 일원
F0967,2022,제4회 해남미남축제,,,650,165000,대흥사 일원
F0967,2023,해남미남축제,,,700,240000,대흥사 일원
F0967,2024,해남미남축제,,,700,238000,대흥사 일원
F0967,2025,해남 미남축제,2025-10-31,2025-11-02,850,243000,삼산면 두륜산도립공원 일원
F0967,2026,해남 미남축제,2026-10-30,2026-11-01,860,,삼산면 두륜산도립공원 일원
F0968,2022,제25회 땅끝해넘이해맞이축제,2022-12-31,2022-01-01,40,,땅끝 관광지
F0968,2023,땅끝해넘이해맞이축제,2023-12-31,2023-01-01,100,20000,땅끝 관광지
F0968,2024,땅끝해넘이해맞이축제,2024-12-31,2024-01-01,100,,땅끝 관광지
F0968,2025,땅끝해남 해넘이해맞이 축제,2025-12-31,2026-01-01,130,20000,송지면 땅끝 관광지 일원
F0968,2026,땅끝해남 해넘이해맞이 축제,2026-12-31,2027-01-01,130,,송지면 땅끝 관광지 일원
F0969,2025,2025 화순 봄꽃 축제,2025-04-18,2025-04-27,900,306000,남산공원 및 꽃강길 일원
F0969,2026,2026 화순 봄꽃 축제,2026-04-17,2026-04-26,900,,남산공원 및 꽃강길 일원
F0970,2024,2024 화순 고인돌 가을꽃 축제,2024-10-18,2024-11-03,1000,315300,화순 고인돌 유적지
F0970,2025,2025 화순 고인돌 가을꽃 축제,,,1100,710000,고인돌 유적지 일원
F0970,2026,2026 화순 고인돌 가을꽃 축제,,,1490,,고인돌 유적지 일원
F0971,2024,2024 화학산 철쭉제,,,20,,청풍면 화학산
F0971,2025,2025 화학산 철쭉제,,,20,800,화학산
F0971,2026,제18회 화학산 철쭉제,,,25,,화학산
F0972,2022,백아산 철쭉제,2022-05-06,2022-05-07,19,,백아산
F0972,2023,백아산 철쭉제,,,20,0,백아산
F0972,2024,2024 백아산 철쭉제,,,20,,백아면 백아산
F0972,2025,2025 백아산 철쭉제,,,20,1000,백아산
F0972,2026,제29회 백아산 철쭉제,,,25,,백아산
F0973,2022,운주 문화축제,,,90,,운주사
F0973,2023,운주문화축제,,,90,0,운주사
F0973,2024,2024 화순운주문화축제,,,70,5000,도암면 운주사
F0973,2025,2025 화순운주문화축제,,,70,5000,운주사
F0973,2026,제27회 화순운주문화축제,,,70,,운주사
F0974,2023,적벽문화축제,,,70,0,"이서커뮤니티센터, 적벽 망향정"
F0974,2024,2024 화순적벽문화축제,,,50,,이서 커뮤니티 센터
F0974,2025,제38회 화순 적벽문화축제,,,50,5000,이서커뮤니티센터
F0974,2026,제39회 화순적벽문화축제,,,50,,이서커뮤니티센터
F0975,2025,2025 남산공원 로컬힙 프로젝트,,,100,10000,남산공원
F0975,2026,2026 남산공원 로컬힙 프로젝트,,,70,,남산공원
F0976,2026,제1회 동복 숲정이 봄꽃 축제,,,18,,연둔리 숲정이
F0977,2026,2026 미리미리 크리스마스,,,200,,남산공원
F0978,2025,포항 뮤직&캠핑페스타,,,180,15000,영일대해수욕장 일원
F0978,2026,포항캠핑페스타,,,180,,영일대해수욕장 일원
F0979,2022,포항 철길숲 야행,,,280,50000,포항 철길숲 일원
F0979,2023,포항철길숲야행축제,,,265,50000,포항철길숲 일원
F0979,2024,포항철길숲야행축제,,,248,50000,포항철길숲 일원
F0979,2025,철길숲 야행 축제,,,222,80000,포항 철길숲 일원
F0979,2026,포항철길숲야행축제,,,246,,포항철길숲 일원
F0980,2026,포항 SUMMER 워터퐝 페스티벌,,,209,,영일대 해상누각 광장
F0981,2024,송도비치 레트로 페스티벌,,,170,30000,송도해수욕장 일원
F0981,2025,2025 송도비치 레트로 페스티벌,,,300,20000,송도해수욕장 일원
F0981,2026,송도비치 레트로 페스티벌,,,200,,송도해수욕장 일원
F0982,2022,포항국제불빛축제,2022-05-28,2022-05-29,860,300000,형산강둔치(변경가능)
F0982,2023,포항국제불빛축제,,,1800,300000,형산강체육공원
F0982,2024,포항국제불빛축제,2024-05-31,2024-05-31,1812,326832,형산강체육공원
F0982,2025,포항국제불빛축제,2025-05-30,2025-06-01,1804,,형산강체육공원 일원
F0982,2026,포항국제불빛축제,,,1895,,영일대해수욕장 일원
F0983,2026,포항 낙화의 밤,,,200,,포항시 일원
F0984,2022,포항해병대문화축제,2022-05-01,2022-05-01,500,150000,"오천읍 냉천수변공원, 도구해안"
F0984,2023,포항해병대문화축제,,,500,20000,오천읍 일원
F0984,2024,포항해병대문화축제,2024-04-27,2024-04-28,345,55000,오천읍 일원
F0984,2025,포항해병대문화축제,2025-04-26,2025-04-27,558,60000,미정
F0984,2026,포항해병대문화축제,,,500,,오천읍 일원
F0985,2022,호미곶한민족해맞이축전,2022-12-31,2022-01-01,345,100000,호미곶 해맞이광장
F0985,2023,호미곶한민족해맞이축전,2023-12-31,2023-01-01,345,30000,호미곶해맞이광장
F0985,2024,호미곶한민족해맞이축전,2024-12-31,2024-12-31,345,22000,호미곶해맞이광장
F0985,2025,제28회 호미곶한민족해맞이축전,2025-12-31,2026-01-01,345,50000,호미곶광장
F0985,2026,호미곶한민족해맞이축전,2026-12-31,2027-01-01,365,,호미곶해맞이광장
F0986,2026,2026 포항 수제맥주페스티벌,2026-09-18,2026-09-19,180,,미정
F0987,2026,2026년 영일만친구 야시장,,,60,,포항 중앙상가 일원
F0988,2025,호미반도 유채꽃 개장식,2025-03-29,2025-03-30,27,100000,호미곶 해맞이광장 행사장
F0988,2026,호미반도 유채꽃 개장식,2026-03-28,2026-03-29,30,,호미곶 해맞이광장 행사장
F0989,2026,맛으로 보는 경관 푸드 페스티벌,2026-09-05,2026-09-07,30,,호미곶 해맞이광장 행사장
F0990,2025,포은문화축제,,,31,9000,포항시 남구 오천읍 일원
F0990,2026,포은문화축제,2026-10-17,2026-10-18,40,,오천읍 냉천수변공원
F0991,2022,연일부조장터문화축제,,,125,20000,연일부조장터(형산강둔치)
F0991,2023,부조장터문화축제,,,125,20000,신부조장터공원
F0991,2024,부조장터문화축제,,,115,10000,신부조장터공원
F0991,2025,부조장터 문화축제,,,112,9000,포항시 연일읍 일원
F0991,2026,부조장터 문화축제,2026-10-17,2026-10-18,80,,신부조장터공원
F0992,2026,연오랑세오녀 축제,2026-10-17,2026-10-18,23,,"연오랑세오녀테마파크, 동해면민운동장"
F0993,2026,포항칠포재즈페스티벌,2026-06-13,2026-06-14,623,,칠포해수욕장 상설공연장
F0994,2025,2025 포항 벤토나이트 축제,,,207.75,900,포항시 일원
F0994,2026,2026 포항 벤토나이트 축제,2026-07-24,2026-07-25,140,,영일대 해수욕장 해상누각 앞 일원
F0995,2022,포항 구룡포 대게 축제,,,62.5,15000,구룡포 아라광장
F0995,2023,포항 구룡포 대게 축제,,,70,15000,구룡포아라광장
F0995,2024,포항 구룡포 대게 축제,,,100,,구룡포아라광장
F0995,2025,포항 구룡포 대게 축제,,,100,,구룡포아라광장
F0995,2026,포항 구룡포 대게 축제,,,66,,구룡포아라광장
F0996,2022,포항 호미곶 돌문어 축제,,,18.1,8000,호미곶 새천년광장
F0996,2023,포항 호미곶 돌문어 축제,,,18.1,8000,호미곶새천년광장
F0996,2024,포항 호미곶 돌문어 축제,,,18.1,5000,호미곶새천년광장
F0996,2025,포항 호미곶 돌문어 축제,,,18,1000,호미곶새천년광장
F0996,2026,포항 호미곶 돌문어 축제,,,14.5,,호미곶새천년광장
F0997,2022,포항 영일만 검은돌장어 축제,,,54.2,12000,동해면 도구 해수욕장
F0997,2023,포항 영일만 검은돌장어 축제,,,54.2,12000,동해면 도구해수욕장
F0997,2024,포항 영일만 검은돌장어 축제,,,25,,동해면 도구해수욕장 또는 영일대특설행사장
F0997,2025,포항 영일만 검은돌장어 축제,,,25,1000,동해면 도구해수욕장 또는 영일대특설행사장
F0997,2026,포항 영일만 검은돌장어 축제,,,20,,동해면 도구해수욕장 또는 영일대특설행사장
F0998,2022,포항 구룡포 과메기 축제,,,27.5,10000,구룡포 아라광장
F0998,2023,포항 구룡포 과메기 축제,,,27.5,10000,구룡포아라광장
F0998,2024,포항 구룡포 과메기 축제,,,40,5000,구룡포아라광장
F0998,2025,포항 구룡포 과메기 축제,,,40,2000,구룡포아라광장
F0998,2026,포항 구룡포 과메기 축제,,,32,,구룡포아라광장
F0999,2026,2026 포항독서대전,2026-09-12,2026-09-13,104,,포항시립포은중앙도서관
F1000,2026,제14회 포항맛앤락페스티벌,2026-10-16,2026-10-17,54,,영일대 해상누각 일원
F1001,2026,호미반도 국수 맛 기행,2026-10-02,2026-10-04,400,,구룡포 아라광장 일원
F1002,2026,치맥 페스티벌,2026-08-07,2026-08-08,76,,미정
F1003,2026,2026 경주대릉원돌담길,,,290,,경주 대릉원돌담길
F1004,2026,윈터포차라이트,,,150,,경주문화관 1918 앞 광장
F1005,2024,김천김밥축제,,,100,100000,사명대사공원 일원
F1005,2025,2025 김천김밥축제,2025-10-25,2025-10-26,510,150000,"사명대사공원,직지문화공원 일원"
F1005,2026,2026 김천김밥축제,2026-10-23,2026-10-25,677,,"사명대사공원, 직지문화공원 일원"
F1006,2026,2026 연화지 벚꽃 축제,2026-04-01,2026-04-10,170,,연화지 일원
F1007,2026,2026 김천 전국 그래피티 페스타,2026-06-13,2026-06-14,200,,감천 백사장 맨발걷기길
F1008,2022,농촌체험 페스티벌,,,80,10000,농업기술센터 테마공원
F1008,2023,제 12회 농촌체험페스티벌,,,80,,김천시농업기술센터 내
F1008,2026,제 15회 농촌체험페스티벌,,,80,,농업기술센터
F1009,2022,김천포도축제,,,250,50000,직지문화공원
F1009,2023,김천포도축제,,,280,,종합스포츠타운
F1009,2025,2025 김천포도축제,2025-09-19,2025-09-21,500,80000,김천종합스포츠타운 보조경기장 일원
F1009,2026,2026 김천포도축제,2026-08-21,2026-08-23,650,,김천종합스포츠 타운
F1010,2026,한여름밤의 김천 페스타,2026-08-21,2026-08-22,30,,율곡동 일원
F1011,2022,안동벚꽃축제,,,90,,낙동강변 벚꽃도로 (예정)
F1011,2023,안동 벚꽃축제,,,90,93464,낙동강변 벚꽃길
F1011,2024,안동 벚꽃축제,,,120,200000,낙동강변 벚꽃길
F1011,2025,2025 안동 벚꽃축제,,,150,200000,안동시 벚꽃도로 일원
F1011,2026,2026년 안동벚꽃축제,2026-04-01,2026-04-05,150,,축제장길 200 일원
F1012,2024,차전장군노국공주축제,2024-05-03,2024-05-07,900,250000,"탈춤공원,모디684,원도심일원"
F1012,2025,2025 차전장군노국공주축제,2025-05-01,2025-05-06,900,250000,중앙선1942 안동역 일원
F1012,2026,2026년 차전장군노국공주축제,2026-05-01,2026-05-05,1200,,경동로 684 일원
F1013,2024,안동수[水]페스타,,,500,150000,낙동강 둔치 일원
F1013,2025,2025 안동 수페스타,,,500,186000,안동시 성희여고 앞 낙동강변 일원
F1013,2026,2026년 안동수(水)페스타,2026-07-25,2026-08-02,800,,정하동 635 일원
F1014,2022,안동국제탈춤페스티벌,2022-09-30,2022-10-09,1800,388429,탈춤공원 등 안동시 일원
F1014,2023,안동국제탈춤페스티벌,,,1000,885126,탈춤공원 등 안동시 일원(예정)
F1014,2024,안동국제탈춤페스티벌,2024-09-27,2024-10-06,2000,1488099,"구안동역 및 탈춤공원, 원도심일원"
F1014,2025,2025 안동국제탈춤페스티벌,2025-09-26,2025-10-05,2000,1600000,중앙선1942 안동역 일원
F1014,2026,2026년 안동국제탈춤페스티벌,2026-09-25,2026-10-04,2000,,축제장길 200 일원
F1015,2022,암산얼음축제,,,150,,남후면 광음리 암산유원지 일원
F1015,2023,안동 암산 얼음축제,2023-01-28,2023-02-05,150,275222,남후면 광음리 암산유원지 일원
F1015,2024,안동암산얼음축제,2024-01-20,2024-01-28,150,,남후면 광음리 암산유원지 일원
F1015,2025,2025 안동암산얼음축제,2025-01-18,2025-01-26,150,297000,안동시 남후면 일원
F1015,2026,2026년 안동암산얼음축제,2026-01-17,2026-01-25,150,,암산 안전체험 유원지 일원
F1016,2026,2026 안동국가유산 야행사업(월영야행),2026-07-31,2026-08-09,530,,월영교 일원
F1017,2024,2024 하회선유줄불놀이,,,200,,하회마을 만송정 일원
F1017,2026,2026 하회선유줄불놀이,,,150,,하회마을 일원
F1018,2026,구미국제조각페스티벌,2026-07-04,2026-07-05,500,,다온숲 일원
F1019,2025,금오예술제,2025-09-18,2025-09-20,240,8000,새마을운동테마공원 일원
F1019,2026,금오예술제,2026-09-18,2026-09-20,240,,금오산 분수광장
F1020,2026,2026년 구미 일선정품 한마당 대잔치,2026-10-01,2026-10-02,80,,선산 복개천 일원(예정)
F1021,2023,구미라면축제,,,400,80000,미정
F1021,2024,제3회 구미라면축제,2024-11-15,2024-11-17,455,170000,구미역 일원
F1021,2025,2025 구미라면축제,,,700,349705,구미역 일원
F1021,2026,2026 구미라면축제,2026-11-06,2026-11-08,850,,구미역 일원
F1022,2025,2026 구미시 새희망 카운트다운,2025-12-31,2026-01-01,290,15000,동락공원 일원
F1022,2026,2027 구미시 새희망 카운트다운,2026-12-31,2027-01-01,,,동락공원 일원
F1023,2023,2023 제2회 구미푸드 페스티벌,2023-10-27,2023-10-28,90,150000,시청 정문앞 복개천
F1023,2024,제3회 구미푸드페스티벌,2024-10-26,2024-10-27,290,150000,송정맛길(구미 복개천)
F1023,2025,제4회 구미푸드페스티벌,,,446,204372,송정맛길
F1023,2026,2026 구미푸드&테크페스티벌,,,596,,송정맛길 일원
F1024,2026,반려동물문화축제,,,30,,동락공원
F1025,2026,2026년 구미 달달한 낭만 야시장,2026-04-24,2026-10-24,280,,"새마을중앙시장, 인동시장"
F1026,2026,고향시장행복어울림마당(새마을중앙시장),,,20,,새마을중앙시장
F1027,2026,고향시장행복어울림마당(형곡중앙시장),,,20,,형곡중앙시장
F1028,2026,고향시장행복어울림마당(선산봉황시장),,,20,,선산봉황시장
F1029,2026,고향시장행복어울림마당(인동시장),,,20,,인동시장
F1030,2026,문화로 상권활성화 축제,,,80,,문화로 자율상권구역 일원
F1031,2022,한국선비문화축제,,,480,83053,순흥면 선비촌
F1031,2023,한국선비문화축제,,,592,56067,구도심 및 순흥면 일원
F1031,2024,영주 한국선비문화축제,,,900,87303,선비촌 및 서천둔치 일원
F1031,2025,영주 한국선비문화축제,,,920,101276,선비촌 및 문정둔치 일원
F1031,2026,영주 한국선비문화축제,,,900,,"선비촌 일원(선비세상, 소수서원 등)"
F1032,2024,영주 소백산철쭉제,,,239,41096,소백산 및 서천둔치 일원
F1032,2025,영주 소백산철쭉제,,,290,48061,소백산 및 영일둔치 일원
F1032,2026,영주 소백산철쭉제,,,290,,소백산 일원
F1033,2026,영주 시원(ONE)페스타,,,600,,문정둔치 일원
F1034,2022,무섬외나무다리축제,,,72,11970,문수면 무섬마을
F1034,2023,무섬외나무다리축제,,,81,16275,문수면 무섬마을
F1034,2024,영주 무섬외나무다리축제,,,143,18009,문수면 무섬마을
F1034,2025,영주 무섬외나무다리축제,,,300,17834,무섬마을 일원
F1034,2026,영주 무섬외나무다리축제,,,280,,무섬마을 일원
F1035,2022,경북영주풍기인삼축제,,,720,,풍기읍남원천
F1035,2023,영주풍기인삼축제,,,63,321920,풍기읍
F1035,2024,경북영주 풍기인삼축제,,,1045,487550,풍기읍 남원천 및 인삼문화팝업공원 일원
F1035,2025,경북영주 풍기인삼축제,,,1190,497419,풍기읍 남원천 및 인삼문화팝업공원 일원
F1035,2026,경북영주 풍기인삼축제,,,1070,,풍기읍 남원천 및 인삼문화팝업공원 일원
F1036,2024,영주장날 농특산물축제,,,600,89832,부석사 및 서천둔치 일원
F1036,2025,영주장날 농특산물대축제,,,600,74068,문정둔치 및 부석사 잔디광장 일원
F1036,2026,영주장날 농특산물대축제,,,600,,미정
F1037,2022,제20회 영천한약축제,,,550,50744,영천한의마을
F1037,2023,제21회 영천한약축제,,,550,,영천한의마을
F1037,2025,제23회 영천한약축제,2025-09-26,2025-09-28,400,50000,영천강변공원 일원
F1037,2026,제24회 영천한약축제,,,400,,영천한의마을(예정)
F1038,2025,25년 영천별빛한우명품구이축제,,,70,40000,영천강변공원 일원
F1038,2026,2026년 영천별빛한우 구이축제,,,35,,영천강변공원 일원
F1039,2022,제10회 영천와인페스타,,,90,20000,영천시농업기술센터
F1039,2023,제11회 영천와인페스타,,,150,,영천강변공원(미정)
F1039,2025,제13회 영천와인페스타,2025-09-27,2025-09-28,150,30000,영천강변공원 일원
F1039,2026,제14회 영천와인페스타,,,150,,영천강변공원
F1040,2022,제19회 영천보현산별빛축제,,,280,75644,보현산천문과학관 일원
F1040,2023,제20회 영천보현사별빛축제,,,300,69717,보현산천문과학관 일원
F1040,2024,제21회영천보현산별빛축제,2024-10-05,2024-10-07,385,50585,영천보현산천문과학관
F1040,2025,제22회 영천보현산별빛축제,2025-10-17,2025-10-19,385,32106,영천보현산천문과학관 일원
F1040,2026,제23회 영천보현산별빛축제,,,405,,영천보현산천문과학관 일원
F1041,2024,제4회 중악팔공산 은빛문화제,,,313.2,30000,은해사
F1041,2025,제5회 중악팔공산 은빛문화제,2025-09-07,2025-09-08,387,4000,청통 은해사 일원
F1041,2026,제6회 중악 팔공산 은빛문화제,2026-09-19,2026-09-20,342,,은해사
F1042,2022,제48회 영천문화예술제,,,200,70000,미정
F1042,2023,제49회 영천문화예술제,,,200,30000,영천강변공원
F1042,2024,제50회 영천문화예술제,,,260,30000,영천강변공원
F1042,2025,제51회 영천문화예술제,,,260,30000,영천강변공원 일원
F1042,2026,제52회 영천문화예술제,,,260,,영천강변공원 일원
F1043,2026,신성일기념관 영화제,2026-09-16,2026-09-18,200,,신성일기념관 광장
F1044,2023,2023 상주곶감축제,,,500,73535,상주시민운동장
F1044,2024,2024 상주곶감축제,2024-01-12,2024-01-14,390,73000,북천시민공원
F1044,2025,2025 상주곶감축제,2025-01-09,2025-01-12,795,111100,태평성대경상감영공원 일원
F1044,2026,2026 상주곶감축제,2026-01-23,2026-01-25,795,,태평성대 경상감영공원
F1045,2025,2025 벚꽃에 물든 상상주도 비박페스티벌,2025-03-29,2025-03-30,120,1000,북천시민공원 일원
F1045,2026,2026 벚꽃에 물든 상상주도 비박 페스티벌,2026-04-04,2026-04-05,107,,북천시민공원 일원
F1046,2025,2025 상주 슬로라이프 페스티벌,2025-05-24,2025-05-25,70,11000,함창명주테파마크 일원
F1046,2026,2026 상주 슬로라이프 페스티벌,2026-09-12,2026-09-13,80,,함창명주테마파크 일원
F1047,2025,2025 낙동강 수상레저 페스타,,,150,2500,상주보수상레저센터 및 경천섬 일원
F1047,2026,2026 낙동강 수상레저 페스타,,,150,,상주보수상레저센터 및 경천섬 일원
F1048,2024,2024 상주세계모자페스티벌,,,1000,120000,상주 태평성대 경상감영공원 일원
F1048,2025,2025 상주세계모자페스티벌,2025-09-26,2025-09-28,1300,102943,태평성대경상감영공원 일원
F1048,2026,2026 상주세계 모자페스티벌,,,1560,,태평성대 경상감영공원
F1049,2026,만화웹툰페스티벌(전국 중고등 웹툰왕전),,,60,,"상주시립도서관, 시민문화공원"
F1050,2022,문경찻사발축제,,,1000,100000,문경새재도립공원 일원
F1050,2023,문경찻사발축제,2023-04-29,2023-05-08,1500,240000,문경새재도립공원 일원
F1050,2024,제26회 문경찻사발축제,2024-04-27,2024-04-27,1500,280000,문경새재 일원
F1050,2025,제27회 문경찻사발축제,2025-05-03,2025-05-11,1500,240957,문경새재 일원
F1050,2026,제28회 문경찻사발축제,2026-05-01,2026-05-10,1500,,문경새재오픈세트장 일원
F1051,2022,문경오미자축제,,,210,60000,동로면 일원
F1051,2023,문경오미자축제,,,290,50000,동로면 일원
F1051,2024,제20회 문경오미자축제,,,400,60000,문경시 동로면 일대
F1051,2025,제21회 문경오미자축제,,,400,67000,문경시 동로면 일대
F1051,2026,제22회 문경오미자축제,,,400,,문경시 동로면 일대
F1052,2023,문경약돌한우축제,,,290,100000,문경새재도립공원 일원
F1052,2024,제13회 문경약돌한우축제,,,400,100000,문경새재 일원
F1052,2025,제14회 문경약돌한우축제,,,450,130000,문경새재 일원
F1052,2026,제15회 문경약돌한우축제,2026-10-09,2026-10-11,450,,문경새재 일원
F1053,2022,문경사과축제,,,360,380000,문경새재도립공원 일원
F1053,2023,문경사과축제,,,360,460000,문경새재도립공원 일원
F1053,2024,제19회 문경사과축제,,,670,410000,문경새재 일원
F1053,2025,제20회 문경사과축제,,,670,463000,문경새재 일원
F1053,2026,제21회 문경사과축제,,,670,,문경새재 일원
F1054,2026,2026 문경 좀비워터나이트,2026-08-14,2026-08-15,90,,문경 에코월드 일원
F1055,2026,제2회 점촌점빵길 빵 축제,2026-04-24,2026-04-26,290,,점촌점빵길 일원
F1056,2022,경산자인단오제,,,550,100000,경산자인의 계정숲
F1056,2023,경산자인단오제,2023-06-22,2023-06-24,550,50000,경산자인의 계정숲
F1056,2024,2024 경산자인단오제,2024-06-08,2024-06-10,495,60000,경산자인의 계정숲
F1056,2025,2025 경산자인단오제,2025-05-30,2025-06-01,517,50000,경산 자인면 계정숲
F1056,2026,2026년 제48회 경산자인단오제,2026-06-19,2026-06-21,617,,자인면 계정숲 일원
F1057,2022,경산갓바위소원성취축제,,,260,35338,갓바위공영주차장
F1057,2023,경산갓바위소원성취축제,,,280,23476,갓바위 공영주차장
F1057,2024,2024 경산갓바위소원성취축제,,,280,19922,갓바위 공영주차장(경산시 와촌면)
F1057,2025,2025 경산갓바위소원성취축제,,,260,10307,갓바위 공영주차장(경산시 와촌면_미정)
F1057,2026,2026년 제25회 경산갓바위소원성취축제,,,260,,경산 갓바위 공영 주차장 일원
F1058,2026,제3회 경산반려문화축제,,,100,,남천강변 일원
F1059,2022,제11회 경산대추축제,2022-10-21,2022-10-23,170,50000,경산생활체육공원
F1059,2023,제12회 경산대추축제(가칭),2023-10-14,2023-10-15,200,,경산생활체육공원 어귀마당(미정)
F1059,2026,제16회 경산대추축제,2026-10-16,2026-10-18,170,,경산생활체육공원 온마루 광장
F1060,2023,산수유마을꽃맞이행사,,,70,70000,사곡면 산수유마을 일원
F1060,2024,제17회 산수유마을꽃맞이행사,,,65,200000,사곡면 산수유마을 일원
F1060,2025,제18회 산수유마을 꽃맞이 행사,2025-03-22,2025-03-30,150,200000,의성군 사곡면 화전리 일원
F1060,2026,제19회 산수유마을꽃맞이행사,2026-03-21,2026-03-29,250,,의성군 사곡면 화전리 일원
F1061,2023,제1회 남대천 벚꽃축제,,,100,20000,의성읍 남대천 일원
F1061,2024,제2회 남대천 벚꽃축제,,,95,5000,의성읍 남대천 일원
F1061,2025,제3회 남대천 벚꽃축제,2025-04-05,2025-04-06,150,5000,의성군 의성읍 남대천 일원
F1061,2026,제4회 남대천벚꽃축제,2026-04-04,2026-04-05,150,,의성군 의성읍 남대천 일원
F1062,2022,제5회 의성슈퍼푸드마늘축제,,,825,37198,의성읍 일원
F1062,2023,제6회 의성슈퍼푸드마늘축제,,,840,37010,의성읍
F1062,2024,제7회 의성슈퍼푸드마늘축제,,,800,81616,의성읍 시가지 일원
F1062,2025,제8회 의성슈퍼푸드마늘축제,,,1000,53104,의성군 의성읍 후죽리 일원
F1062,2026,제9회 의성슈퍼푸드마늘축제,2026-09-11,2026-09-13,1000,,의성군 의성읍 남대천 일원
F1063,2022,제16회 청송사과축제,2022-11-02,2022-11-06,0,202820,청송군 청송읍 용전천 현비아마 일원
F1063,2023,제17회 청송사과축제,,,760,220630,청송군 청송읍 용전천 현비암 일원
F1063,2024,제18회 청송사과축제,2024-10-30,2024-11-03,7000,247032,청송군 청송읍 용전천 현비암 일원
F1063,2025,제19회 청송사과축제,2025-10-29,2025-11-02,995,310317,청송군 청송읍 용전천 현비암 일원
F1063,2026,제20회 청송사과축제,2026-10-28,2026-11-01,955,,청송군 청송읍 용전천 현비암 일원
F1064,2025,제2회 청송백자축제,2025-05-23,2025-05-25,220,,도예촌 일원(청송군 주왕산면 주왕산로 494)
F1064,2026,청송백자 축제,2026-09-11,2026-09-13,230,,도예촌 일원(청송군 주왕산면 주왕산로 494)
F1065,2026,제3회 영양꽁꽁겨울축제,2026-01-09,2026-01-25,225,,영양읍 현리 빙상장 일원
F1066,2022,제17회 영양산나물축제,,,500,59124,영양읍 일대
F1066,2023,제18회 영양산나물축제,2023-05-11,2023-05-14,650,79000,영양군청 및 영양전통시장
F1066,2024,제19회 영양산나물축제,2024-05-12,2024-05-12,655,57317,영양군청 및 복개천 일원
F1066,2025,제20회 영양산나물축제,2025-05-08,2025-05-11,655,35296,영양군청 및 영양전통시장
F1066,2026,제21회 영양 산나물축제,2026-05-07,2026-05-10,792,,영양 군청 및 읍 시가지 일원
F1067,2026,제3회 선바위퐁당퐁당물놀이축제,2026-07-25,2026-08-09,150,,입암 선바위 관광지 일원
F1068,2026,2026년 별빛반딧불이체험축제,2026-08-28,2026-08-29,60,,밤하늘보호공원 일원
F1069,2023,영양고추 H.O.T Festival,2023-09-10,2023-09-12,450,80000,서울시청 앞 광장
F1069,2024,영양고추 H.O.T. festival,2024-09-11,2024-09-11,450,,서울시청 앞 광장
F1069,2026,제18회 영양고추 H.O.T Festival,2026-08-29,2026-08-31,450,,서울광장
F1070,2022,제25회 영덕대게축제,2022-12-24,2022-12-31,600,,영덕 해파랑공원
F1070,2023,제26회 영덕대게축제,2023-02-24,2023-02-26,600,30821,해파랑공원
F1070,2024,제27회 영덕대게축제,2024-02-29,2024-03-03,655,98585,삼사해상공원
F1070,2025,제28회 영덕대게축제,2025-03-14,2025-03-17,855,100821,강구 해파랑공원
F1070,2026,제29회 영덕대게축제,2026-03-26,2026-03-29,800,,강구 해파랑공원
F1071,2024,물가자미축제,,,130,12538,축산항 일원
F1071,2025,제15회 영덕물가자미축제,,,300,13700,축산항 일원
F1071,2026,제20회 영덕물가자미축제,,,250,,영덕군 축산면 축산항
F1072,2022,황금은어축제,,,260,12000,영덕읍 오십천 둔치
F1072,2023,영덕황금은어축제,2023-07-29,2023-07-29,290,0,영덕 오십천 둔치 일원
F1072,2024,영덕황금은어축제,,,251,12510,영덕읍 오십천
F1072,2025,영덕황금은어축제,,,250,15790,영덕읍 오십천 일원
F1072,2026,영덕황금은어축제,,,250,,영덕읍 오십천
F1073,2026,청도유천문화거리축제,,,104.5,,유천문화마을
F1074,2022,청도반시축제,2022-10-14,2022-10-16,430,448216,청도야외공연장일원
F1074,2023,청도반시축제,,,,100000,청도야외공연장 일원
F1074,2024,제17회 청도반시축제,,,450,293534,청도 야외공연장 일원
F1074,2025,청도반시축제,,,500,350000,청도야외공연장 일원
F1074,2026,청도반시축제,,,500,,청도야외공연장 일원
F1075,2022,청도세계코미디아트페스티벌,2022-10-14,2022-10-16,650,448216,청도야외공연장일원
F1075,2023,청도세계코미디아트페스티벌,,,,100000,청도야외공연장 일원
F1075,2024,제8회 청도세계코미디아트페스티벌,,,650,293534,청도 야외공연장 일원
F1075,2025,청도세계코미디아트페스티벌,,,648,350000,청도야외공연장 일원
F1075,2026,청도세계코미디아트페스티벌,,,648,,청도야외공연장 일원
F1076,2023,2023 고령 대가야축제,2023-03-31,2023-03-31,1120,86000,대가야역사테마관광지 일원
F1076,2024,고령대가야축제,2024-03-29,2024-03-31,1522,149350,대가야읍 일원
F1076,2025,고령 대가야축제,2025-03-28,2025-03-30,1314,,고령 지산동 고분군 및 대가야박물관 일원
F1076,2026,고령 대가야축제,2026-03-27,2026-03-29,1340,,고령 지산동 고분군 및 대가야박물관 일원
F1077,2024,2024 성주참외&생명문화축제,2024-05-16,2024-05-19,1120,240000,성밖숲
F1077,2025,2025 성주참외&생명문화축제,2025-05-15,2025-05-18,1175,247625,성주 성밖숲 일원
F1077,2026,2026 성주참외&생명문화축제,2026-05-14,2026-05-17,1145,,성주 성밖숲 일원
F1078,2022,2022 성주가야산황금 들녘메뚜기잡이체험축제,,,1000,10,수륜면 수성리 (어울림마당)
F1078,2023,2023성주가야산황금들녘메뚜기축제,,,100,100000,수륜면 수성리 일원
F1078,2024,2024 성주가야산황금들녘 메뚜기 축제,,,120,70000,수륜면 수성리 일원
F1078,2025,2025 성주가야산 황금들녘 메뚜기 축제,2025-10-18,2025-10-19,130,50000,성주 수성리 어울림 마당 일원
F1078,2026,2026 성주가야산 황금들녘 메뚜기 축제,,,130,,성주 수성리 어울림 마당 일원
F1079,2025,칠곡꿀맥 페스타,2025-06-20,2025-06-21,200,20000,칠곡평화분수
F1079,2026,제3회 칠곡 꿀맥 페스티벌,2026-07-11,2026-07-12,200,,칠곡평화분수
F1080,2026,왜관 홀리 페스티벌,2026-09-04,2026-09-05,200,,왜관수도원 일원
F1081,2026,2026 향사국악제 및 가야금 병창전국대회,,,83,,향사아트센터
F1082,2025,제3회 칠곡트랜스미디어 축제,,,3000,13000,예태미술관 일원
F1082,2026,제4회 칠곡트랜스미디어 축제,,,175,,미정
F1083,2025,제12회 칠곡낙동강평화축제,2025-10-23,2025-10-26,1900,400000,칠곡보 생태공원
F1083,2026,제13회 칠곡낙동강평화축제,2026-10-15,2026-10-18,1900,,칠곡보 생태공원
F1084,2024,제 15회 낙동강지구 전투 전승행사,2024-10-11,2024-10-13,238,300000,칠곡보 오토캠핑장
F1084,2025,제16회 낙동강지구 전투 전승행사,2025-10-23,2025-10-26,238,400000,칠곡보 오토캠핑장
F1084,2026,제17회 낙동강지구 전투 전승행사,2026-10-16,2026-10-18,238,,칠곡보 오토캠핑장
F1085,2026,205 칠곡 문화거리 페스타,,,175,,왜관읍 중앙로 일대
F1086,2026,2026 럭키칠곡 크리스마스 마켓,,,200,,왜관역 광장
F1087,2025,2025 회룡포 봄꽃축제,2025-04-12,2025-04-20,50,80000,회룡포 일원
F1087,2026,회룡포 봄꽃축제,2026-04-25,2026-04-26,50,,회룡포 일원
F1088,2026,예천치맥페스티벌,2026-07-18,2026-07-25,30,,경북도청 신도시 일원
F1089,2022,예천용궁순대축제,,,100,20000,용궁면
F1089,2023,용궁순대축제,,,100,,용궁면 전통시장 일원
F1089,2024,제10회 예천용궁순대축제,,,100,,용궁전통시장 일원
F1089,2026,용궁순대축제,2026-04-25,2026-04-26,200,,용궁면 전통시장 일원
F1090,2025,2025 금당야행,,,60,11765,금당실 전통마을 일원
F1090,2026,금당야행,2026-05-08,2026-05-09,60,,금당실마을 일원
F1091,2026,삼강나루주막축제,2026-09-25,2026-09-27,210,,삼강문화단지 일원
F1092,2026,활축제,2026-10-30,2026-11-01,600,,한천체육공원 일원
F1093,2024,2024 예천농산물축제,,,500,160352,한천체육공원 일원
F1093,2025,2025 예천농산물축제,,,520,178287,한천체육공원 일원
F1093,2026,농산물축제,2026-10-30,2026-11-01,300,,한천체육공원 일원
F1094,2026,어린이날 행사,2026-05-03,2026-05-05,50,,곤충생태원 일원
F1095,2026,여름방학 곤충페스티벌,2026-08-14,2026-08-17,150,,곤충생태원 일원
F1096,2022,제24회 봉화은어축제,,,1660,140000,관내 하천 및 주요 관광지
F1096,2023,제25회 봉화은어축제,,,2030,0,봉화읍 내성천
F1096,2024,제26회 봉화은어축제,,,2185,215130,봉화읍 내성천 일원
F1096,2025,제27회 봉화은어축제,,,2185,225380,봉화읍 내성천 일원
F1096,2026,제28회 봉화은어축제,2026-07-25,2026-08-02,2115,,내성천 일원
F1097,2022,제26회 봉화송이축제,,,505,73000,관내 하천 및 주요 관광지
F1097,2023,제27회 봉화송이축제,,,580,70000,봉화읍 내성천
F1097,2024,제28회 봉화송이축제,,,650,68040,봉화읍 내성천 일원
F1097,2025,제29회 봉화송이축제,,,699,87121,봉화읍 내성천 일원
F1097,2026,제30회 봉화송이축제,,,699,,내성천 일원
F1098,2026,2026-2027 한겨울 분천산타마을,2026-12-19,2027-02-14,400,,분천산타마을
F1099,2022,2022년 울진대게와붉은대게축제,,,350,,후포한마음광장
F1099,2023,울진대게와 붉은대게 축제,2023-02-23,2023-02-26,350,53000,후포항
F1099,2024,울진대게와 붉은대게 축제,2024-02-22,2024-02-25,350,50000,후포항
F1099,2025,2025 울진대게와 붉은대게축제,2025-02-28,2025-03-03,400,60000,후포항 일원
F1099,2026,2026 울진대게와 붉은대게축제,2026-02-27,2026-03-03,400,,후포항 일원
F1100,2022,죽변항 수산물 축제,,,200,40000,죽변항
F1100,2023,죽변항 수산물 축제,,,350,35000,죽변항
F1100,2024,죽변항 수산물 축제,,,350,40000,죽변항
F1100,2025,2025 죽변항 수산물축제,,,400,60000,죽변항 일원
F1100,2026,2026 죽변항 수산물축제,,,425,,죽변항 일원
F1101,2026,울릉 스노우 컬처 페스티벌,2026-02-13,2026-02-21,250,,울릉군 일원
F1102,2022,제20회 울릉오징어축제,,,200,10000,울릉군 저동항 일원
F1102,2023,제21회 울릉도 오징어 축제,,,200,10000,울릉군 일원
F1102,2024,제22회 울릉도 오징어 축제,,,335,13700,울릉군 일원
F1102,2025,제23회 울릉도오징어축제,,,355,13700,울릉군 일원
F1102,2026,제23회 울릉도오징어축제,,,370,,울릉군 일원
F1103,2024,문화다양성축제 MAMF(맘프) 2024,2024-10-11,2024-10-13,850,292410,"용지문화공원, 포정사공원"
F1103,2025,문화다양성축제 MAMF(맘프) 2025,2025-10-24,2025-10-26,1000,310000,"용지문화공원, 중앙대로 일원"
F1103,2026,문화다양성축제 MAMF(맘프) 2026,2026-10-23,2026-10-25,850,,"용지문화공원, 중앙대로 일원"
F1104,2023,동읍 무점마을 코스모스축제,,,20,3000,무점마을 코스모스길 일원
F1104,2024,동읍 무점마을 코스모스축제,,,18,30000,무점마을 코스모스길 일원
F1104,2025,제7회 무점마을 코스모스축제,2025-09-19,2025-09-21,1900,30000,동판저수지 코스모스길
F1104,2026,제8회 무점마을 코스모스축제,,,2100,,동판저수지 코스모스길
F1105,2023,천주산 진달래축제,,,21,1000,천주산
F1105,2024,천주산 진달래축제,,,29,6000,천주산 일원
F1105,2025,천주산진달래축제,,,29,6000,천주산 일원
F1105,2026,천주산진달래축제,2026-04-04,2026-04-05,32,,천주산 일원
F1106,2025,2025 창원 K-POP 월드 페스티벌,,,1400,8000,창원시 내(미정)
F1106,2026,2026 창원 k-pop 월드페스티벌,,,1300,,창원광장(미정)
F1107,2022,제60회 진해군항제,2022-04-01,2022-04-10,1332,,진해구 일원
F1107,2025,제63회 진해군항제,2025-03-29,2025-04-06,1665,3251000,진해구 일원
F1107,2026,제64회 진해군항제,2026-03-27,2026-04-05,1565,,진해구 일원
F1108,2022,제22회 마산국화축제,2022-10-28,2022-11-06,1033,560000,마산해양신도시(예정)
F1108,2023,마산국화축제,,,1145,697000,마산해양신도시
F1108,2024,제24회 마산국화축제,,,996,726000,3.15해양누리공원
F1108,2025,제25회 마산가고파국화축제,,,1050,765000,"3.15해양누리공원, 합포수변공원"
F1108,2026,제26회 마산가고파국화축제,,,1050,,마산합포구 일원(미정)
F1109,2026,창동 라면축제,2026-11-01,2026-11-07,50,,마산합포구 창동거리길 32 창동통합상가 일원
F1110,2022,진주논개제,,,800,42039,사적지
F1110,2023,제22회 진주논개제,,,620,14192,진주성 일원
F1110,2024,제23회 진주논개제,,,620,77000,진주성 일원
F1110,2025,제24회 진주논개제,2025-05-03,2025-05-06,620,122811,진주성 일원
F1110,2026,제25회 진주논개제,2026-05-02,2026-05-05,620,,진주성 일원
F1111,2022,진주남강유등축제,2022-10-01,2022-10-10,3750,1620109,"하천,사적지"
F1111,2023,2023 진주남강유등축제,,,3980,1260000,"진주성, 남강 일원"
F1111,2024,2024 진주남강유등축제,,,3900,1178237,진주성 및 남강일원
F1111,2025,2025 진주남강유등축제,,,4065,647530,진주성 및 남강일원
F1111,2026,2026 진주남강유등축제,,,4200,,"진주성, 남강 일원"
F1112,2022,개천예술제,2022-10-03,2022-10-10,2000,543041,사적지
F1112,2023,제72회 개천예술제,,,2260,1260000,"진주성, 남강 일원"
F1112,2024,제73회 개천예술제,,,2123,,진주성 및 남강일원
F1112,2025,제74회 개천예술제,,,2371,647530,진주성 및 남강일원
F1112,2026,제75회 개천예술제,,,2211,,진주시 일원
F1113,2022,코리아드라마페스티벌,2022-10-01,2022-10-10,960,488030,"하천,사적지"
F1113,2023,2023 코리아드라마페스티벌,,,1100,1260000,장대동 남강둔치 일원
F1113,2024,2024 코리아드라마페스티벌,,,1060,,장대동 남강둔치 일원
F1113,2025,2025 코리아드라마페스티벌,,,1060,647530,장대동 남강둔치 일원
F1113,2026,2026 코리아드라마페스티벌,,,890,,장대동 남강둔치 일원
F1114,2024,2024 진주M2페스티벌,,,320,10000,망경동 남강둔치 일원
F1114,2025,2025 진주M2페스티벌,,,350,9753,망경동 남강둔치 일원
F1114,2026,2026 진주 M2 페스티벌,,,360,,망경동 남강둔치 일원
F1115,2025,제2회 통영어부장터축제,2025-10-24,2025-10-26,500,320000,도남동 트라이애슬론 광장 일원
F1115,2026,2026 통영어부장터축제,2026-10-08,2026-10-11,,,도남동 트라이애슬론광장
F1116,2023,제18회 봉숫골 꽃나들이 축제,,,50,,봉평동(봉숫골 아름다운 거리 및 용화사 광장 일원)
F1116,2024,제19회 봉숫골꽃나들이축제,,,34,20000,봉평동 봉숫골거리
F1116,2025,제20회 봉숫골꽃나들이 축제,2025-03-29,2025-03-30,40,25500,봉숫골아름다운거리
F1116,2026,제21회 봉숫골꽃나들이 축제,2026-03-28,2026-03-29,56,,봉평동(봉숫골 아름다운 거리 및 용화사 광장 일원)
F1117,2022,제61회 통영한산대첩축제,2022-08-11,2022-08-20,1130,160676,통영시 일원
F1117,2023,제62회 통영한산대첩축제,,,1130,351056,통영시 일원
F1117,2024,제63회 통영한산대첩축제,,,1533,216956,통영시 일원
F1117,2025,제64회 통영한산대첩축제,2025-08-09,2025-08-14,1692,233297,한산대첩광장 및 시 일원
F1117,2026,제65회 통영한산대첩축제,2026-08-12,2026-08-16,1802,,통영시 일원
F1118,2023,제8회 사천시 비토별주부전축제,,,100,2100,비토해양 낚시공원앞 주차장
F1118,2024,비토별주부전축제,,,100,3000,비토해양낚시공원 앞 주차장
F1118,2025,제10회 사천비토섬별주부전축제,2025-04-04,2025-04-05,100,2000,비토해양낚시공원 앞 주차장
F1118,2026,제11회 사천비토섬별주부전축제,2026-03-27,2026-03-28,90,,비토해양낚시공원 앞 주차장
F1119,2023,제4회 선진리성벚꽃축제,2023-03-25,2023-03-25,35,500,선진리성 일원
F1119,2024,제5회 선진리성벚꽃축제,2024-03-30,2024-03-31,47,5000,선진리성 일원
F1119,2025,제6회 선진리성 벚꽃축제,2025-03-29,2025-03-30,50,7000,선진리성 일원
F1119,2026,제7회 선진리성 벚꽃축제,2026-04-03,2026-04-05,50,,선진리성 일원
F1120,2023,제25회 사천와룡문화제,2023-04-28,2023-04-30,330,200000,사천시청 광장일원
F1120,2024,제26회 사천와룡문화제,2024-04-26,2024-04-28,600,230000,사천시청 일원
F1120,2025,제27회 와룡문화제,2025-05-01,2025-05-04,890,230000,사천시청 광장 일원
F1120,2026,제28회 와룡문화제,2026-04-24,2026-04-26,620,,사천시청 광장 일원
F1121,2024,2024 사천에어쇼,2024-10-24,2024-10-27,2000,,사천비행장
F1121,2026,2026 사천에어쇼,2026-10-22,2026-10-25,4500,,사천비행장 일원
F1122,2022,사천시농업한마당축제,,,270,100100,미정
F1122,2023,제15회 사천시농업한마당축제,2023-10-27,2023-10-29,350,96000,사천시청 노을광장
F1122,2024,제16회 사천시농업한마당축제,,,450,,사천시청 노을광장 일원
F1122,2026,제17회 사천시농업한마당축제,2026-10-31,2026-11-02,500,,사천시청 노을광장 일원
F1123,2022,제20회 사천시 삼천포항 자연산 전어축제,,,137.5,210000,팔포음식특화지구 일원
F1123,2023,제20회 사천시 삼천포항 자연산 전어축제,2023-07-27,2023-07-30,161,70000,팔포음식특화지구
F1123,2024,제21회 사천시 삼천포항 자연산 전어축제,2024-08-16,2024-08-18,171,70000,팔포음식특화지구
F1123,2025,제22회 사천시 삼천포항 자연산전어축제,2025-08-15,2025-08-17,155,90000,팔포음식특화지구 일원
F1123,2026,제23회 사천시 삼천포항 자연산 전어축제,,,145,,팔포음식특화지구 일원
F1124,2022,제7회김해꽃축제,,,300,115043,대동생태공원
F1124,2023,제8회 김해꽃축제,,,600,200000,대동생태체육공원
F1124,2024,제9회 김해꽃축제,,,420,121090,장유 롯데아울렛 테마주차장
F1124,2025,제10회 김해꽃축제,,,510,121090,대동면(예정)
F1124,2026,제10회 김해꽃축제,,,510,,미정
F1125,2022,진영단감축제,,,198,27000,진영공설운동장
F1125,2023,제39회 김해진영단감축제,2023-10-27,2023-10-29,200,51000,진영공설운동장 일원
F1125,2024,제40회 김해진영단감축제,,,200,50000,진영공설운동장 일원
F1125,2025,제41회 김해진영단감축제,2025-10-31,2025-11-02,230,50000,진영읍공설운동장 일원
F1125,2026,제42회 김해진영단감축제,2026-10-30,2026-11-01,230,,진영공설운동장 일원
F1126,2023,2023년 가야문화축제,2023-05-05,2023-05-07,1115,159721,"수릉원, 가야의 거리 일원 등"
F1126,2024,2024년 가야문화축제,2024-04-19,2024-04-23,1155,235135,"수릉원, 가야의 거리 일원 등"
F1126,2025,2025 가야문화축제,2025-04-11,2025-04-13,1150,226134,수릉원 일원
F1126,2026,2026 가야문화축제,2026-04-30,2026-05-03,1100,,대성동고분군 일원
F1127,2026,2026 김해 국가유산 야행,2026-10-16,2026-10-18,450,,"수로왕릉 , 대성동고분군 외 가야유적지 일원"
F1128,2025,제6회 율하벚꽃축제,,,50,20000,율하천 만남교 광장 일원
F1128,2026,제6회 율하벚꽃축제,2026-03-28,2026-03-29,30,,율하천 만남교 광장 및 율하 카페거리 일원
F1129,2023,김해 한우축제,,,80,,대동면
F1129,2025,제2회 김해한우축제,2025-05-22,2025-05-25,400,58000,김해관광유통단지
F1129,2026,제2회 김해한우축제,2026-03-26,2026-03-29,600,,롯데가든파크(장유롯데아울렛)
F1130,2026,제1회 김해 한돈페스티벌,,,800,,롯데가든파크(장유롯데아울렛)
F1131,2022,제27회 김해분청도자기축제,2022-10-01,2022-10-10,379,41648,김해분청도자박물관일원
F1131,2023,제28회 김해분청도자기축제,,,357,46256,김해분청도자박물관일원
F1131,2024,제29회 김해분청도자기축제,,,310,36835,김해분청도자박물관 일원
F1131,2025,제30회 김해분청도자기축제,2025-11-05,2025-11-10,270,57833,김해분청도자박물관 일원
F1131,2026,제31회 김해분청도자기축제,2026-11-05,2026-11-08,300,,롯데가든파크(장유롯데아울렛)(예정)
F1132,2025,제2회 MY아리나드림페스티벌,2025-03-08,2025-03-30,290,20930,밀양아리나
F1132,2026,제3회 MY아리나드림페스티벌,2026-03-21,2026-03-22,100,,밀양아리랑아트센터 일원
F1133,2024,제14회 밀양삼랑진 딸기시배지 축제,,,20,4000,삼랑진읍 일원
F1133,2025,제15회 밀양삼랑진 딸기시배지 축제,,,20,4000,삼랑진읍 일원
F1133,2026,제14회 밀양삼랑진 딸기시배지 축제,,,20,,작원관지 인근 검세체육공원
F1134,2022,제64회 밀양아리랑대축제,2022-05-05,2022-05-08,2210,428020,영남루 및 밀양강변
F1134,2023,제65회 밀양아리랑대축제,2023-05-18,2023-05-21,23100,407189,영남루 및 밀양강변일원
F1134,2024,제66회 밀양아리랑대축제,2024-05-23,2024-05-26,2285,412148,영남루 및 밀양강변일원
F1134,2025,제67회 밀양아리랑대축제,2025-05-22,2025-05-25,2302,416065,영남루 및 밀양강변 일원
F1134,2026,제68회 밀양아리랑대축제,2026-05-07,2026-05-10,2590,,영남루 및 밀양강변 일원
F1135,2022,제22회 밀양공연예술축제,,,800,9000,밀양아리랑아트센터 밀양아리나
F1135,2023,밀양공연예술축제,2023-07-29,2023-08-05,800,10000,밀양아리나 일원
F1135,2024,제24회 밀양공연예술축제,2024-07-19,2024-07-28,800,14270,밀양아리나
F1135,2025,제25회 밀양공연예술축제,,,800,16000,밀양아리나
F1135,2026,제26회 밀양공연예술축제,2026-07-21,2026-08-01,800,,"밀양아리랑아트센터, 밀양아리나 일원"
F1136,2026,제2회 밀양 물축제,,,290,,삼문동 밀양강변 일원
F1137,2026,2026년 밀양 국가유산 야행,2026-09-04,2026-09-06,322.5,,"밀양관아, 영남루, 밀양강 일원"
F1138,2025,제6회 외계인 대축제,,,100,12165,밀양아리랑우주천문대 일원
F1138,2026,제7회 외계인대축제,,,180,,삼문동 밀양강변 일원
F1139,2026,제2회 밀양 선샤인 농산물대전,,,50,,선샤인밀양테마파크
F1140,2023,제14회 밀양대추축제,,,20,1000,밀양시 단장면
F1140,2024,제15회 밀양대추축제,2024-10-20,2024-10-22,2000,3000,단장면
F1140,2025,제16회 밀양대추축제,2025-10-18,2025-10-19,20,3000,단장면 체육공원 일원
F1140,2026,제16회 밀양대추축제,2026-10-17,2026-10-18,20,,단장면 체육공원 일원 (아불2길 20)
F1141,2026,제1회 밀양 매운맛 축제(가칭),,,290,,삼문동 밀양강변 일원
F1142,2023,제25회 밀양얼음골사과축제,,,62,7000,밀양얼음골공영주차장
F1142,2024,제26회 밀양얼음골사과축제,,,60,7000,얼음골공영주차장
F1142,2025,제27회 밀양얼음골사과축제,,,60,15000,얼음골공영주차장
F1142,2026,제28회 밀양얼음골사과축제,,,60,,"선샤인밀양테마파크, 얼음골공영주차장"
F1143,2022,제3회 남부면 수국축제,,,30,1160,남부면
F1143,2023,제4회 남부면 수국축제,,,30,5414,남부면 저구항
F1143,2024,남부면 수국축제,,,30,,남부면 저구항 일원
F1143,2025,남부면 수국축제,2025-06-22,2025-06-23,30,31319,저구항 일원
F1143,2026,남부면 수국축제,2026-06-20,2026-06-21,30,,저구항 일원
F1144,2024,제13회 거제둔덕포도축제,,,90,18000,둔덕가족생활체육공원 일원
F1144,2025,제14회 거제둔덕 포도축제,2025-09-06,2025-09-07,90,25000,둔덕가족생활체육공원
F1144,2026,거제둔덕포도&한우축제,2026-09-13,2026-09-14,90,,둔덕가족생활체육공원
F1145,2024,거제맥주축제,,,84.6,3000,장승포항수변공원
F1145,2025,2025년 거제 맥주축제,,,84,7500,장승포동 일원
F1145,2026,2026년 거제 맥주축제,2026-08-23,2026-08-24,94.6,,장승포동 일원
F1146,2025,2025년 거제여름해양축제,2025-07-25,2025-07-27,603,25800,지세포 일원
F1146,2026,2026년 거제여름해양축제,2026-07-25,2026-07-26,603,,지세포 일원
F1147,2022,제16회 거제섬꽃축제,2022-10-29,2022-11-06,449,203109,거제시농업개발원
F1147,2023,제17회 거제섬꽃축제,2023-10-28,2023-11-05,504,221356,거제시농업개발원
F1147,2024,제18회 거제섬꽃축제,2024-10-26,2024-10-11,478,210957,거제시농업개발원 일원
F1147,2025,제19회 거제섬꽃축제,2025-10-25,2025-11-09,527,236448,거제시농업개발원 일원
F1147,2026,제19회 거제섬꽃축제,2026-10-31,2026-11-08,570,,거제시농업개발원 일원
F1148,2022,제60회 거제옥포대첩축제,,,260,,옥포대첩기념공원 일원
F1148,2023,제61회 거제옥포대첩축제,2023-06-16,2023-06-18,470,70000,옥포대첩기념공원 일원
F1148,2024,거제옥포대첩 축제,,,550,73000,"옥포대첩기념공원,옥포수변공원"
F1148,2025,제63회 거제옥포대첩 축제,2025-06-13,2025-06-15,700,50119,옥포대첩기념공원 및 옥포수변공원 일원
F1148,2026,거제옥포대첩 축제,2026-06-12,2026-06-14,700,,옥포대첩기념공원 및 옥포수변공원 일원
F1149,2022,거제 맹종대나무 축제,2022-04-01,2022-05-30,7,,맹종죽테마파크
F1149,2023,거제맹종대나무축제,,,40,3000,하청면 와항마을 맹종죽테마파크
F1149,2024,거제맹종대나무 축제,2024-04-26,2024-04-28,7,3000,거제맹종죽테마파크
F1149,2025,거제맹종대나무축제,2025-04-25,2025-04-27,7,3000,거제맹종죽테마파크 일원
F1149,2026,거제맹종대나무축제,2026-04-25,2026-04-26,7,,거제맹종죽테마파크 일원
F1150,2022,원동매화축제,,,225,10000,원동마을 일원
F1150,2023,제17회 원동매화축제,2023-03-18,2023-03-19,255,72366,원동마을 일원
F1150,2024,원동매화축제,2024-03-09,2024-03-17,260,97506,원동면 일원
F1150,2025,2025 원동매화축제,2025-03-01,2025-03-03,260,33496,원동면 주말장터 및 쌍포다목적광장 일원
F1150,2026,2026 원동매화축제,2026-03-14,2026-03-15,295,,원동면 주말장터 및 쌍포다목적광장 일원
F1151,2022,2022 물금 벚꽃 축제,,,44,,황산공원
F1151,2024,2024 물금벚꽃축제,,,200,63796,황산공원 일원
F1151,2025,2025 물금벚꽃축제,2025-03-29,2025-03-30,250,63796,물금 황산공원 일원
F1151,2026,2026 물금벚꽃축제,2026-04-04,2026-04-05,299,,물금 황산공원 일원
F1152,2022,양산웅상회야제,,,400,30000,웅상체육공원
F1152,2023,2023 웅상회야제,,,450,63000,평산동(예정)
F1152,2024,2024 양산웅상회야제,,,436,47866,웅상체육공원(평산동)
F1152,2025,2025 양산웅상회야제,2025-05-24,2025-05-26,550,50495,웅상체육공원
F1152,2026,2026 양산웅상회야제,,,550,,웅상체육공원
F1153,2026,통도사 미디어아트,2026-09-28,2026-10-18,1400,,통도사 일원
F1154,2023,2023 양산삽량문화축전,,,770,53177,양산천둔치 일원 및 양산종합운동장
F1154,2024,2024 양산삽량문화축전,,,770,101957,양산천둔치 일원 및 양산종합운동장
F1154,2025,2025 양산삽량문화축전,2025-09-26,2025-09-28,900,90317,양산천 둔치 및 양산종합운동장 일원
F1154,2026,2026 양산삽량문화축제,,,1050,,양산천 둔치 및 양산종합운동장 일원
F1155,2026,2026 양산에그야페스타,,,300,,황산공원
F1156,2022,2022 양산국화축제,,,156,,미정
F1156,2024,양산국화축제,,,245,256090,양산천둔치(종합운동장 뒤편)
F1156,2025,양산국화축제,2025-10-24,2025-11-09,270,276982,황산공원 중부광장 일원
F1156,2026,2026 양산국화축제,2026-10-30,2026-11-15,311,,황산공원 중부광장 일원
F1157,2026,2026년 양산시 독서문화축제,,,60,,양산시립 중앙도서관 야외광장 일원
F1158,2023,제14회 배내골사과축제,2023-11-04,2023-11-05,10,,배내골홍보관 일원
F1158,2024,배내골사과축제,,,11,,배내골 고로쇠 홍보관
F1158,2025,배내골사과축제,2025-11-01,2025-11-02,18,,배내골 고로쇠 홍보관
F1158,2026,2026 배내골 사과축제,,,11,,배내골 고로쇠 홍보관
F1159,2022,제48회 의령홍의장군축제,2022-04-21,2022-04-24,845,81000,의령서동생활공원
F1159,2023,제48회 의령 홍의장군축제,2023-04-20,2023-04-23,813,81000,의령읍 서동생활공원일원
F1159,2024,제49회 의령 홍의장군축제,2024-04-18,2024-04-21,876,181000,의령읍 서동생활공원일원
F1159,2025,제50회 의령 홍의장군축제,2025-04-17,2025-04-20,1180,181000,의령읍 서동생활공원일원
F1159,2026,제51회 의령 홍의장군축제,2026-04-16,2026-04-19,1025,,의령읍 서동생활공원 일원
F1160,2024,제21 의령토요애수박축제,,,95,10000,의령읍 서동생활공원일원
F1160,2025,제22회 의령토요애수박축제,2025-04-17,2025-04-20,99.5,10200,의령읍 서동생활공원일원
F1160,2026,제23회 의령토요애수박축제,2026-04-16,2026-04-19,126,,의령읍 서동생활공원 일원
F1161,2023,2023 의령 리치리치 페스티벌,,,700,140200,의령읍 일원
F1161,2024,2024 의령 리치리치 페스티벌,,,700,231000,의령읍 일원
F1161,2025,2025 의령 리치리치 페스티벌,,,1000,350000,의령읍 일원
F1161,2026,제5회 의령 리치리치 페스티벌,2026-10-01,2026-10-04,1200,,의령읍 서동생활공원 일원
F1162,2026,2026년 의령 신반한지우륵문화축제,,,,,부림면 일원
F1163,2026,2026 의령 기강 리치 꽃 축제,,,,,지정면 일원
F1164,2023,제12회 함안곶감축제,2023-01-06,2023-01-08,55,4300,함안체육관
F1164,2024,제13회 함안곶감축제,2024-01-12,2024-01-14,66,8000,함안체육관
F1164,2025,제14회 함안곶감축제,2025-01-10,2025-01-12,88,14800,함안체육관
F1164,2026,함안곶감축제,2026-01-23,2026-01-25,60,,함안체육관
F1165,2024,제5회 대한민국 & 제30회 함안수박축제,2024-04-26,2024-04-28,240,60000,함주공원 다목적잔디구장 일원
F1165,2025,제6회 대한민국 함안 수박축제,2025-04-26,2025-04-28,264,75000,함안군 함주공원 일원
F1165,2026,대한민국 함안수박축제,2026-05-01,2026-05-03,798,,함주공원 다목적 잔디구장
F1166,2025,제3회 칠서생태공원 청보리·작약축제,2025-05-09,2025-05-11,98,135000,함안 강나루생태공원
F1166,2026,칠서생태공원 청보리 작약축제,2026-05-08,2026-05-10,95,,칠서면 강나루생태공원
F1167,2022,제10회 강주해바라기축제,2022-08-19,2022-09-04,54,32000,강주마을 일원
F1167,2023,제11회 강주해바라기 축제,2023-07-07,2023-07-16,130,58000,강주마을 일원
F1167,2024,제12회 강주해바라기 축제,,,179,65515,강주마을 일원
F1167,2025,제13회 강주해바라기 축제,2025-06-18,2025-07-02,169,71100,법수면 강주마을
F1167,2026,강주해바라기 축제,2026-06-18,2026-07-06,181,,법수면 강주마을
F1168,2022,제34회 아라가야문화제,2022-04-22,2022-04-24,500,50000,"함안공설운동장, 함안박물관일원"
F1168,2023,제35회 아라가야문화제,,,500,45292,"함안박물관, 말이산고분군 일원"
F1168,2024,제36회 아라가야문화제,,,550,42694,"함안박물관, 말이산고분군 일원"
F1168,2025,제37회 아라가야문화제,2025-09-10,2025-09-12,550,43806,함안박물관 일대
F1168,2026,아라가야문화제,2026-09-18,2026-09-20,550,,"함안박물관, 말이산고분군"
F1169,2022,제17회 창녕낙동강유채축제,,,450,221016,남지유채단지
F1169,2023,제18회 창녕낙동강유채축제,2023-04-13,2023-04-16,480,389000,남지유채단지
F1169,2024,제19회 창녕낙동강유채축제,2024-04-11,2024-04-14,595,430000,남지체육공원 일원
F1169,2025,제20회 창녕낙동강유채축제,2025-04-10,2025-04-13,651,360000,남지체육공원 일원
F1169,2026,제21회 창녕낙동강유채축제,2026-04-09,2026-04-12,660,,남지체육공원 일원
F1170,2022,제27회 부곡온천축제,,,140,25000,부곡온천 관광특구 일원
F1170,2023,제28회 부곡온천축제,2023-03-31,2023-03-31,150,30000,부곡온천관광특구
F1170,2024,제29회 부곡온천축제,2024-03-29,2024-03-31,200,35000,부곡온천 관광특구 일원
F1170,2025,제30회 부곡온천축제,2025-03-28,2025-03-30,200,30000,부곡온천 관광특구 일원
F1170,2026,제31회 부곡온천축제,2026-03-27,2026-03-29,200,,부곡온천 관광특구 일원
F1171,2022,제61회 3.1민속문화제,2022-02-28,2022-03-03,140,30000,국가무형문화재 놀이마당
F1171,2023,제62회 3.1민속문화제,2023-02-28,2023-03-03,140,30000,국가무형문화재 놀이마당
F1171,2024,제63회 3.1민속문화제,2024-02-29,2024-02-29,244,28000,영산면 일원
F1171,2025,제64회 3.1민속문화제,2025-02-28,2025-03-03,160,28000,영산면 일원
F1171,2026,제65회 3.1민속문화제,2026-02-28,2026-03-03,170,,영산면 일원
F1172,2024,제38회 비사벌문화제,,,258,25500,창녕읍 일원
F1172,2025,제39회 비사벌문화제,2025-10-24,2025-10-26,258,25500,창녕읍 일원
F1172,2026,제40회 비사벌문화제,2026-10-23,2026-10-25,268,,창녕읍 일원
F1173,2022,고성 가리비 수산물축제,,,75,70000,미정
F1173,2023,제7회 고성 가리비 수산물 축제,,,90,70000,남포항(예정)
F1173,2024,제8회 고성 가리비 수산물 축제,,,70,,남포항
F1173,2026,고성가리비수산물축제,,,150,,고성읍 공룡로 3070(남포항 일원)
F1174,2026,고성기월안뜰 경관농업 가을꽃 축제,,,10,,고성기월안뜰 경관농업단지
F1175,2022,소가야문화재,,,220,,송학동 고분군
F1175,2024,제46회 소가야문화제,,,23,2000,송학동 고분군 및 고성군종합운동장 일원
F1175,2025,소가야문화제,2025-09-26,2025-09-28,230,2000,고성읍 기월리 112-1(송학동고분군)
F1175,2026,소가야문화제,,,241,,송학동 고분군 및 고성군종합운동장 일원
F1176,2022,고성 독수리 철새맞이 생태축제,,,,1000,고성읍 기월리 일원
F1176,2023,고성 독수리 생태 축제,,,,1000,고성읍 기월리 일원
F1176,2024,고성 독수리 생태 축제,,,20,,고성읍 기월리 일원
F1176,2026,고성독수리생태축제,,,22,,고성읍 기월리 독수리식당 일원
F1177,2025,경남고성공룡세계엑스포,2025-10-01,2025-11-08,3500,200000,회화면 당항만로 1116(당항포관광지)
F1177,2026,2026경남고성공룡세계엑스포,,,3200,,당항포관광지 일원
F1178,2022,당항포대첩축제,,,50,,당항포관광지
F1178,2023,당항포대첩 축제,,,50,0,당항포관광지
F1178,2024,당항포대첩 축제,,,0,3300,당항포관광지
F1178,2025,당항포대첩축제,2025-04-25,2025-04-27,70,3200,회화면 당항만로 1116(당항포관광지)
F1178,2026,당항포대첩축제,,,70,,당항포관광지 일원
F1179,2026,꽃 피는 남해,2026-04-04,2026-04-05,70,,남해대교 일원
F1180,2024,제6회 창선고사리축제,2024-04-26,2024-04-27,55,9040,창선생활체육공원 일원
F1180,2025,제7회 창선고사리축제,,,55,10860,창선생활체육공원 일원
F1180,2026,제8회 창선고사리축제,,,77,,창선생활체육공원 일원
F1181,2026,제20회 보물섬 해산물 축제,2026-05-09,2026-05-10,120,,미조항 일원
F1182,2023,제18회 남해 마늘한우 축제,,,652,70701,남해유배문학관
F1182,2024,제19회 남해 마늘한우 축제,2024-06-13,2024-06-16,759,67570,남해유배문학관 일원
F1182,2025,제20회 남해마늘한우 축제,,,720,58424,남해유배문학관 일원
F1182,2026,제21회 남해마늘한우 축제,,,782,,남해유배문학관 일원
F1183,2022,독일마을 맥주축제,,,306.5,58166,독일마을
F1183,2023,독일마을맥주축제,,,284,53693,독일마을 * 2023 본예산 미편성 * 2022년 기준 예산 추정
F1183,2024,제12회 독일마을맥주축제,,,359,80952,독일마을 일원
F1183,2025,제13회 독일마을 맥주축제,,,359,64087,독일마을 일원
F1183,2026,제14회 독일마을 맥주축제,,,720,,독일마을 일원
F1184,2022,화개장터 벚꽃축제,,,30,,하동군 화개면 영호남 화합 다목적광장
F1184,2023,제25회 화개장터 벚꽃축제,2023-03-31,2023-03-31,60,,화개면 일원
F1184,2025,제27회 화개장터 벚꽃축제,2025-03-28,2025-03-30,70,15670,화개면 그린나래광장
F1184,2026,제28회 화개장터 벚꽃축제,2026-03-27,2026-03-29,30,,화개면 그린나래광장
F1185,2022,하동야생차문화축제,,,610,79782,"하동세계차엑스포 제2행사장 및 화개, 악양면 일원"
F1185,2023,제26회 하동야생차문화축제,,,300,1248295,화개면 일원
F1185,2024,제27회 하동야생차문화축제,2024-05-11,2024-05-14,546,21000,화개면 일원
F1185,2025,제28회 하동야생차문화축제,,,659,35000,화개면 일원
F1185,2026,제29회 하동야생차문화축제,,,659,,화개면 일원
F1186,2025,"하동을 먹다, 하동별맛축제",,,290,45000,하동송림공원
F1186,2026,"하동을 먹다, 하동별맛축제",,,280,,하동송림공원
F1187,2022,알프스하동섬진강재첩축제,,,500,17303,하동송림 및 섬진강변 일원
F1187,2023,제7회 하동섬진강문화재첩축제,,,505,14960,하동송림 및 섬진강변 일원
F1187,2024,제8회 하동섬진강문화재첩축제,,,480,37158,하동송림 및 섬진강변 일원
F1187,2025,제9회 하동섬진강문화재첩축제,2025-06-20,2025-06-22,480,37158,하동송림 일원
F1187,2026,제9회 하동섬진강문화재첩축제,,,476,,하동송림 일원
F1188,2022,하동북천 꽃 양귀비 축제,,,80,,하동군 북천면 일원
F1188,2023,제9회 하동북천 꽃 양귀비 축제,2023-05-12,2023-05-21,279,,북천면 일원
F1188,2025,제11회 하동북천 꽃양귀비 축제,,,119,57576,북천면 일원
F1188,2026,제11회 하동북천 꽃양귀비 축제,,,64,,북천면 일원
F1189,2022,하동북천 코스모스 메밀꽃 축제,,,80,78500,하동군 북천면 일원
F1189,2023,제17회 하동북천 코스모스 메밀꽃 축제,2023-09-15,2023-09-10,209,,북천면 일원
F1189,2025,"제19회 하동 북천 코스모스,메밀꽃 축제",,,199,122062,북천면 일원
F1189,2026,"제19회 하동 북천 코스모스,메밀꽃 축제",,,219,,북천면 일원
F1190,2022,제38회 산청황매산철쭉제,,,160,91360,산청황매산
F1190,2023,제38회 산청황매산철쭉제,2023-05-01,2023-05-14,150,73429,황매산일원
F1190,2024,제39회 산청황매산철쭉제,,,202,63700,황매산 일원
F1190,2025,산청황매산철쭉제,2025-04-26,2025-05-11,232,43554,황매산 일원
F1190,2026,산청황매산철쭉제,2026-05-01,2026-05-11,232,,황매산 일원
F1191,2024,ON산청 빛나는 여름밤 페스티벌,,,233,9505,산청읍 조산공원 일원
F1191,2025,ON산청 빛나는 여름밤 페스티벌,2025-07-27,2025-07-28,276,,산청읍 조산공원 일원
F1191,2026,ON산청 빛나는 여름밤 페스티벌,2026-07-31,2026-08-01,300,,산청읍 조산공원 일원
F1192,2022,제4회 산청생초국제조각공원꽃잔디축제,,,55,,산청생초국제조각공원일원
F1192,2025,생초국제조각공원꽃잔디축제,2025-04-14,2025-04-27,50,,생초국제조각공원
F1192,2026,생초국제조각공원꽃잔디축제,2026-04-17,2026-04-26,60,,생초국제조각공원
F1193,2022,산청한방약초축제,,,2359,430590,산청IC축제광장 및 동의보감촌
F1193,2023,제23회 산청한방약초축제,2023-10-06,2023-10-10,2500,200000,축제광장(산청IC입구)
F1193,2024,제24회 산청한방약초축제,2024-09-27,2024-09-10,2500,420045,산청 동의보감촌 일원
F1193,2025,제24회 산청한방약초축제,,,2040,,동의보감촌
F1193,2026,산청한방약초축제,2026-10-02,2026-10-11,2040,,동의보감촌
F1194,2022,제15회 지리산산청곶감축제,2022-01-06,2022-01-23,140,,-
F1194,2024,제17회 지리산산청곶감축제,2024-01-11,2024-01-14,240,56942,산청곶감유통센터 일원
F1194,2025,지리산산청곶감축제위원회,2025-01-02,2025-01-05,70,17686,산청곶감유통센터 일원
F1194,2026,지리산산청곶감축제,2026-01-08,2026-01-11,250,,산청곶감유통센터 일원
F1195,2025,산청 농특산물 대제전,2025-04-11,2025-04-13,400,43612,산청군 동의보감촌
F1195,2026,산청 농특산물 대제전,2026-04-10,2026-04-12,400,,동의보감촌 일원
F1196,2025,지리산마천골 흑돼지 산나물 축제,,,30,8600,마천면 체육공원 일원
F1196,2026,제7회 지리산 마천골흑돼지&산나물 축제,,,22,,마천면 생활체육공원 일원
F1197,2025,제10회 지리산함양 백전오미자축제,,,29,1000,백전면 다목적 광장
F1197,2026,제11회 지리산함양 백전오미자 축제,,,22,,백전면 다목적광장 일원
F1198,2022,제61회 천령문화제,,,500,25000,함양상림공원일원
F1198,2023,제62회 천령문화제,,,500,27000,함양상림 공원일원
F1198,2024,제63회 천령문화제,2024-05-13,2024-05-13,500,27000,함양상림공원 일원
F1198,2025,제64회 천령문화제,,,500,20000,함양상림공원일원
F1198,2026,제65회 천령문화제,,,500,,상림공원 일원
F1199,2023,연암문화제,,,90,5000,안의면 오리숲 일원
F1199,2024,제21회 함양연암문화제,,,95,5000,안의면 오리숲 일원
F1199,2025,제22회 함양연암문화제,,,100,2000,안의면 오리숲 일원
F1199,2026,제23회 함양연암문화제,2026-09-12,2026-09-13,100,,안의면 체육공원
F1200,2022,함양산삼축제,2022-09-11,2022-09-11,130,184093,함양상림공원일원
F1200,2023,제18회 함양산삼축제,,,700,120000,함양상림 공원일원
F1200,2024,제19회 함양산삼축제,,,700,250000,함양상림공원 일원
F1200,2025,제20회 함양산삼축제,,,1020,211978,함양상림공원일원
F1200,2026,제21회 함양산삼축제,,,1600,,상림공원 일원
F1201,2026,제3회 서상면 남덕유산 대축제,2026-04-11,2026-04-12,30,,서상면 대남리 1750-1 일원
F1202,2024,제5회 거창 아리미아 꽃 축제,,,100,65026,거창군 창포원
F1202,2025,제6회 거창 아리미아 꽃 축제,2025-05-16,2025-05-18,66,54980,거창창포원
F1202,2026,제7회 거창 아리미아 꽃 축제,2026-05-14,2026-05-17,62,,거창창포원
F1203,2022,제32회거창국제연극제,2022-07-22,2022-08-05,800,,"수승대관광지, 거창관내일원"
F1203,2023,제33회거창국제연극제,2023-07-28,2023-08-11,1100,23278,"수승대관광지, 거창관내일원"
F1203,2024,제34회 거창국제연극제,2024-07-26,2024-07-26,1400,21058,"수승대관광지, 거창관내일원"
F1203,2025,제35회 거창국제연극제,2025-07-25,2025-08-03,1400,22879,거창군 수승대일원
F1203,2026,제36회 거창국제연극제,2026-07-24,2026-08-02,1600,,수승대일원
F1204,2022,2022 거창한마당대축제,2022-09-22,2022-09-25,884,,거창군 일원
F1204,2023,2023 거창한마당대축제,2023-09-28,2023-10-01,866,54311,거창스포츠파크 및 거창읍 일원
F1204,2024,2024 거창한마당대축제,2024-09-26,2024-09-28,952,12345,거창스포츠파크 및 거창읍 일원
F1204,2025,2025 거창한마당대축제,2025-09-25,2025-09-28,952,54035,거창스포츠파크 및 거창읍 일원
F1204,2026,2026 거창한마당대축제,,,975,,거창스포츠파크 및 거창읍 일원
F1205,2022,감악산 꽃&별 여행,,,50,,감악산 인근
F1205,2023,감악산 꽃&별 여행,,,50,210235,거창 감악산 인근
F1205,2024,제4회 감악산 꽃&별 여행,2024-09-27,2024-10-13,220,330000,거창별바람언덕
F1205,2025,제5회 감악산 꽃&별여행,2025-09-22,2025-10-13,230,257424,별바람언덕 일원
F1205,2026,제6회 감악산 꽃별여행,2026-09-18,2026-10-11,398,,신원면 연수사길 452
F1206,2022,대야문화제,,,560,30000,합천읍
F1206,2023,제39회 대야문화제,2023-09-23,2023-09-25,610,3000,합천읍 일대
F1206,2024,제40회 대야문화제,2024-09-10,2024-09-13,650,,합천읍 일원
F1206,2026,제42회 대야문화제,,,680,,합천읍 일원
F1207,2025,2025 대장경기록문화축제,,,200,8468,대장경테마파크 일원
F1207,2026,2026 대장경기록문화축제,,,200,,대장경테마파크
F1208,2026,고스트파크 축제,,,1000,,합천영상테마파크
F1209,2022,제25회 황매산 철쭉제,2022-05-15,2022-05-15,140,,황매산
F1209,2023,제27회 황매산철쭉제,,,140,158616,황매산군립공원 일대
F1209,2024,제28회 황매산철쭉제,,,140,187209,황매산군립공원일대
F1209,2025,제29회 황매산철쭉제,2025-04-26,2025-05-11,140,154527,황매산군립공원 일원
F1209,2026,제30회 황매산철쭉제,,,150,,황매산군립공원 일원
F1210,2022,제1회 황매산 억새 축제,2022-10-31,2022-10-31,140,100926,황매산
F1210,2023,제2회 황매산억새축제,,,140,121544,황매산군립공원 일대
F1210,2024,제3회 황매산억새축제,,,140,70362,황매산군립공원
F1210,2025,제4회 황매산억새축제,,,150,55506,황매산군립공원 일원
F1210,2026,제5회 황매산억새축제,,,150,,황매산군립공원 일원
F1211,2024,합천황토한우축제,,,560,72000,합천읍 군민체육공원
F1211,2025,제3회 합천황토한우축제,2025-10-24,2025-10-26,500,79000,합천군민체육공원
F1211,2026,제4회 합천황토한우축제,,,500,,합천군민체육공원
F1212,2022,제주들불축제,,,1568,,새별오름
F1212,2023,2023 제주들불축제,2023-03-09,2023-03-12,1695,,새별오름
F1212,2025,2025 제주들불축제,2025-03-14,2025-03-16,1835,44368,새별오름 일원
F1212,2026,2026 제주들불축제,2026-03-09,2026-03-14,1358,,새별오름 일원
F1213,2025,제7회 애월읍 왕벚꽃축제,,,128,20000,장전리벚꽃거리
F1213,2026,제8회 애월읍 왕벚꽃축제,,,90,,장전리벚꽃거리
F1214,2024,2024년 제주마 입목 및 문화 축제,,,150,13000,516로 2480 (제주마방목지)
F1214,2025,2025년 제주마 입목 문화 축제,,,250,40000,516로 2480 (제주마방목지)
F1214,2026,2026년 제3회 제주마 입목 문화 축제,2026-04-18,2026-04-19,245,,제주마 방목지
F1215,2022,제19회 방선문축제,2022-05-07,2022-05-08,28,,방선문
F1215,2023,제20회 방선문축제,2023-05-06,2023-05-07,28,900,방선문
F1215,2024,제21회 방선문축제,2024-05-04,2024-05-05,50,900,방선문
F1215,2025,제22회 방선문축제,2025-05-04,2025-05-05,42.858,800,방선문
F1215,2026,제23회 방선문축제,,,42,,방선문 일원
F1216,2026,제27회 제주과학축전,2026-06-26,2026-06-28,240,,제주시민복지타운
F1217,2022,제1회 제주레저힐링축제,2022-11-30,2022-11-30,488,80760,제주시 일원(주행사장 새별오름) (주 행사장 새별오름)
F1217,2023,2023 제주레저힐링축제,,,518,72950,제주시 일원
F1217,2024,2024 제주레저힐링축제,,,438,34703,제주시 일원
F1217,2025,2025 제주레저힐링축제,,,407,36900,제주시 일원
F1217,2026,2026 제주레저힐링축제,,,367,,제주시 일원
F1218,2022,제17회 이호테우축제,,,20,30000,이호테우해수욕장
F1218,2024,제19회 제주이호테우축제,,,30,6200,이호테우해수욕장
F1218,2025,제20회 제주이호테우축제,,,30,5923,이호테우해수욕장
F1218,2026,제21회 제주이호테우축제,,,30,,이호테우해수욕장
F1219,2025,2025년 천연염색 홍보행사,,,90,1830,서귀포농업기술센터
F1219,2026,2026년 천연염색 홍보행사,2026-08-01,2026-08-02,80,,서귀포농업기술센터
F1220,2022,제8회 월대천 축제,,,20,1000,월대천 일원
F1220,2023,제9회 월대천 축제,,,20,,월대천 일원
F1220,2025,월대천축제,,,40,2000,월대천 일원
F1220,2026,제11회 월대천축제,,,40,,월대천 광장 일원
F1221,2026,2026 제주수학축전,2026-09-12,2026-09-13,179,,제주 ICC
F1222,2022,제15회 제주해녀축제,2022-09-23,2022-09-25,240,32000,제주도 일원
F1222,2023,제16회 제주해녀축제,2023-09-22,2023-09-24,350,35000,제주해녀박물관 등 도 일원
F1222,2024,제17회 제주해녀축제,,,200,25000,제주특별자치도일원
F1222,2025,제18회 제주해녀축제,,,230,34000,제주특별자치도일원
F1222,2026,제19회 제주해녀축제,2026-09-19,2026-09-20,210,,해녀박물관 일원
F1223,2023,2023년 애월읍 농수축박람회,,,60,82000,애월읍 새별오름
F1223,2024,2024년 애월읍 농수축박람회,,,78,1700,장소 미정
F1223,2025,2025년 애월읍 농수축박람회,,,55,1700,애월읍체육관
F1223,2026,2026년 애월읍 농수축박람회,,,100,,새별오름
F1224,2022,제7회 고마로마문화축제,,,29,500,고마로 및 신산공원
F1224,2024,고마로 馬문화 축제,,,100,6000,신산공원 및 고마로 일대
F1224,2025,고마로 馬문화 축제,,,130,6000,신산공원 및 고마로 일대
F1224,2026,제11회 고마로마문화축제,,,130,,신산공원
F1225,2022,제21회 최남단 방어축제,,,143,200000,모슬포항 일원
F1225,2023,제23회 최남단 방어 축제,,,215,200000,모슬포항 일원
F1225,2024,제24회 최남단 방어 축제,,,220,100000,모슬포항 일원
F1225,2025,제25회 최남단 방어 축제,,,321,100000,모슬포항 일원
F1225,2026,제26회 최남단 방어 축제,,,328,,모슬포항 일원
F1226,2023,제4회 서귀포 은갈치 축제,,,400,15000,서귀포항 일원
F1226,2024,제5회 서귀포 은갈치 축제,,,416,40000,서귀포항 일원
F1226,2025,제6회 서귀포 은갈치 축제,,,100,40000,서귀포항 일원
F1226,2026,제7회 서귀포 은갈치 축제,,,48,,서귀포항 일원
F1227,2022,제14회 추자도 참굴비 축제,,,48,10000,추자도 일원
F1227,2023,제15회 추자도 참굴비 대축제,,,215,10000,추자항 일원
F1227,2024,제16회 추자도 참굴비 대축제,,,150,8000,추자항 일원
F1227,2025,제17회 추자도 참굴비 대축제,,,150,8000,추자항 일원
F1227,2026,제18회 추자도 참굴비 대축제,,,150,,추자항 일원
F1228,2022,제6회 제주광어 대축제,,,80,10000,제주시민복지타운
F1228,2023,제6회 제주광어 대축제,,,80,10000,제주어류양식수협
F1228,2024,제7회 제주광어 대축제,,,140,15000,제주어류양식수협
F1228,2025,제8회 제주광어 대축제,,,118,20000,제주어류양식수협
F1228,2026,제9회 제주광어 대축제,2026-10-02,2026-10-04,100,,제주어류양식수산업협동조합
F1229,2026,네 번째 서홍동 웃물교 벚꽃구경,,,50,,서홍동 웃물교 일원
F1230,2026,제18회 솜반천 청소년 문화축제,,,28,,서홍동 솜반천 일원
F1231,2024,"제3회 화북, 포구문화제",,,100,3000,화북포구 일원
F1231,2025,"제4회 화북, 포구문화제",,,120,3000,화북포구 일원
F1231,2026,"제5회 화북, 포구문화제",,,100,,화북포구 일원
F1232,2022,제14회 금능원담축제,,,20,2100,금능해변
F1232,2023,제15회 금능원담축제,,,43,2100,금능해수욕장
F1232,2024,제15회 금능원담축제,,,43,2100,금능해수욕장
F1232,2025,제16회 금능원담축제,,,43,1800,금능해수욕장
F1232,2026,제17회 금능원담축제,,,86,,금능해수욕장 일원
F1233,2025,2025년 제4회 월정 한모살 축제,,,60,2000,월정해수욕장
F1233,2026,제5회 월정한모살축제,2026-07-01,2026-07-30,60,,월정해수욕장
F1234,2024,제주 성읍마을 정의현감 행차재현 및 전통 민요공연,,,70,1000,제주 성읍마을 일원
F1234,2025,제주 성읍마을 정의현감 행차재현 및 전통 민요공연,,,70,,제주 성읍마을 일원
F1234,2026,제주 성읍마을 정의현감 행차재현 및 전통민요공연 축제,2026-04-01,2026-10-31,70,,제주 성읍마을 일원
F1235,2026,제17회 거문오름 트레킹,2026-07-01,2026-07-06,93,,거문오름 일원
F1236,2026,2026 세계유산축전,2026-07-19,2026-07-29,1900,,세계유산지구 일대
F1237,2022,제주성읍마을 전통민속재헌 축제,,,50,2000,성읍마을
F1237,2023,제주 성읍마을 전통민속 재연축제,,,60,2000,제주 성읍마을 일원
F1237,2024,제주 성읍마을 전통민속 재현축제,,,70,1500,제주 성읍마을 일원
F1237,2025,제주 성읍마을 전통민속 재현축제,,,70,,제주 성읍마을 일원
F1237,2026,제32회 제주 성읍마을 전통민속 재현축제,2026-10-10,2026-10-11,70,,제주 성읍마을 일원
F1238,2023,혼인지 축제,,,70,1000,혼인지 일원
F1238,2024,혼인지 축제,,,90,2000,혼인지 일원
F1238,2025,혼인지 축제,,,70,,혼인지 일원
F1238,2026,제16회 혼인지 축제,2026-10-17,2026-10-18,110,,제주 혼인지 내
F1239,2026,제주 무형유산 대전,,,182,,도 일원
F1240,2022,성산일출축제,2022-12-30,2022-01-01,240,10100,성산일출봉
F1240,2023,성산일출축제,2023-12-30,2023-01-01,400,,성산일출봉 일원
F1240,2026,제34회 성산일출축제,2026-12-31,2027-01-01,254,,성산일출봉 일원
F1241,2022,2022 중문칠선녀축제,,,100,1500,중문천제연폭포 일원
F1241,2023,2023 중문칠선녀축제,,,71,1500,중문천제연 폭포 주차장
F1241,2024,제19회 중문칠선녀축제,,,40,700,천제연폭포 일원
F1241,2025,제20회 중문칠선녀 축제,,,70,3000,천제연 폭포 주차장 일원
F1241,2026,2026 제21회 중문칠선녀축제,,,96.6,,중문 천제연공원 일원
F1242,2022,제17회 제주마축제,,,40,,한국마사회 제주경마장
F1242,2025,제20회 제주마 축제,,,22,17124,제주 경마공원
F1242,2026,제21회 제주마축제,2026-10-17,2026-10-18,18,,렛츠런파크 제주
F1243,2025,제주도새기축제,,,200,27350,새별오름 일원
F1243,2026,2026년 제주 도새기 축제,,,260,,제주새별오름
F1244,2026,제1회 송산동 부시리 축제,2026-02-06,2026-02-07,44.5,,자구리 공원
F1245,2022,제19회 보목자리돔축제,,,40,2500,보목포구
F1245,2023,제19회 보목자리돔 축제,,,50,12000,보목포구
F1245,2024,제20회 보목자리돔 축제,,,72,15000,보목포구
F1245,2025,제21회 보목자리돔 축제,,,92,15000,보목포구
F1245,2026,제22회 보목자리돔 축제,,,87.5,,보목포구
F1246,2025,2025년 도두 썸머리 워터 페스티벌,2025-08-08,2025-08-10,20,2000,오래물광장
F1246,2026,제2회 도두 썸머리 워터 페스티벌,2026-08-14,2026-08-16,20,,오래물광장
F1247,2023,제40회 서귀포유채꽃축제,2023-03-31,2023-04-02,250,52176,가시리 유채꽃광장 일대
F1247,2024,제41회 서귀포유채꽃축제,2024-03-30,2024-03-31,240,52403,가시리 유채꽃광장 일대
F1247,2025,제42회 서귀포유채꽃축제,2025-03-29,2025-03-30,240,20865,가시리 유채꽃광장 일대
F1247,2026,제43회 서귀포유채꽃축제,2026-04-04,2026-04-05,250,,표선면 가시리 유채꽃광장 일대
F1248,2022,서귀포 칠십리축제,,,417,50000,서귀포시 일원
F1248,2023,제29회 서귀포칠십리축제,2023-10-13,2023-10-15,600,40536,서귀포시 일원
F1248,2024,제30회 서귀포칠십리축제,2024-10-18,2024-10-20,500,50204,제주월드컵경기장 광장 및 시내 일원
F1248,2025,제31회 서귀포칠십리축제,2025-10-24,2025-10-26,500,72000,서귀포시 일원
F1248,2026,제32회 서귀포칠십리축제,2026-10-23,2026-10-25,558,,서귀포 천지연폭포 주차장 일대
F1249,2022,전농로 왕벚꽃축제,,,95,200000,삼도1동 전농로 일대
F1249,2023,제16회 전농로 왕벚꽃축제,2023-03-31,2023-04-02,95,100000,삼도1동 전농로일원
F1249,2024,제17회 전농로 왕벚꽃축제,2024-03-22,2024-03-24,142,66398,삼도1동 전농로일원
F1249,2025,제18회 전농로 왕벚꽃축제,2025-03-28,2025-03-30,100,255700,삼도1동 전농로일원
F1249,2026,제19회 전농로 왕벚꽃 축제,2026-03-27,2026-03-29,100,,삼도1동 전농로 일대
F1250,2022,제 20회 예래생태체험축제,,,40,1000,논짓물
F1250,2023,제21회 예래생태체험축제,2023-07-29,2023-07-30,58,1000,논짓물 일원
F1250,2024,제22회 예래생태축제,2024-09-14,2024-09-15,40,1000,논짓물 일원
F1250,2025,제23회 예래생태체험축제,,,58,3000,논짓물 일원
F1250,2026,제24회 예래생태체험축제,,,86,,논짓물 일원
F1251,2026,제3회 예래사자마을 봄꽃나들이 행사,,,45,,대왕수천 일원
F1252,2022,제12회 우도소라축제,,,71,38,천진항 일원
F1252,2023,제12회 우도 소라축제,,,80,20000,우도면 천진항 광장
F1252,2024,제13회 우도소라축제,2024-04-26,2024-04-28,79,20000,우도 천진항 일대
F1252,2025,우도 소라축제,2025-04-18,2025-04-20,71,18000,우도 천진항 일대
F1252,2026,제15회 우도 소라축제,2026-04-24,2026-04-25,110,,천진항 일원
F1253,2022,제26회 한라산 청정 고사리축제,,,100,0,한남리 산76-7 고사리 축제장
F1253,2023,한라산 청정 고사리축제,2023-04-22,2023-04-23,0,24000,서귀포시 남원읍 한남리 산 76-7
F1253,2024,제28회 한라산 청정 고사리 축제,,,140,28000,서귀포시 남원읍 한남리 산76-7
F1253,2025,제29회 한라산청정고사리축제,,,100,29000,서귀포시 남원읍 한남리 산76-7
F1253,2026,제30회 한라산 청정 고사리축제,2026-04-25,2026-04-26,120,,한남리 1662-5번지 일원
F1254,2022,2022 봉개 오름축제,,,40,,봉개동 제주4.3평화공원 맞은편
F1254,2026,2026 봉개오름축제,,,48,,봉개문화교류센터
F1255,2022,제18회 쇠소깍축제,,,43,6500,쇠소깍
F1255,2023,제19회 쇠소깍 축제,2023-08-12,2023-08-13,57,6000,하효항 일원
F1255,2024,제20회 쇠소깍 축제,,,43,6000,하효항 일원
F1255,2025,제21회 쇠소깍 축제,,,58,6000,하효항 일원
F1255,2026,제22회 쇠소깍 축제,,,55.93,,하효항 및 쇠소깍 일원
F1256,2026,성산엔 벚꽃길따라 행복한 동행,,,98.34,,성산읍 신풍레포츠공원
F1257,2024,수국과 공연이 꽃피는 혼인지,,,61,,온평리 혼인지 (혼인지로 39-14)
F1257,2025,수국과 공연이 꽃피는 혼인지,,,40,500,온평리 혼인지 (혼인지로 39-14)
F1257,2026,수국과 공연이 꽃피는 혼인지,,,71.2,,"서귀포시 성산읍 온평리 혼인지 야외마당, 온평리 서포구 잔디마당"
F1258,2024,성산 조개바당 축제,,,50,13000,성산읍 내수면 모래갯벌 (성산읍 고성리 263번지 일원)
F1258,2025,성산 조개바당 축제,,,80,10000,성산읍 내수면 모래갯벌 (성산읍 고성리 263번지 일원)
F1258,2026,성산 조개바당축제,,,90,,성산읍 고성리 내수면
F1259,2026,와흘메밀문화제(봄),,,,,조천읍 남조로 2455 일원
F1260,2026,와흘메밀문화제(가을),,,,,조천읍 남조로 2455 일원
F1261,2026,"벚꽃오름, 봄소풍(골체오름 벚꽃축제)",,,48,,골체오름 일원
F1262,2022,제12회 산지천 축제,,,73,3100,산지천 일대
F1262,2023,제13회 산지천 축제,,,130,3000,산지천 일대
F1262,2024,제14회 산지천축제,,,70,3000,산지천 일원
F1262,2025,제15회 산지천축제,,,70,,제주시 산지천 일원
F1262,2026,제16회 산지천축제,,,100,,제주시 산지천 일원
F1263,2026,병오년 탐라국 입춘굿,2026-02-02,2026-02-04,212,,도내일원
F1264,2026,제주국제관악제,2026-08-08,2026-08-15,1734,,도내일원
F1265,2022,탐라문화제,2022-10-05,2022-10-09,1700,36559,탐라문화광장 등
F1265,2023,제62회 탐라문화제,,,1600,,탐라문화광장 등
F1265,2025,탐라문화제,,,1598,75101,제주시 탐라문화광장 일원
F1265,2026,탐라문화제,,,1440,,도내일원
F1266,2024,2024 영천동해바라기축제,,,180,3000,토평동2981번지 일원
F1266,2025,2025 영천동해바라기축제,,,200,8000,토평동2981번지 일원
F1266,2026,2026 영천동해바라기 축제,,,91.5,,토평동2981번지 일원
