위도,경도,주차구획수
34.71850658,126.1182438,45
35.08442336,126.1463951,10
35.10312424,126.0731098,23
35.06486049,126.0978592,14
35.0851880031,126.1093142102,47
35.08944146,126.1000631,35
35.08134595,126.1205451,23
35.306341,126.7872144,61
35.2575651,126.667916,80
35.255014,126.6712985,40
35.290362,126.773857,14
35.308833,126.7823457,36
35.3076845,126.780731,111
35.306385,126.7782039,91
35.304768,126.781813,33
35.304782,126.784783,19
35.2963679,126.779891,44
35.2990595,126.780276,17
35.2988123,126.7801853,17
35.3019544,126.7853338,23
35.302156,126.7858881,8
35.301712,126.785862,22
35.303253,126.783461,44
35.4084556,126.8827949,66
35.2983821,126.78566,40
35.4287627,126.808651,45
35.2622509,126.6709423,100
35.303654,126.7774371,176
35.2596035,126.6649489,19
35.2552671,126.6705351,61
35.2598357,126.664444,19
35.233274,126.647411,58
35.355578,126.817783,686
35.3077507,126.7780034,404
35.305611,126.7775439,68
35.303863,126.773391,41
35.293532,126.773771,74
35.301349,126.771936,119
35.309193,126.773881,76
35.291634,126.7733808,87
35.290318,126.773085,4
35.292402,126.7736492,40
35.2991425,126.778588,150
35.299331,126.777834,38
35.293558,126.7737874,66
35.298248,126.781721,13
35.299491,126.7844937,12
35.298928,126.780553,14
35.298634,126.782644,35
35.3050355,126.782358,43
35.304656,126.7858448,18
35.304097,126.785265,11
35.302337,126.783573,51
35.3035944,126.781947,33
35.3007945,126.782211,30
35.300739,126.781885,22
35.303183,126.784953,30
35.301656,126.782039,19
35.303775,126.791776,26
35.322341,126.7987888,44
35.3256786,126.804487,20
35.2978353,126.7809043,90
35.300521,126.7864105,20
35.300734,126.7840317,38
35.300841,126.784568,10
35.2999926,126.783481,18
35.3020275,126.7881162,22
35.302562,126.786661,12
35.3035645,126.786744,30
35.3015458,126.786946,20
35.299377,126.7878397,40
35.303114,126.787305,18
35.296696,126.7805508,40
35.296112,126.7838964,13
35.296421,126.781491,6
35.296126,126.781533,49
35.2965855,126.7822031,41
35.0622639,126.9920579,104
34.98983812,126.9610605,30
34.9256246674,126.8802201699,143
35.0643556743,126.9864854896,32
35.0595937834,126.9907601662,136
35.06254551,126.9869634,123
35.06074493,126.9844901,48
35.0587811607,126.9831929951,78
34.8896202742,126.9882652,31
35.0643556743,126.9864854896,64
34.61142136,127.2838712,87
34.60941784,127.283399,25
34.61150393,127.2820426,87
34.61315716,127.2887509,15
34.60677277,127.2799925,126
34.61208924,127.2880228,30
34.61062174,127.2898333,14
34.60873317,127.281383,21
34.60865106,127.2877186,15
34.60705316,127.2823201,50
34.60813121,127.2836712,50
34.60787691,127.2829757,70
34.60751613,127.2802136,16
34.5264722,127.1363653,114
34.607737877,127.2793039,126
34.60703826,127.2876192,197
34.6079028,127.288347,198
34.6056981373,127.2967971456,158
34.6056981373,127.2967971456,202
34.6056981373,127.2967971456,130
34.6056981373,127.2967971456,202
34.523269734,127.1463478212,245
34.52523869,127.1356871,120
34.5268354668,127.1348595175,60
34.5274425857,127.13278709,75
34.5274884055,127.1310267092,140
34.60735891,127.2925478,13
34.60789773,127.2899293,16
34.60794917,127.2893321,17
34.6116970462,127.2847053874,60
34.60978788,127.2835917,15
34.61193642,127.2852712,20
34.61261149,127.2863944,40
35.2325460933,127.5847663394,0
35.2113529483,127.469596832,4
35.209874,127.461664,13
35.20841877,127.463958,28
35.215666,127.4672285703,11
35.2055772557,127.4657532134,37
35.2163763627,127.463122,44
35.21068982,127.467041,83
35.20906156,127.4694862137,43
35.210081,127.4647837765,8
35.2082890784,127.4659051346,18
35.2155714,127.4643653,99
35.18736794,127.4640281,80
35.189890289,127.4730099614,58
35.18236061,127.4698185,136
35.21063862,127.4674008,52
35.20963823,127.4628179445,21
35.21052033,127.4644307,8
35.21151301,127.4636167,31
35.21132188,127.4650486,40
35.20809786,127.4671762,36
35.20856041,127.4613121,38
35.20845537,127.466166,8
35.20916088,127.459996,7
35.20753169,127.4651493,41
35.205585887,127.4677369,32
35.31559164,127.4397317,41
35.21125878,127.4644308,15
35.2064277,127.4639404,22
35.20978578,127.4634814,10
35.210941,127.4657768,52
35.21048,127.4586951,100
35.20918753,127.4671434,60
35.29942052,126.9824449,32
35.30823421,126.9873142,131
35.28532633,127.0444705,36
35.30473305,126.9792941,13
35.32276064,126.9812531,26
35.32238615,126.9813413,12
35.28126991,126.8865248,29
35.31725941,126.9846868,13
35.32248871,126.9844669,12
35.31119368,126.9828458,31
35.31414883,126.9822006,31
35.32370195,126.9821479,5
35.31685635,126.983754,67
35.3212043,126.9850692,7
35.31767986,126.9849318,73
35.31655334,126.9864243,35
35.32146098,126.9829007,36
35.31933796,126.988969,36
35.31859693,126.9885751,42
35.31843117,126.9818544,7
35.34419642,127.0272035,15
35.22332931,126.9722056,112
35.31312094,126.9858809,33
35.30232594,126.9289401,82
35.31652836,126.9872207,263
35.34691183,126.956563,10
35.33663056,126.9840604,7
35.32370195,126.9821479,40
35.3218018,126.9861454,35
35.3114902,126.9821781,5
35.3212043,126.9850692,5
35.31777724,126.9855016,8
35.35208751,127.0532248,9
35.32192804,126.9816146,15
35.32053018,126.9809022,30
35.31906819,126.9862087,10
35.31716426,126.9859521,7
35.31559393,126.9858433,30
35.31718964,126.9823621,54
35.31857003,126.9813004,40
35.31823099,126.9805171,4
35.31498116,126.9827766,12
35.31790122,126.9809485,32
35.32411783,126.9841272,18
35.32249307,126.9847317,53
35.32064362,126.9874022,13
35.32237033,126.9819757,7
35.31314384,126.9860073,86
35.30881933,126.9858976,20
35.30986191,126.9868497,15
35.32490381,126.9805061,18
35.31388184,126.9823976,86
35.0979640482,126.7956127443,28
35.14221002,126.8015865,35
35.14503815,126.8006674,10
35.21165208,126.7807502,40
35.20898255,126.7819453,22
35.20178489,126.7916022,11
35.20187344,126.7906431,8
35.20080374,126.7918088,11
35.20085635,126.7909019,18
35.18329525,126.8054847,25
35.18469106,126.7961494,18
35.1832178,126.7960972,12
35.18245747,126.8006736,7
35.18820264,126.8408709,14
35.18366286,126.8012878,20
35.18154751,126.8040209,24
35.18152111,126.7992914,14
35.18382664,126.7991578,12
35.18196725,126.7953425,13
35.17437124,126.8080108,6
35.18328049,126.7945742,18
35.18397633,126.7971928,17
35.21228135,126.7878569,38
35.1998067,126.784814,65
35.21052062,126.7846693,14
35.19391864,126.8073644,56
35.11378734,126.7552272,14
35.1393195,126.8064164,14
35.16249035,126.8009609,21
35.2015861,126.7890715,33
35.19984828,126.7903803,20
35.21002302,126.7811236,23
35.20962859,126.7831754,22
35.16097476,126.803396,18
35.16081396,126.8056337,19
35.13661218,126.7926881,34
35.18420501,126.8028194,13
35.13661218,126.7926881,208
35.13661218,126.7926881,161
35.13661218,126.7926881,89
35.13711133,126.7886045,52
35.22059757,126.8257046,47
35.16287613,126.8059395,19
35.16056198,126.807182,19
35.16524813,126.8014856,24
35.16402733,126.8013723,34
35.16315869,126.8036932,21
35.14021977,126.7994773,30
35.15995335,126.8069915,40
35.1764761,126.8236517,62
35.1620577,126.8086062,59
35.18236715,126.803651,119
35.18156787,126.8015779,201
35.13813671,126.7947826,190
35.17166797,126.8096959,88
35.20042404,126.825239,65
35.19683748,126.8258694,74
35.13622744,126.7977313,149
35.14043727,126.7949565,211
35.13661218,126.7926881,107
35.13952578,126.7969671,70
35.085346,126.8350617,22
35.143654,126.913466,40
35.131332,126.915395,12
35.139139,126.893192,23
35.132134,126.921794,13
35.140266,126.905413,12
35.124837,126.895528,61
35.144482,126.900048,6
35.131734,126.908252,36
35.13211,126.895356,11
35.13019958,126.901825,113
35.144454,126.900082,6
35.137336,126.906895,28
35.141664,126.897066,20
35.136165,126.902482,8
35.14541,126.908681,20
35.147951,126.910171,48
35.137032,126.915648,7
35.093645,126.837482,19
35.110873,126.892836,109
35.123167,126.916605,101
35.135132,126.894264,59
35.141173,126.914984,18
35.145423,126.908097,26
35.130604,126.925081,17
35.146377,126.891086,14
35.144354,126.904291,8
35.15509075,126.9013634,148
35.15982792,126.8465404,48
35.15982792,126.8465404,44
35.16667956,126.8526003,5
35.16667956,126.8526003,8
35.15982792,126.8465404,33
35.15763319,126.896456,9
35.15329648,126.8981335,6
35.14479013,126.8547187,25
35.16667956,126.8526003,10
35.16646584,126.8526378,12
35.1640376,126.8521721,9
35.15509075,126.9013634,249
35.15257397,126.8932208,14
35.14507754,126.8856842,19
35.16030872,126.891338,13
35.12937717,126.8839229,65
35.12487156,126.8791788,9
35.15221868,126.8422202,219
35.15270475,126.8917483,171
35.1612474,126.8584296,16
35.14172876,126.8783335,24
35.14572556,126.8438925,54
35.14713704,126.8618748,30
35.14342115,126.8866293,15
35.14878557,126.8665819,10
35.15847243,126.8926032,4
35.15385914,126.8797736,39
35.14252868,126.8732198,31
35.14994043,126.9059761,8
35.15037423,126.8902215,20
35.14836711,126.8806458,27
35.15522263,126.8889178,9
35.132465,126.8573497,50
35.10850556,126.8216293,14
35.14855087,126.8772085,96
35.17087029,126.864739,15
35.15015682,126.9069829,40
35.15705533,126.8767076,17
35.15335928,126.8923541,26
35.15396863,126.8909739,7
35.15203177,126.8901112,143
35.16558333,126.852727,7
35.16675456,126.8352236,17
35.16570378,126.8376324,25
35.14182727,126.8737654,16
35.15223195,126.9032017,82
35.15648811,126.8913076,37
35.15203177,126.8901112,197
35.15203177,126.8901112,118
35.12596351,126.8695967,182
35.14680667,126.8660606,12
35.12899182,126.8571559,9
35.12979981,126.8818544,62
35.15661505,126.889588,28
35.13518075,126.8571483,16
35.16448764,126.880162,20
35.14345532,126.8769162,13
35.12474963,126.8786648,7
35.11562592,126.8300941,19
35.11445067,126.8302906,9
35.16510605,126.8518226,40
35.14994536,126.8433434,6
35.15634355,126.8777162,4
35.15377578,126.8674199,19
35.15489274,126.9008763,12
35.15752068,126.8940007,10
35.01689888,127.6192593,10
34.93768115,127.7233326,10
34.94328164,127.7495744,11
34.96291892,127.7251672,66
34.9409479,127.6977062,21
34.93799989,127.6784106,81
35.12323631,127.6911792,30
35.01985819,127.7196239,4
34.98946947,127.6988168,25
35.0114872,127.5812486,16
34.97309514,127.5809932,66
34.95080512,127.6447975,11
34.9347332,127.7599894,11
34.95592865,127.7307309,7
34.9600813,127.7452659,4
34.92525325,127.588103,24
34.9291101,127.6907607,41
34.962643,127.606865,8
34.94117198,127.7033872,39
34.97948791,127.5739686,35
34.98087673,127.582983,31
34.9466379,127.7030895,227
34.9407045,127.6970852,120
34.941553,127.6958884,51
34.94042233,127.6959902,165
34.96499367,127.7162227,47
34.96227404,127.7193643,61
34.959655,127.7247278,230
34.96397893,127.719674,57
34.96279146,127.7184812,64
34.96102584,127.7292799,77
34.94347414,127.7006827,29
34.93089,127.6980586,26
34.9802809,127.5795864,34
34.9663003,127.5643305,15
34.96505882,127.5644756,11
34.97616555,127.5719763,24
34.9426171,127.6064656,0
34.9444292,127.6063827,0
34.95054516,127.6034371,113
34.9523872,127.6029793,165
34.97168439,127.591178,35
34.9695969,127.5851363,16
34.9703309,127.5868646,161
34.9736557,127.583395,27
34.9804197,127.5844901,29
34.9740176,127.6070906,52
34.97086911,127.6098882,43
34.96950425,127.6091487,53
34.93928644,127.6053355,311
34.97668,127.5880446,4
34.97679056,127.5874213,5
34.9777804,127.5860265,5
34.9735122,127.5888652,5
34.973696,127.586185,23
34.9723616,127.5881863,12
34.9722678,127.5870405,8
34.9721368,127.586409,14
34.9769684,127.58428,25
34.9783764,127.5839172,14
34.9756182,127.591388,6
34.976141,127.5913917,8
34.9776784,127.5847335,8
34.97924441,127.5883311,48
34.98433514,127.5783892,50
34.97059178,127.5847912,20
34.9733354,127.5918753,24
34.9652663,127.5753495,32
34.9767866,127.5808615,13
34.9825798,127.5851626,33
34.97040829,127.5927798,63
34.9745997,127.5876574,25
34.9728463,127.5848964,12
34.97650959,127.5872113,20
34.9743909,127.5766615,74
34.97962818,127.5813749,82
34.98268184,127.5797853,43
34.97642174,127.5852909,43
34.9781795,127.5817474,72
34.9725328,127.580733,64
34.9701353,127.5806787,52
34.97566655,127.5845817,89
34.93518159,127.697944,75
34.93703953,127.6982768,36
34.94000322,127.696756,40
34.94009605,127.6992982,45
34.93800609,127.6967812,28
34.94022333,127.6999951,6
34.943989542,127.6891405055,28
34.94154115,127.6950864,33
34.94530826,127.690404,111
34.943989542,127.6891405055,104
34.97699592,127.588726,55
34.97914619,127.5829292,61
34.9733909,127.6083633,98
34.96370472,127.5790173,66
34.97347401,127.589271,23
34.97082307,127.5779747,169
34.97726021,127.585763,35
34.9787787,127.591678,96
34.98111,127.5828309,29
34.93386638,127.7169992,35
34.93403958,127.7234359,11
34.93386638,127.7169992,17
34.93386638,127.7169992,24
34.93364,127.723749,9
34.94055159,127.7284861,47
34.93403958,127.7234359,13
34.93403958,127.7234359,20
34.93939928,127.7182654,23
34.93386638,127.7169992,37
34.93403958,127.7234359,48
34.93768115,127.7233326,28
34.94248499,127.7236581,230
34.9372487,127.7173124,72
34.93386638,127.7169992,3
34.94055159,127.7284861,12
34.9447824,127.7471567,8
34.9442498,127.7472833,10
34.9513226,127.7605858,104
34.94306691,127.7559298,36
34.944726,127.7619947,78
34.94328164,127.7495744,66
34.94739,127.7525772,8
34.9427637,127.757287,18
34.94477375,127.7427649,25
34.9676211,127.717493,58
34.9645807,127.7148862384,22
34.960663,127.725044,16
34.9614762,127.7246986,19
34.9646089063,127.7178719,44
34.9642902,127.7153785,113
34.9639974,127.7159943,7
34.96529094,127.7179984,20
34.96408809,127.7189224,12
34.9653343,127.7093487,30
34.96513565,127.7090428,25
34.966066,127.713691,15
34.96525868,127.7138501,10
34.96439269,127.714246,24
34.960736,127.7217159,15
34.96334931,127.7202766,66
34.961976,127.7194476,20
34.9654182,127.718098,7
34.9645121,127.7188894,14
34.96696968,127.7139706,15
34.96499367,127.7162227,21
34.9642902,127.7153785,25
34.9637494,127.7213572,26
34.96574711,127.7140829,35
34.9618581,127.7180451,8
34.9530187653,127.6913938,246
34.9381573,127.7095201,82
34.93170238,127.6943545,30
34.9368085,127.7027332,98
34.94153428,127.6850748,56
34.9399369,127.6899783,13
34.93064809,127.6957935,8
34.94218148,127.6970064,19
34.9477167,127.6975016,38
34.93796896,127.6934397,23
34.9428643,127.6887844,8
34.9418831,127.6885463,7
34.9425162,127.699097,34
34.938157,127.6970857,8
34.9401994,127.6992213,8
34.9553487,127.6918664,17
34.9551165,127.6900221,15
34.9314249,127.6952967,7
34.9381217,127.6906275,9
34.9440491,127.6851622882,63
34.9466795,127.6867472,85
34.9316607,127.6950608,7
34.9326819,127.699327,23
34.9350974,127.6993475,28
34.9341795,127.693225,82
34.9341504,127.6993502,86
34.95132358,127.6871135,48
34.93323065,127.6906437,26
34.93323065,127.6906437,23
34.93323065,127.6906437,42
34.93323065,127.6906437,32
34.93729185,127.6897408,58
34.9492024,127.6869215,16
34.9725639,127.7585339,36
34.9778252,127.7588575,19
34.97627964,127.7605535,21
34.9868515,127.7466775,22
34.9893321,127.7478672,20
35.0360475,127.7568505,12
35.0188287,127.7186377,8
35.0051895,127.7128352,20
35.09494294,127.6745959,46
35.0184287,127.7193052,17
34.99747045,127.6813725,18
34.97649358,127.7188383,238
34.9771081,127.7166886,30
34.9747782,127.7158822,20
34.9881306,127.7029735,30
34.98831469,127.7012053,10
34.9871797,127.7006106,102
34.9889432,127.7027285,20
34.98762505,127.6991507,10
34.9903495,127.7011304,14
34.9892492,127.7012416,8
35.0437104,127.5925066,18
35.014111,127.6176627,20
35.06728224,127.6197266,46
35.09277522,127.5963341,46
35.10131626,127.5992066,28
35.10138357,127.5984678,21
35.0413133,127.6052305,58
35.0850224,127.567316,7
35.0681514,127.5629568,85
35.07915082,127.5646436,73
35.0813708,127.5672639,50
35.08697827,127.5723794,68
34.9700793,127.5829824,35
34.9744753,127.5797611,21
34.9734589,127.588686,5
34.98211779,127.5888931,27
34.9800882,127.5765261,61
34.978777,127.5754774,55
34.965493,127.5750554,134
34.9693964,127.5843938,16
34.96328094,127.5719865,24
34.9780905,127.5868883,34
34.97767117,127.5892117,42
34.9766785,127.5864229,4
34.964034,127.5709612,27
34.96681722,127.5788045,144
34.9770201,127.5903575,25
34.97367207,127.5902578,92
34.9831536,127.5800505,33
34.96634213,127.5695131,35
34.96946,127.5823969,29
34.97346804,127.5919423,14
34.9440041,127.5769661,4
34.97709121,127.5755526,64
34.95235289,127.5756242,4
34.93678224,127.699133,330
34.9356692,127.6939343,100
34.94004584,127.7002774,163
34.94908982,127.7207184,45
34.9364334,127.6895188,157
34.9505138,127.6893299,68
34.92610151,127.6963813,64
34.94580402,127.6850974,90
34.9460515,127.6957622,13
34.94100443,127.6989892,80
34.9391639,127.6959668,59
34.9341795,127.693225,24
34.9341795,127.693225,71
34.95558642,127.7100414,47
34.9308957,127.698891,34
34.9306046,127.6968807,38
34.9393825,127.7002923,45
34.9498484,127.6887727,68
34.9407045,127.6970852,120
34.9511903527,127.6925699409,245
34.9455838,127.6877534,62
34.9430594,127.687757,65
34.94216286,127.6946738,201
34.93613986,127.6954498,120
34.91011403,127.6605722,16
34.9205931,127.6474294,4
34.9114934,127.6666863,220
34.909441,127.6578569,80
34.93463711,127.6753738,25
34.9339547,127.6782683,16
34.93543438,127.6775655,25
34.9365614,127.6795704,28
34.9369502,127.6776925,39
34.9385095,127.6777475,42
34.93801459,127.6828861,13
35.1566353,127.6529398,30
35.1024413,127.6931629,50
35.089874945,127.7037473,80
35.0812995,127.7143879,42
35.07901584,127.7184493,118
34.81449623,126.4283475,6
34.8106877245,126.4160777356,29
34.8059935402,126.3919445271,124
34.8099611887,126.3767208549,66
35.4291464494,129.1721842451,11
34.79620316,126.4015438,48
34.80051042,126.3719085,19
34.7829611,126.3828592,18
34.78126026,126.3774439,29
34.7984869246,126.4383753625,41
34.79487484,126.4273014,89
34.8136138212,126.4029756984,40
34.7858834863,126.3856122,33
34.76497435,126.3699958,49
34.8000594935,126.3844148232,54
34.79821649,126.4264549,66
34.79335192,126.3821261,100
34.8135593599,126.4181272542,52
34.8055058566,126.4197911748,52
34.8089167319,126.3665832595,163
34.7985165795,126.4377127623,34
34.79561766,126.4320063,47
34.79664454,126.4340905089,47
34.8000112422,126.4344129672,54
34.797137522,126.4283272011,50
34.80054208,126.4296969496,34
34.80071178,126.4301701173,35
34.81146009,126.4203111184,28
34.81114394,126.4201019869,29
34.8074541626,126.4201929913,82
34.8056140424,126.4330921,27
34.805989,126.392642,24
34.8051264022,126.4038739741,129
34.79420829,126.3934040976,25
34.8016375936,126.390877586,8
34.7818170471,126.3808222351,46
34.8025778266,126.3688476711,92
34.7849059386,126.386611,243
34.7945116527,126.4087254788,86
34.81596712,126.4234727,59
34.7841599755,126.3852317696,24
34.79275833,126.4025248243,76
34.7882066634,126.3902838338,64
34.804394329,126.3930607741,121
34.7896570661,126.3843244979,33
34.7916340923,126.3827587157,79
34.7939182811,126.3802406751,62
34.8059552447,126.4265656852,52
34.7991111057,126.4324099003,101
34.798078313,126.4302578,104
34.7944401571,126.3859604499,53
34.7934518,126.3876193,96
34.81479569,126.4157858,30
34.78248715,126.3928278,43
34.80775634,126.3886136,15
34.7989616059,126.3783191698,113
34.8039251372,126.3737466,51
34.7929063589,126.3847949762,35
34.80378472,126.4019854,54
34.79289082,126.3822082,45
35.72644627,128.2654084,11
35.72992985,128.2710958,22
35.72992171,128.2677667,32
35.72931121,128.3030765,16
35.7238809,128.4190504,18
35.71068589,128.3078024,32
35.6934625,128.2579917,14
35.67712851,128.2109513,18
35.67798105,128.1969494,29
35.68345868,128.2535469,15
35.66901106,128.1746892,21
35.63593407,128.3826224,20
35.80345149,128.3822185,14
35.82455212,128.4486152,84
35.82489464,128.452596,37
35.8269911,128.4529863,27
35.82519764,128.4467909,10
35.76089989,128.3537784,30
35.74168369,128.384448,22
35.75086618,128.3447635,4
35.75308636,128.3722263,30
35.79122289,128.2059086,10
35.79260002,128.2114261,40
35.72874434,128.2687538,10
35.75664204,128.2306606,10
35.7251709,128.2656857,60
35.73239058,128.2683202,19
35.72133937,128.2528394,57
35.7430529,128.2751752,34
35.73090075,128.266668,7
35.72786926,128.2691815,10
35.72499185,128.2681594,54
35.73037266,128.2703856,18
35.73303645,128.2699591,18
35.72771639,128.2620705,90
35.72568531,128.2661258,104
35.72731692,128.2644802,40
35.73040394,128.2683491,162
35.71965713,128.2715879,42
35.72719599,128.2697926,36
37.74264603,127.081441,50
37.74183835,127.097906,18
37.73766869,127.0780965,22
37.70803493,127.0465574,21
37.75156903,127.0569589,24
37.74287099,127.02714,27
37.75829777,127.0368663,79
37.7563938,127.0711573,60
37.75020266,127.0378433,57
37.75172384,127.0695466,16
37.71845904,127.0469116,18
37.74366809,127.0495897,10
37.73543323,127.0456583,46
37.7059473085,127.0376857686,47
37.71071786,127.0437322,7
37.71211652,127.0435564,12
37.74949655,127.0562146,28
37.72799893,127.0699253,15
37.73015488,127.0701625,18
37.74026176,127.064306,21
37.733919,127.1112958637,11
37.734044,127.110663,12
37.7343963082,127.110798127,8
37.733448,127.084062,4
37.707485,127.045608,18
37.753656,127.067314,17
37.728615,127.083728,20
37.73109354,127.076482,110
37.731347,127.0610852,75
37.730201,127.052641,120
37.75312927,127.0631292,49
37.75061206,127.0433582,20
37.74692812,127.095528,62
37.73180569,127.0490611,36
37.74583195,127.0269067,41
37.718413,127.0469116,8
37.72256584,127.0591013,10
37.71167917,127.0448652,30
37.75517811,127.0681215,38
37.75167304,127.1013076,35
37.74939298,127.0610053,23
37.74923955,127.0505682,21
37.74529867,127.0433614,15
37.7477019,127.0339903,37
37.75433405,127.0456608,38
37.75509068,127.0747786,26
37.75405311,127.0349945,238
37.7532877,127.0368834,86
37.74905559,127.031604,106
37.75148575,127.0391704,58
37.74825754,127.0330011,153
37.75148575,127.0391704,160
37.74350797,127.0570808,41
37.73110049,127.0567229,24
37.73094555,127.0550167,48
37.73416888,127.0391729,200
37.74474435,127.0453294,73
37.74815074,127.04878,54
37.74384331,127.0407508,227
37.75192052,127.1131105,35
37.72901893,127.1054269,42
37.7297544,127.1079737,180
37.74966141,127.0705311,116
37.73643015,127.0475155,101
37.752735,127.0686459,94
37.7386919,127.035717,246
37.73758163,127.0363738,346
37.760799,127.0419928,134
37.70034848,127.0540473,188
37.74148589,127.0539389,241
37.74243045,127.0486631,66
37.7415876,127.0482123,138
37.52408435,126.8330225,48
37.52753859,126.859864,74
37.54834,126.863652,54
37.53897,126.865489,32
37.545483,126.865192,100
37.53504,126.82415,76
37.528116,126.831899,70
37.538968,126.865489,24
37.51907417,126.835606,249
37.514938,126.860059,88
37.516383,126.862569,23
37.515383,126.862641,20
37.516217,126.861336,21
37.515221,126.861494,30
37.517019,126.863847,80
37.516521,126.863346,93
37.522152,126.869272,32
37.532717,126.828598,161
37.516131,126.849601,101
37.521636,126.860547,18
37.533173,126.824559,61
37.534498,126.828575,107
37.524363,126.845025,45
37.533088,126.836284,23
37.530475,126.833012,114
37.529539,126.836015,108
37.536725,126.830828,376
37.532926,126.876896,23
37.536671,126.879208,39
37.535438,126.879351,42
37.533463,126.876594,48
37.548771,126.866172,33
37.542031,126.865111,64
37.545977,126.874609,85
37.531823,126.875401,21
37.529393,126.879105,894
37.521105,126.85074,84
37.530443,126.874295,186
37.530553,126.877866,280
37.518377,126.877689,285
37.517265,126.867026,70
37.51879987,126.869218,11
37.519832,126.869232,24
37.528215,126.871319,28
37.527803,126.875162,24
37.536811,126.881493,17
37.535439,126.877953,38
37.533828,126.876616,21
37.539061,126.8268996,54
37.529915,126.834359,75
37.536449,126.834076,33
37.529866,126.838204,58
37.519317,126.853945,145
37.527819,126.861916,53
37.527965,126.853214,112
37.516263,126.861702,17
37.51662,126.865097,31
37.48330365,126.8760816,55
37.47438522,126.888308,32
37.47253319,126.8904216,27
37.47115076,126.8919782,27
37.46772828,126.8900322,37
37.469155,126.8948279,19
37.46379603,126.8992959,103
37.4766319,126.8955792,130
37.45458796,126.9090376,51
37.45934816,126.9093508,124
37.46074109,126.9109725,69
37.44292641,126.9057099,44
37.4506859,126.8967063,82
37.4778527,126.9027669,22
37.4763283,126.9018966,46
37.4694056,126.9045064,63
37.4794373,126.9063493,50
37.4638287,126.9000339,66
37.46494122,126.8948157,66
37.48571424,126.8796914,160
37.4794157,126.8846349,37
37.48294979,126.8825735,41
37.44250623,126.701506,120
37.57160937,126.7360234,188
35.1154293309,126.7627725168,238
35.1946360344,126.7942529052,430
35.1464008207,126.9168091,301
34.9868670503,126.4760613,56
34.9889842368,126.4779316782,115
34.9877717421,126.4771732693,75
34.57814,126.596093107,57
34.57357,126.59764,33
34.57106,126.60014,15
34.57372981,126.603005,10
34.57524945,126.4296676,38
34.57591759,126.5959275,70
34.57806304,126.5955116,35
34.66779599,126.3299898,53
34.57583249,126.4337586,17
34.57655535,126.4352183693,36
34.5762458724,126.4330732,57
34.56703184,126.6500593,8
34.56650806,126.6475451,80
34.37038956,126.5208425,34
34.49117409,126.5155081,13
34.5725274878,126.5964348467,13
34.57209021,126.5962653,53
34.5711427,126.5975883,90
34.57410446,126.5978202,68
34.57549889,126.5985778,20
34.57235741,126.5998423,18
34.56936504,126.5989937,51
34.5658424846,126.5996511015,35
34.5709622553,126.5998641,24
34.5705426409,126.6002769328,19
34.5714072,126.6075307,44
34.57198456,126.601553,8
34.5741166758,126.6006127,26
34.57240271,126.6025571,73
34.5676303772,126.601020247,37
34.57830697,126.5909272,60
34.57045266,126.6037897,27
34.57130904,126.6058425,66
34.57019047,126.5937448,12
34.57391589,126.6071614,28
34.5713855248,126.6067074265,62
34.59559944,126.3121027,128
34.45925772,126.5541957,42
34.56990491,126.6080662,44
34.56980533,126.5955276,10
34.5735807751,126.6010525,18
34.5737657387,126.5911083304,20
34.57182061,126.6072085,20
34.5736532448,126.6041680933,28
34.5675621178,126.5932900881,36
34.56743807,126.6024055,20
34.56884964,126.6006255,10
34.63993258,126.7725274,40
34.6399579223,126.7738281431,65
34.6430750509,126.7672324,108
34.6391106,126.7701368,62
34.64162346,126.7744302,71
34.640651,126.7701013,31
34.6407497167,126.7726784,78
34.6395812841,126.7677264,65
37.19886467,128.8574669,136
37.22779963,128.8190727,117
37.37780817,128.6638027,70
37.49410706,128.8520000223,37
37.4712738,128.7243715,35
37.25420598,128.7802605,52
37.25316388,128.7769438,186
37.26743982,128.7403466,18
37.26814284,128.7424384,19
37.266756,128.7397691,13
37.26932409,128.739764,20
37.33802647,128.7883528,9
37.34052151,128.7857776,30
37.339181,128.788062,25
37.213861,128.6888222,16
37.212553,128.6492111,42
37.211468,128.6451142,27
37.21557339,128.6436767,25
37.21153043,128.667782,57
37.21481079,128.669661,14
37.214881,128.6686674,25
37.22563675,128.8228141,80
37.227356,128.820478,29
37.2269353,128.8136615,102
37.22645113,128.8142742,174
37.22679804,128.8168115,49
37.49495049,128.8509795,30
37.22770776,128.8218027,20
37.21631209,128.8327425,32
37.19972201,128.8544423,170
37.20066561,128.855383,30
37.19980201,128.855649,25
37.20685151,128.8443032,211
37.20508661,128.847828,133
37.20211777,128.8517228,41
37.38504119,128.6721308,50
37.381856,128.6660717,19
37.38266711,128.669268,146
37.37798855,128.6656608,200
37.37992039,128.6534411,73
37.37961821,128.660603,66
37.38060682,128.660224,78
37.38157206,128.6646081,38
37.3790129,128.6646272,38
37.20017831,128.8544489,66
37.2443578,128.7750023,40
37.24517473,128.7765841,40
37.33763941,128.787882,20
37.22763862,128.818623,72
37.22780134,128.8169741,48
37.22711795,128.8200673,75
37.38406748,128.6738833,20
37.3896412,128.6707504,47
37.38723319,128.6711601,29
37.38178013,128.657896,33
37.379019,128.6644511,11
37.38150944,128.663306,26
36.0020725312,128.3882442572,96
36.04280159,128.3698877,10
36.0343429,128.3645776,10
36.03489159,128.3655584,12
36.02736287,128.350652,9
36.0204156729,128.3838660961,51
36.03034134,128.3621827,107
36.04729281,128.5186173,94
36.0514130924,128.5539452652,46
35.98866533,128.5544107,14
36.0037715682,128.5766282318,24
36.02054305,128.6299604,120
35.98150831,128.5774993,10
35.98149252,128.5767378,70
36.01931139,128.5893112,127
36.02079127,128.5909281,42
35.99098236,128.5519303,100
35.92951531,128.5099837,32
35.97044637,128.4897782,36
35.89765666,128.5003318,18
35.95543781,128.486607,40
36.0667909,128.4009751,129
36.07405963,128.4147107,10
36.07409825,128.4143868,17
36.0760760819,128.3953828941,36
36.08133224,128.4039858,64
36.0776855211,128.414300975,216
36.0786342555,128.4085416006,141
36.0754429,128.407451,33
36.07607425,128.4066892,17
36.07854157,128.4021192,30
36.06749293,128.297883,20
36.06861861,128.3464719,35
36.06722636,128.3482323,20
36.06307669,128.3335672,26
36.07266889,128.3409003,124
35.9895656911,128.3988661928,63
35.9865717692,128.4128213579,123
35.9793543,128.4028494,19
35.978601956,128.3983586107,62
36.00387065,128.4124591,25
35.99627704,128.4031789,270
35.9820392419,128.3966875131,10
35.9923992642,128.399484599,21
35.9877956996,128.3975633106,34
35.98919593,128.39768,4
35.9880739,128.4003281,37
35.99522245,128.396511,85
35.9758274,128.3995016,44
35.98957566,128.3974541,25
36.01051567,128.4241916,10
35.97413136,128.4268576,150
35.96810551,128.4116148,64
35.96339328,128.4207249,20
35.96935675,128.4258735,56
35.96358473,128.4132088,53
35.96641436,128.4170036,25
35.99117185,128.396526,12
35.9891151645,128.398414781,12
35.9856710625,128.3950937177,6
35.98669721,128.405838,35
35.99070932,128.3971207,60
35.98811836,128.412971,44
35.99134719,128.4032253,45
35.99398403,128.4009004,85
35.98669563,128.4082127,30
35.98447222,128.3996738,45
35.99552723,128.4000734,162
35.99189307,128.4000114,197
35.53629,129.3092115,204
35.54612031,129.336458,99
35.47085304,129.1336801,63
35.47085304,129.1336801,109
35.47085304,129.1336801,95
35.47085304,129.1336801,145
35.5623241,129.3481434,977
35.53685141,129.3375585,102
35.53408925,129.2530738,115
35.53526694,129.2595317,257
35.53526694,129.2595317,103
35.53526694,129.2595317,77
35.53526694,129.2595317,388
35.53526694,129.2595317,138
35.53526694,129.2595317,169
35.53526694,129.2595317,208
35.53526694,129.2595317,17
35.53526694,129.2595317,775
35.53835483,129.353667,164
35.54300474,129.3284765,532
35.530972,129.2939697,518
35.530972,129.2939697,989
35.530972,129.2939697,333
35.53629,129.3092115,33
34.97119958,128.3208948,47
34.97464942,128.3241871,53
34.97495703,128.3225663,54
34.97698622,128.3210726,69
34.97621013,128.3282211,27
34.98205929,128.3267053,82
34.97730013,128.3230484,40
34.9772021,128.3248388,52
34.97288003,128.3245412,14
34.97511025,128.3261201,80
34.9743773,128.3227974,49
34.97411388,128.3265714,45
34.97174378,128.3293438,36
35.94149504,128.9351747,52
35.96486375,128.9397927,27
35.96384433,128.9209685,54
35.97324195,128.9299623,28
35.97449969,128.9425488,16
35.87594641,128.8937309,49
35.87575952,128.8946967,12
35.91930609,129.0077319,36
35.9152761,129.0089509,39
36.00173978,129.0457846,69
36.02049979,128.9738177,7
36.02049979,128.9738177,43
35.9619365,128.9382663,40
35.97130308,128.9411709,17
35.93206572,128.9447364,19
35.97716664,128.9473266,37
35.9523656,128.9042636,20
35.96782527,128.9235801,11
35.97235447,128.9243652,43
35.96769534,128.9241637,190
35.93333733,128.8776435,46
35.9339045,128.8798006,13
36.07883812,129.018649,9
36.0784011,129.0185376,17
36.05901332,128.8900085,6
36.0591417,128.8891012,23
36.11044756,128.9226098,30
36.10805795,128.9197447,24
36.01952808,128.8519588,21
36.02024683,128.8520843,48
36.04308064,128.78716,27
36.04451499,128.7897391,9
36.04533349,128.7897606,31
35.99202561,128.8234241,102
35.99236812,128.8230975,29
35.97099884,128.9230929,114
35.91152907,128.8568068,18
35.92705053,128.9288202,26
36.0565418,129.0180625,34
35.99091892,128.9259658,119
35.97112289,128.9412811,14
35.95714035,128.9327578,49
35.96528965,128.9265493,40
35.97545743,128.9330011,88
35.9687455,128.9324014,52
35.96769534,128.9241637,18
35.88853436,129.0219796,30
35.90779233,128.8811882,92
36.01110024,128.9901976,11
36.01691292,128.9733585,58
35.97216113,128.9375736,52
35.96693617,128.9254322,22
35.96461799,128.9694261,42
35.93166871,128.8733581,58
36.04209096,128.7874685,28
35.9642216,128.9375154,170
35.97331241,128.9384784,276
36.03573496,128.9970898,60
35.96711811,128.9321242,22
36.05036479,128.7107276,281
36.04721364,128.9935397,204
36.05650522,129.0112647,186
35.9675657,128.9265939,28
35.970793,128.935097,7
36.01876029,128.8547812,21
35.9634505,128.9083063,16
35.933297,128.9441546,23
35.9635689,128.9452051,22
35.97715462,128.962729,9
35.97119387,128.9409425,15
35.96391203,128.9208431,39
35.966082,128.9367594,6
35.93296678,128.8758642,15
35.93338173,128.8742924,22
35.96218646,128.939599,43
35.97063772,128.9373423,19
35.9799675,128.9517556,38
35.97577968,128.9383628,37
35.96789589,128.9322775,17
35.97193662,128.9357336,28
35.96577671,128.9294034,25
35.98334631,128.9494821,77
35.96204339,128.9399606,27
35.96001201,128.9404671,7
35.918216,128.9525346,155
35.98715344,128.9570031,79
35.9696871,128.9289335,15
35.9630624,128.9255309,21
35.91757786,129.0095609,31
35.97336135,128.932311,12
35.97319167,128.9324236,36
35.96690965,128.9294005,9
35.9732227,128.9328009,11
35.97326875,128.9359318,34
35.97492706,128.9317904,10
35.96239775,128.9345376,14
35.97569883,128.949719,20
35.91810553,129.0110763,14
35.95934603,128.9239763,26
35.97037774,128.938074,58
36.04283969,128.7885359,44
35.97130607,128.939997,15
35.9740994,128.9329034,31
35.9911453,128.8004015,299
35.93352392,128.9967091,70
35.97036877,128.9530655,19
35.96215912,128.9420847,53
35.96038259,128.9352075,59
35.93028633,128.868212,101
35.98893086,128.9544528,40
35.9729553,128.9396939,89
35.97388057,128.9386699,106
35.95995926,128.9400396,57
35.96204115,128.9390654,54
35.96087702,128.9380759,88
35.9632215,128.9366588,53
35.9649932,128.9386184,32
35.97124715,128.9376157,16
35.96869222,128.9244833,116
37.3177989,126.8422514,59
37.3177521,126.8402326,169
37.317903,126.8372405,80
37.3169095,126.8324272,35
37.3440319,126.8035673,108
37.3365458,126.8028395,81
37.2404007,126.5829437,257
37.2839559,126.5700621,169
37.2862717,126.5745517,268
37.3402847,126.7930297,47
37.3392112,126.7920199,191
37.3279807,126.7872912,181
37.3306866,126.8406546,55
37.3373581,126.8047564,20
37.3461205,126.8222581,24
37.3407624,126.8081671,10
37.3370275,126.804141,7
37.3407943,126.8086519,7
37.3429864,126.8044303,8
37.3468029,126.8165929,17
37.3408952,126.8070365,10
37.3471729,126.8229753,11
37.341953,126.8267257,88
37.3432654,126.8142558,10
37.3467217,126.8165829,8
37.3283317,126.8211702,13
37.3422924,126.8233109,10
37.3471272,126.8120846,64
37.3456923,126.8199736,12
37.3312947,126.8228278,55
37.3331465,126.8305738,10
37.3308122,126.8323477,10
37.3478885,126.824262,141
37.3316079,126.8317148,10
37.3434383,126.8018951,31
37.3362078,126.8041765,7
37.3342628,126.8286495,32
37.3364387,126.8281756,64
37.3435166,126.8060809,7
37.3474318,126.8074298,77
37.3360747,126.8314651,12
37.3438048,126.8069567,10
37.3311095,126.8205175,10
37.3424307,126.8056128,10
37.3344414,126.8257579,82
37.340669,126.8286065,5
37.3470849,126.8150536,9
37.3451462,126.8122173,107
37.3425363,126.800905,69
37.3377338,126.8297467,12
37.3462594,126.8118048,7
37.3372942,126.8299453,12
37.3404022,126.8072926,9
37.3444359,126.8204899,10
37.3451138,126.8161793,7
37.3301007,126.8095497,11
37.3349948,126.8091524,244
37.303326,126.8098835,73
37.3009246,126.8633719,43
37.3309357,126.7918084,34
37.3303274,126.7871363,113
37.3313295,126.7898702,47
37.3197767,126.8117588,233
37.322553,126.8327123,605
37.2983712,126.8040871,90
37.3469252,126.811704,8
37.3424526,126.8051046,61
37.346683,126.8172156,10
37.336164,126.8295566,12
37.3161563,126.8182576,29
37.3161008,126.8234372,337
37.3367028,126.8103753,37
37.3367238,126.8097769,32
37.3355516,126.8078995,50
37.3332128,126.811886,50
37.3334233,126.80773,73
37.31767866,126.83210497,47
37.3302765,126.788868,152
37.3353498,126.8120329,68
37.3188012,126.8268922,131
37.3183691,126.8351574,107
37.3183691,126.8351574,100
37.3185232,126.8325038,140
37.3201374,126.8326368,132
37.3187108,126.8286875,140
37.3203339,126.828809,147
37.32068,126.8273595,148
37.3084118,126.8313723,170
37.3083716,126.8278251,120
37.3148538,126.8222679,61
37.3129129,126.8276358,89
37.3146409,126.8326314,56
37.3145038,126.8370221,83
37.3224877,126.8416605,23
37.3013318,126.8464063,400
37.3149595,126.8721297,7
37.3020535,126.8723912,44
37.3093802,126.8641687,10
37.2826388,126.8537616,8
37.301277,126.8491029,8
37.2971275,126.8749047,110
37.3296905,126.8512541,9
37.2949892,126.8557966,42
37.3125746,126.8563653,41
37.2954321,126.877603,116
37.2836589,126.8610088,8
37.3372545,126.8656967,35
37.3097796,126.8683878,42
37.2786892,126.8465373,206
37.2943869,126.8447979,32
37.2946336,126.8423692,26
37.3354619,126.8638729,8
37.2999656,126.8767687,40
37.2787444,126.8522309,52
37.3042311,126.8601462,91
37.3104934,126.8610671,10
37.2922338,126.8700714,7
37.3340546,126.8627656,8
37.3284538,126.8612815,7
37.3020331,126.8752942,77
37.332804,126.8648382,50
37.3374489,126.8438686,19
37.3252424,126.8609125,9
37.3336966,126.845314,10
37.3008605,126.8704388,11
37.3118174,126.8685265,10
37.2969209,126.8496317,12
37.3068182,126.8715456,9
37.3238916,126.8609892,10
37.2889194,126.8608281,7
37.3221281,126.8584547,7
37.311202,126.8673061,7
37.3188615,126.8618369,9
37.314933,126.87209,13
37.2969237,126.8771635,40
37.2954465,126.850906,7
37.286461,126.8451557,16
37.2984436,126.8496198,112
37.3012345,126.8502992,94
37.30273445,126.8642567,177
37.312009,126.9042513,60
37.309216,126.8528852,284
37.3033781,126.8651561,77
37.3276103,126.8439741,48
37.302457,126.8611881,39
37.2941144,126.87169,80
37.32625192,126.84589781,100
37.3012103,126.8664858,96
37.3020216,126.86653,82
37.3149595,126.8721297,35
37.3271458,126.8443874,19
37.3271051,126.8439141,33
37.3283609,126.8442447,33
35.90025864,128.6138234,17
35.87486619,128.6091413,46
35.87963102,128.6026753,27
35.88301806,128.5861564,59
35.89128415,128.5890054,39
35.89473466,128.5882483,134
35.8920346,128.5912566,10
35.89470794,128.6044361,24
35.89377375,128.6090629,15
35.89104648,128.6059248,7
35.89722774,128.6027042,3
35.89377375,128.6090629,10
35.8933016,128.589964,16
35.87724893,128.5926647,24
35.88757363,128.5829464,39
35.89526277,128.6213799,14
35.89836118,128.5793092,23
35.89836118,128.5793092,56
35.93168424,128.5550631,19
35.94616316,128.5546673,47
35.89526277,128.6213799,39
35.89526277,128.6213799,10
35.89461348,128.6220753,37
35.89526277,128.6213799,10
35.88623316,128.580491,25
35.88408994,128.5841447,25
35.88774255,128.581892,28
35.88623358,128.5824381,28
35.88723663,128.5783228,10
35.89872725,128.5788096,135
35.88778066,128.5743938,19
35.88989334,128.5776761,18
35.88778066,128.5743938,10
35.88778066,128.5743938,11
35.88778066,128.5743938,12
35.88989334,128.5776761,13
35.92990667,128.5449716,8
35.89623111,128.5951791,48
35.89154926,128.5959824,15
35.90140838,128.6065689,34
35.89104648,128.6059248,4
35.89678912,128.6016434,10
35.89419058,128.6011669,16
35.88431226,128.6043496,15
35.88431226,128.6043496,12
35.88431226,128.6043496,11
35.8766329,128.6035994,30
35.87960404,128.5831811,102
35.8773027,128.5987311,6
35.8778702,128.5857581,71
35.87724893,128.5926647,61
35.87634379,128.5972152,23
35.87744154,128.6054199,10
35.8748935,128.6071208,8
35.94497242,128.5511611,56
35.93717123,128.5447664,17
35.93325493,128.5518879,39
35.9302193,128.5512419,30
35.93092533,128.5449343,73
35.92943275,128.5458958,15
35.94426515,128.5488151,75
35.89031801,128.5872373,7
35.88338799,128.5987608,19
35.88028319,128.5948636,17
35.90868017,128.6104761,42
35.88803765,128.5827721,31
35.88781541,128.5802848,4
35.88623358,128.5824381,12
35.8748935,128.6071208,39
35.88002784,128.6019944,37
35.88408481,128.6009608,76
35.88152381,128.5975294,32
35.8748935,128.6071208,16
35.9313747,128.557711,30
35.9389234,128.5660435,46
35.93807062,128.5526188,48
35.94424575,128.5471319,12
35.94410063,128.5456678,6
35.94386972,128.5445986,6
35.94104819,128.5446936,169
35.89622155,128.5726379,34
35.88072859,128.5984327,40
35.93129001,128.564128,40
35.8898311,128.5610742,43
35.9210095,128.6033264,53
35.88820139,128.5806918,82
35.90040828,128.5646437,200
35.90182755,128.5664859,200
35.9209007,128.5971581,95
35.9213327,128.5970475,91
35.9030285,128.6070134,112
35.89796474,128.6106083,43
35.905774,128.6160608,110
35.90003894,128.6222779,8
35.96363513,128.5568502,10
35.90725206,128.6151458,123
35.93733721,128.5581853,25
35.92703788,128.5412594,11
35.879228,128.600019,19
35.87610607,128.6016615,165
35.91200881,128.5771953,74
35.90621166,128.6047681,104
35.9077608,128.605559,107
35.89818443,128.5512569,17
35.89532315,128.5829465,17
35.8906191,128.6162748,23
35.89503549,128.6140324,23
35.94307205,128.5420358,120
35.94153605,128.5657163,338
35.9528191,128.5554145,10
35.9102388,128.612293,29
35.87656655,128.6043009,437
35.9078387,128.6083227,58
35.9040048,128.6086279,105
35.89900362,128.606822,62
35.89336757,128.6173123,96
35.893295,128.6085684,51
35.94286226,128.5463893,44
35.9061485,128.6117408,66
35.89155443,128.5660515,164
35.94355567,128.5599291,52
35.89213231,128.6214481,18
35.87732409,128.5957275,50
35.87604689,128.599077,9
35.9371356,128.5456325,52
35.93129001,128.564128,140
35.89060717,128.5648608,28
35.87688665,128.5951518,9
35.87770358,128.6006471,24
35.88880316,128.5764994,10
35.875613,128.6053331,10
35.87695476,128.5962597,31
35.93292828,128.5503945,15
35.89220587,128.5679626,25
35.93131704,128.5559931,16
35.92761837,128.5486904,25
35.92862298,128.5495201,49
35.92741005,128.556086,39
35.9015759,128.5860551,30
35.89698438,128.5900278,10
35.8965438,128.5890978,3
35.89462057,128.5900122,7
35.89371938,128.5900286,4
35.8938443,128.5833779,10
35.8872637,128.596993,18
35.88869225,128.5929184,14
35.8748935,128.6071208,7
35.87695983,128.6017572,30
35.8748935,128.6071208,9
35.87924963,128.6026119,24
35.92732892,128.5497322,42
35.92945364,128.5514477,33
35.92757107,128.5491776,25
35.92905631,128.5496267,41
35.92771303,128.5482365,31
35.92970697,128.5485495,8
35.94245761,128.5589261,14
35.89682125,128.6136501,52
35.94325188,128.5593616,22
35.9349066,128.5492023,24
35.87792093,128.6010181,7
35.88518404,128.6049054,13
35.87766279,128.5985705,5
35.8878395,128.5922723,33
35.88939489,128.5671873,16
35.88780656,128.5746524,18
35.88553119,128.5814603,25
35.89725996,128.5703747,24
35.87990804,128.6104856,18
35.88970924,128.5646922,13
35.884999,128.5859113,62
35.8898311,128.5610742,16
35.8929865,128.5591288,100
35.8898311,128.5610742,41
35.8898311,128.5610742,68
35.8898311,128.5610742,21
35.88778066,128.5743938,90
35.88778066,128.5743938,27
35.92661052,128.5503013,52
35.94037563,128.5565536,35
35.88659565,128.6055917,31
35.88909849,128.6143217,38
35.88713607,128.6038791,9
35.88364984,128.6113254,30
35.88629636,128.6112825,80
35.88659565,128.6055917,14
35.88242711,128.6037488,5
35.88180651,128.6069871,14
35.88180651,128.6069871,15
35.89285578,128.6098518,33
35.89093933,128.6065984,10
35.89377375,128.6090629,19
35.89377375,128.6090629,2
35.89377375,128.6090629,8
35.89377375,128.6090629,3
35.93916208,128.5550213,28
35.941073,128.5543727,7
35.90238032,128.6117032,14
35.89720335,128.6110785,13
35.89652368,128.610032,12
35.89104648,128.6059248,8
35.89004501,128.6013523,5
35.89375613,128.6030093,41
35.89256712,128.6047409,17
35.8914535,128.6038566,14
35.87733319,128.5964617,23
35.8898311,128.5610742,41
35.8898311,128.5610742,38
35.8898311,128.5610742,40
35.8898311,128.5610742,14
35.89447588,128.5675754,58
35.89836118,128.5793092,12
35.8898311,128.5610742,41
35.8898311,128.5610742,37
35.88778066,128.5743938,3
35.88778066,128.5743938,72
35.89345536,128.5762127,37
35.89538603,128.575828,11
35.89836118,128.5793092,22
35.90515004,128.5629623,20
35.93156108,128.563146,40
35.93360968,128.5506549,37
35.9320619,128.5491495,20
35.93539165,128.5497971,43
35.93425111,128.5457465,62
35.93823471,128.5429464,11
35.94240514,128.5469099,60
35.94470971,128.5449411,75
35.94447693,128.5435674,26
35.94232272,128.5477636,9
35.93740911,128.5452115,8
35.94531367,128.546259,6
35.93854663,128.5457736,43
35.94592832,128.5477642,27
35.88408994,128.5841447,87
35.88408994,128.5841447,65
35.88408994,128.5841447,15
35.88301806,128.5861564,57
35.87927027,128.5835611,9
35.89526277,128.6213799,92
35.89378323,128.616552,17
35.89526277,128.6213799,15
35.891244,128.6062891,46
35.88659565,128.6055917,19
35.88474855,128.6131925,33
35.89380025,128.6173543,8
35.89263537,128.6160279,5
35.88901082,128.6143217,78
35.91386279,128.6252151,29
35.89890754,128.5694939,329
35.89777007,128.5654103,6
35.89322494,128.5976695,11
35.94248568,128.5589261,18
35.8846168,128.5975673,8
35.89212138,128.5648666,23
35.8869306,128.5985068,10
35.9440102,128.5620563,44
35.89122502,128.5664349,20
35.8920819,128.5693763,4
35.89181778,128.5674167,16
35.87688665,128.5951518,21
35.88926955,128.5675428,17
35.92433357,128.5986496,13
35.90049559,128.6068257,14
35.092528728,128.9568032593,94
35.0724231385,128.9729461,83
35.1038468726,128.9714372688,35
35.090522,128.957233,42
35.1032902,128.9567705,17
35.0997866,129.0019298,48
35.1094411,128.9469487,340
35.088676952,128.9733394,135
35.0821613,128.9671194,53
35.0604040771,128.9842654956,144
35.081669196,128.9608015469,149
35.0956857695,129.008716,40
35.0920321,129.0081873,50
35.0587524,128.9806860347,125
35.0463817181,128.9680154,230
35.0479120776,128.9656286007,156
35.0967843814,128.9923394625,62
35.0915280554,129.0073225415,27
35.0924643,128.9772853856,25
35.1041517,128.9984397,27
35.0767481,128.9774694,49
35.1064200557,128.9574844,42
35.103121686,128.9708162893,60
35.0821613,128.9671194,144
35.1024464,128.9815438,40
35.0984997,128.99635,60
35.1037247,128.9749952,29
35.1029816,128.9681119548,88
35.0939046036,128.9603137071,49
35.0870544418,128.9649848972,164
35.0842304,128.9584313,47
35.0833161,128.956595103,46
36.81920046,127.5951052,23
36.82073087,127.5931246,79
36.81688249,127.5895481,41
36.78473573,127.5835825,20
36.79128773,127.578165,8
36.77920949,127.5689461,30
36.78200188,127.5815947,11
36.78328133,127.5837897,18
36.77983589,127.5810804,6
36.78350198,127.582234,14
36.78291027,127.5836622,17
36.78331671,127.5831895,31
36.78238316,127.5816644,38
36.78266492,127.5837713,24
36.78120152,127.5746928,8
36.79430589,127.585019,10
36.78271066,127.5786818,8
36.78676147,127.5851102,10
36.78154554,127.5799748,13
36.78184413,127.5801858,10
36.78477431,127.5872732,14
36.78190905,127.5799945,13
36.78113885,127.5817704,8
36.78136339,127.5807541,10
36.79588146,127.5817602,55
36.79899101,127.5898305,98
36.79545749,127.5949029,66
36.78619921,127.5898957,48
36.78091501,127.5832073,30
36.78076771,127.5735504,27
36.780213,127.5734049,27
36.77953446,127.5716059,43
36.78466484,127.5844211,48
36.78454211,127.5815713,25
36.78569398,127.5828444,9
35.785304,127.612674,28
35.785452,127.613309,14
35.728586,127.581084,44
35.728242,127.579443,38
35.704963,127.578642,18
35.703329,127.578325,21
35.731163,127.587992,15
35.73401,127.582882,20
35.735567,127.580815,29
35.732413,127.587519,28
35.73066,127.581755,77
35.728501,127.583912,15
35.732265,127.579606,36
35.731693,127.584679,26
35.729701,127.585004,16
35.731397,127.585247,12
35.731899,127.583343,20
35.730859,127.58216,50
35.728994,127.580886,35
35.732411,127.583649,57
35.58442,127.395059,59
35.64666,127.521436,199
35.648696,127.518105,16
35.647482,127.522215,96
35.64666,127.517066,15
35.649122,127.51956,32
35.647278,127.519153,76
35.625681,127.544466,34
35.653686,127.515696,45
35.651529,127.51499,60
35.646552,127.519773,58
38.2049619355,128.5838829392,25
38.2032378,128.5854381452,13
38.2023674432,128.5841724656,24
38.1957860019,128.5726482917,30
38.221614039,128.5904074833,160
38.218164205,128.5903512,45
38.21458473,128.5911015969,220
38.21286949,128.6004389087,32
38.19139973,128.5857867278,250
38.1914124375,128.5913605,178
38.2022795005,128.5857171334,135
38.1637876028,128.6078309356,20
38.1670364584,128.5343998475,427
38.1665172216,128.5319418,866
38.16884021,128.5213158182,271
38.1681428496,128.5188254171,265
38.1973475094,128.5818681,257
38.1992010872,128.5716529288,71
38.21289964,128.5928921006,92
38.2008067841,128.587458732,187
38.2002903501,128.5847599,148
38.212012811,128.5999886,32
38.20955445,128.5930197847,44
38.20392449,128.5796248668,65
35.2754247051,127.1362909316,15
35.2723042696,127.313927035,21
35.2833598214,127.2898628691,80
35.2830497118,127.2974998353,5
35.2833403054,127.3023473779,60
35.2840606663,127.3029119415,120
35.2830901732,127.2935366422,4
35.2812694361,127.2943106544,20
35.2823233826,127.2949715793,60
35.2823841595,127.2962516181,7
35.2824159904,127.2965771023,22
35.2814216647,127.2981783146,90
35.2788671618,127.2969045763,50
35.2820091197,127.3011957966,43
35.2826888804,127.2850752868,100
35.2551280454,127.1719207538,6
35.134353487,127.2559244575,10
35.2781897413,127.2903909944,55
35.2810008557,127.2945623883,35
35.2819365867,127.295501755,9
35.2816058344,127.2985981682,13
35.1319582797,127.3863807137,54
35.2764935029,127.1353389972,29
35.3140967932,127.2511806129,5
35.2556700817,127.1715622416,9
35.2971333295,127.2041011505,11
35.2970493848,127.2047589413,43
35.2972926511,127.2039080524,6
35.3251466993,127.1793412746,4
35.2331594365,127.3057708968,13
35.1358018621,127.2660216617,18
35.2977968689,127.203955713,10
35.278513482,127.1331610576,20
35.2767041815,127.13564278,44
35.2737522241,127.135605916,16
35.2740792898,127.1353923547,25
35.2759028761,127.1379527428,59
35.2775315722,127.3082866881,60
35.1310309128,127.3210133324,72
35.2821563119,127.2926553693,230
35.2847242555,127.2982466922,50
35.2874798466,127.1651021833,106
35.2794728836,127.2906597206,9
35.2748071093,127.1453481714,5
35.2373979341,127.1212498895,5
35.2373979341,127.1212498895,12
35.2083790691,127.1288480583,21
35.2797685131,127.2984375971,52
35.1610572569,127.3987581381,12
35.2301835301,127.3682033756,40
35.2775315722,127.3082866881,171
35.2775315722,127.3082866881,107
35.2775315722,127.3082866881,342
35.2775315722,127.3082866881,100
35.2775315722,127.3082866881,50
35.2635713579,127.2637952503,35
35.2617108628,127.2687317128,65
35.2635713579,127.2637952503,22
35.1360668474,127.2903725249,82
35.2774370304,127.1328147109,59
35.2774370304,127.1328147109,14
35.2774370304,127.1328147109,18
35.2774370304,127.1328147109,13
35.2774370304,127.1328147109,58
35.1310682611,127.2543147079,41
35.1879585103,127.3884634562,14
35.2838241517,127.2933602651,15
35.13131773,127.2544568009,15
35.3060733486,127.1933364538,8
35.3101283537,127.2578051945,23
35.3110743602,127.2623887152,16
35.2936662585,127.3257074379,20
35.2908453054,127.3004064734,24
35.3005133406,127.3401130709,21
35.2750303809,127.3335915173,31
35.1319582797,127.3863807137,10
35.2970059271,127.1208705966,25
35.2672774316,127.2575047471,25
35.1335155196,127.3685947365,20
35.2970431795,127.1224042303,11
35.2791335818,127.2942177408,15
35.2821046738,127.2996836625,7
35.2831427431,127.3002993022,25
35.2808816099,127.2872238188,30
35.2550977451,127.1722483674,4
35.2970059271,127.1208705966,25
35.2773108412,127.1370895239,14
35.2146961377,127.1653198693,50
35.2795361635,127.2910321286,65
35.2809894769,127.2947640533,35
35.2697668872,127.132562818,76
35.2834291268,127.2991586318,20
35.2828808893,127.3008884135,20
35.2556477469,127.1724369963,15
35.2353827311,127.2108998449,10
35.264346464,127.3447933198,36
35.2846431934,127.1673668174,16
35.2571502708,127.1713894042,66
35.1903619883,127.3808134615,3
35.2379521547,127.1215373446,27
35.1249787774,127.2550755959,57
35.132854459,127.251731759,136
35.1317574076,127.252581309,19
35.1500460026,127.3185021108,12
35.1510861355,127.3192398518,15
35.3177411717,127.2181169952,102
35.2365231733,127.1219705889,3
35.1349890534,127.2534001215,32
35.1329444562,127.2540938587,9
35.1333547412,127.2537565338,22
35.134378132,127.2538062314,8
35.1271324625,127.2527226077,6
35.129383307,127.25390385,9
35.1306524059,127.254184369,33
35.1500460026,127.3185021108,18
35.3028533405,127.1836093533,22
35.2589679252,127.3492349954,191
35.2470528938,127.3618866713,26
35.1296355329,127.2512100036,61
35.2224232664,127.1288505634,23
35.2563664067,127.268933126,15
35.2796350223,127.2902893267,17
35.2797685131,127.2984375971,34
35.2798046976,127.2957416561,18
35.1307945153,127.2555158144,14
35.2687247895,127.1537141603,61
35.1601249705,127.3144615111,20
35.2756975785,127.2886476899,80
35.2803947876,127.2925229545,15
35.2839726733,127.3017590919,90
35.2762788027,127.2879496032,120
35.1769828421,127.3057884029,32
35.2766927346,127.1362710729,8
35.274543027,127.1355561252,43
35.298676734,127.2038607301,6
35.2740663819,127.1339516219,47
35.298676734,127.2038607301,8
35.1958090068,127.375483951,10
35.2799960527,127.2944109093,35
35.131199413,127.2532366948,30
35.1317606324,127.2522572207,8
35.13273824,127.2543444776,7
35.2834391582,127.2886527371,50
35.2794127495,127.2927218914,30
35.2838522743,127.2990289108,40
35.2772287103,127.2894281313,22
35.2857867592,127.2971490288,15
35.2799158729,127.2892383001,46
36.458729,127.126881,13
36.449302,127.124524,3
36.449812,127.122655,5
36.45059032,127.1254786,19
36.457301,127.1286928,5
36.457743,127.134405,9
36.456829,127.1153395,15
36.455502,127.1208817,16
36.445714,127.1240391,19
36.450246,127.1181609,20
36.449506,127.119013,18
36.445797,127.1208169,9
36.455438,127.131975,12
36.456319,127.136551,5
36.457841,127.135184,33
36.454492,127.1281993,8
36.448755,127.1360497,42
36.466608,127.123193,83
36.462147,127.120122,6
36.457064,127.125522,9
36.454747,127.1219152,12
36.454339,127.1229462,36
36.45155496,127.1220769,6
36.45769298,127.1346712,6
36.476141,127.109819,84
36.451805,127.121017,14
36.550667,126.9527959,23
36.445947,127.135963,17
36.459196,127.13742,26
36.454724,127.1372217,9
36.46602916,127.119536,15
36.448817,127.130275,30
36.438542,127.118952,5
36.451441,127.1345519,15
36.436498,127.1206125,3
36.436897,127.120404,3
36.454485,127.1321366,4
36.475046,127.146621,7
36.442013,127.1200744,25
36.468844,127.132563,29
36.465016,127.1202558,7
36.46597228,127.1188995,5
36.549965,126.9518724,30
36.360373,127.1405725,16
36.501208,127.0254176,10
36.554527,126.9512814,14
36.469061,127.1373999,7
36.475102,127.1459389,101
36.46156005,127.1232692,20
36.517056,126.955442,25
36.397619,127.251231,14
36.331435,127.0272373,14
36.434861,127.1238659,141
36.436533,127.1213267,18
36.456083,127.1235928,6
36.514412,126.9551365,22
36.475843,127.1502351,26
36.45502798,127.1352815,31
36.45461296,127.1334704,5
36.44906691,127.1259918,15
36.51639766,126.9701823,9
36.5223163,127.1344799,37
36.51598313,127.1644778,18
36.61225359,127.1270541,14
36.459658,127.1277519,3
36.449279,127.1246037,6
36.36594354,127.2540148,148
36.45396339,127.1315677,6
36.45498366,127.1327776,5
36.45461296,127.1334704,5
36.46355212,127.1181086,18
36.455921,127.1367875,14
36.461391,127.1232605,14
36.44153473,127.1229484,17
36.47468529,127.1341894,30
36.424511,127.1715629,14
36.45707649,127.1346807,15
36.45345363,127.1289387,15
36.45187069,127.1291483,26
36.46028189,127.1217579,59
36.556171,127.0205918,200
36.460354,127.1241709,37
36.446546,127.1238761,36
36.449006,127.1219954,53
36.460282,127.1217579,17
36.471987,127.1339508,10
36.472002,127.133733,17
36.470439,127.132138,39
36.46636751,127.1213829,25
36.5494826,126.9514189,31
36.4471233,127.1241847,13
36.46728462,127.1358777,42
36.45977499,127.1207892,12
36.45418512,127.1329499,27
36.45620825,127.1373938,19
36.55061778,126.9536409,51
36.45399447,127.1326885,4
36.45068096,127.1247965,9
36.459558,127.1268941,14
36.45988972,127.1269051,11
36.458778,127.126881,36
36.557092,126.9559854,7
36.554049,126.9568339,11
36.451821,127.1346205,30
36.450825,127.120877,13
36.448741,127.120281,20
36.449514,127.120422,10
36.552717,126.9528201,74
36.451031,127.120664,6
36.451776,127.120788,5
36.438361,127.119293,12
36.476008,127.063408,29
36.453651,127.1207809,92
36.455162,127.134515,17
36.449179,127.120272,22
36.455733,127.1232408,37
36.456183,127.1308531,63
36.471201,127.1381607,118
36.47266971,127.1358508,27
36.454847,127.1256957,186
36.458818,127.1227277,241
36.457213,127.1196846,67
36.547825,126.939446,61
36.472119,127.1354615,142
36.330316,127.0287573,16
36.47021499,127.1274388,263
36.44593476,127.1237606,11
36.448659,127.1245228,17
36.455267,127.133665,9
36.455415,127.126464,7
36.450503,127.124486,8
36.609059,127.120983,34
36.461757,127.1238472,22
36.455867,127.132583,16
36.449348,127.1302317,12
36.478878,127.1401911,22
36.359115,127.142761,9
36.361534,127.142076,18
36.469475,127.053372,50
36.5021701,127.026176,10
36.448991,127.123037,102
36.471744,127.1292321,43
36.609321,127.1226893,30
36.331277,127.028844,31
36.514561,126.9574119,8
36.500362,127.1415048,28
36.440152,127.117993,44
36.459378,127.120501,20
36.459155,127.120021,20
36.54920612,127.1403386,40
36.47071468,127.1356232,54
36.4466711,127.1129087,40
36.47379384,127.1331009,62
36.44911333,127.1255674,8
36.4746072,127.1524047,44
36.44796046,127.1254679,8
36.46512502,127.1222956,32
36.45425291,127.1308956,3
36.44960509,127.1159099,9
36.55402322,126.9512737,15
36.45711338,127.1326107,8
36.45429944,127.1319235,21
36.54478123,126.9923976,15
36.49831704,127.145781,11
36.45513169,127.1360869,7
36.45527044,127.1306198,15
36.47239683,127.1404423,225
36.46641316,127.1188266,36
36.47743046,127.1433592,32
36.45302006,127.1214874,9
36.462112,127.1082743,28
36.47387869,127.1424534,24
36.550745,126.9532603,64
36.45989933,127.1203702,11
36.46673521,127.1225229,86
36.45614445,127.1182907,14
36.55117057,126.9515369,56
36.54377555,126.9477838,28
36.43975502,127.1206728,9
36.55442775,126.9512913,14
37.5693389081,126.7449666329,23
37.5264947622,126.7105894827,96
37.5374405602,126.7377600729,529
37.5716093704,126.7360234007,15
37.5439105188,126.7243048245,16
37.5262021867,126.7115798903,7
37.5288197764,126.7149436021,19
37.5294950123,126.7073324521,3
37.5323731496,126.7094207598,24
37.5787112679,126.7355658807,26
37.5794253839,126.7373951483,16
37.5337330204,126.7307038281,7
37.5634004429,126.75433854,14
37.5700656646,126.7466663696,14
37.5608956705,126.7580985387,17
37.5680421169,126.7451717031,5
37.5618974366,126.7548954528,30
37.5317301167,126.7118374753,13
37.5288112728,126.7049670796,18
37.5682097033,126.7490822012,17
37.5265357032,126.7395612589,81
37.5409596563,126.7174800815,48
37.575023164,126.7372672547,73
37.5363270576,126.7373591777,266
37.5329137291,126.7239085928,21
37.5507956895,126.7394870746,102
37.5291272875,126.7178769656,48
37.5265515135,126.7517131116,127
37.5638661626,126.7688147374,430
37.5362722,126.7222182854,14
37.5445845011,126.7337745256,12
37.5487696632,126.7351610944,65
37.5429066687,126.7428221178,37
37.5359138044,126.754106753,127
37.5308899215,126.7116242914,37
37.5311948187,126.725580039,4
37.5486790272,126.7447382054,29
37.5465919984,126.7187763673,39
37.5460788776,126.7181311531,119
37.5307125309,126.7216986946,39
37.529939024,126.7217014826,65
37.5308089276,126.7254380201,123
37.5298981938,126.7257395253,93
37.542720676,126.7249719009,13
37.542921043,126.7244587368,9
37.5283415979,126.7481350229,25
37.5247560525,126.7334300474,70
37.5481746811,126.7407392598,27
37.5481746811,126.7407392598,28
37.5473016368,126.7265684501,179
37.5366105753,126.7235594372,24
37.5450443863,126.7289984872,215
37.540233389,126.7222400088,165
37.540233389,126.7222400088,106
37.5383342101,126.7264194839,20
37.5401534601,126.7248385202,15
37.5392814408,126.7234846828,19
37.5367334435,126.7289749357,33
37.5384274672,126.7220611622,84
37.5340149603,126.7230368578,15
37.540233389,126.7222400088,28
37.28031803,127.4456086,74
37.24353809,127.4822116,41
37.24876924,127.359607,41
37.25575762,127.3554156,29
37.25401905,127.3529995,36
37.25471573,127.3514483,32
37.3162449,127.4053705,114
37.31460534,127.4050368,50
37.26100735,127.49163,193
37.27844167,127.4807621,182
37.34078051,127.4622929,359
37.1621765,127.5749962,21
37.33214971,127.4320672,61
37.11447968,127.6301067,217
37.29387247,127.412267,66
37.25390593,127.3507883,26
37.17357715,127.4792739,2
37.27888277,127.4263171,30
37.2792279,127.4253625,30
37.27593473,127.4248596,172
37.2786849,127.4279044,239
37.27651279,127.4407936,466
37.27651279,127.4407936,466
37.28437926,127.4385292,32
37.28479878,127.4487609,18
37.28475923,127.4412476,81
37.28661994,127.4495493,11
37.28599691,127.4436384,118
37.28160598,127.4427617,23
37.27842061,127.437767,23
37.27943902,127.437439,27
37.28160598,127.4427617,16
37.28115706,127.4486167,8
37.27781916,127.4390824,11
37.27781736,127.4390872,11
37.27794324,127.438478,11
37.27756973,127.441596,24
37.27756973,127.441596,29
37.28240372,127.4357444,12
37.28043727,127.4517644,20
37.28131103,127.4503312,27
37.28204705,127.4433705,31
37.27801111,127.4444343,224
37.27801111,127.4444343,224
37.28628212,127.4402875,230
37.28043727,127.4517644,196
37.28043727,127.4517644,195
37.28628212,127.4402875,230
37.28615075,127.4484666,177
37.28615075,127.4484666,176
37.28027975,127.4422212,34
37.28027975,127.4422212,34
37.27813196,127.445788,59
37.27813196,127.445788,10
37.28181306,127.4829539,13
37.28043727,127.4517644,54
37.28681775,127.4483759,24
37.11728259,127.6305842,657
37.33951528,127.4920072,30
37.27794324,127.438478,11
37.27842061,127.437767,23
37.27943902,127.437439,25
37.27557498,127.4494494,23
37.27480164,127.4496347,23
37.27557775,127.4494552,21
37.27557775,127.4494552,28
37.27519936,127.4499066,29
37.27519936,127.4499066,22
37.27605544,127.4493308,25
37.27605544,127.4493308,32
37.2768395,127.4489467,17
37.2768395,127.4489467,17
37.27685693,127.4475931,17
37.27685693,127.4475931,17
37.27756929,127.4481679,45
37.27756929,127.4481679,45
37.27843235,127.4431927,24
37.27843235,127.4431927,25
37.27888364,127.444422,19
37.27888364,127.444422,19
37.27865716,127.4420758,24
37.27865716,127.4420758,24
37.2793013,127.4426281,28
37.2793013,127.4426281,28
37.28176525,127.4386215,18
37.28176525,127.4386215,22
37.2808006,127.4383177,24
37.2808006,127.4383177,25
37.27866825,127.4465036,12
37.27866825,127.4465036,12
37.27947903,127.4454255,18
37.27947903,127.4454255,18
37.27938894,127.4455383,18
37.27938894,127.4455383,18
37.27964972,127.4441958,23
37.28020864,127.4442969,24
37.28047876,127.443665,17
37.28047876,127.443665,19
37.27992766,127.4432662,17
37.27992766,127.4432662,17
37.28064923,127.4420179,22
37.28064923,127.4420179,22
37.28027975,127.4422212,14
37.28027975,127.4422212,16
37.28006286,127.4410821,24
37.28006286,127.4410821,24
37.28059448,127.4406755,17
37.28059448,127.4406755,17
37.2799811,127.43983,19
37.2799811,127.43983,21
37.28021515,127.4392207,23
37.28021515,127.4392207,24
37.28046699,127.4381488,20
37.28046699,127.4381488,20
37.4547373,126.683932,4
37.453177,126.685958,4
37.45336264,126.681849,8
37.453139,126.685359,10
37.45512738,126.690322,13
37.45245353,126.680947,45
37.45563426,126.6874063,15
37.453735,126.6835048,12
37.44488455,126.6740315,47
37.44544868,126.673527,24
37.44453223,126.672004,48
37.44780273,126.6742234,17
37.444242,126.675311,17
37.44781207,126.6858815,28
37.4477930815,126.6780345152,86
37.44805185,126.6749466,15
37.4462646,126.6786446,141
37.44550246,126.6757629,13
37.4468763,126.6748313,33
37.4597024,126.6916664,42
37.46295507,126.686476,66
37.46413189,126.694017,25
37.45918183,126.6906389,74
37.46752077,126.6864883,13
37.444601,126.674198,12
37.44995016,126.6714817,19
37.44741177,126.673452,15
37.444461,126.674459,5
37.444831,126.674273,7
37.44454872,126.675281,10
37.4462718,126.6702513,16
37.44415139,126.672628,11
37.45795096,126.6764675,30
37.4537547,126.6718726,35
37.45466351,126.6747985,23
37.45567379,126.6711871,19
37.45436348,126.666155,7
37.45469924,126.6727222,14
37.46444788,126.6773413,110
37.4728699882,126.6613210968,30
37.47673727,126.6584062,21
37.47610732,126.6579434,16
37.4669112,126.6620268,23
37.46927133,126.6514256,6
37.465137,126.669692,4
37.46217284,126.668487,7
37.4640654,126.6660379,79
37.46404135,126.662874,5
37.4638418,126.6676263,7
37.46172994,126.6685182,14
37.4404539,126.6792584,10
37.44423453,126.6933469,89
37.44230178,126.6938715,63
37.44713301,126.6930513,11
37.4492365,126.6803235,32
37.4375457,126.6782806,19
37.43785215,126.6863487,25
37.436622,126.685306,26
37.4508289,126.6596307,79
37.46207287,126.6449916,29
37.46245707,126.640556,45
37.4673309,126.6532548,26
37.4654545,126.6454031,5
37.45958787,126.6392566,23
37.46475684,126.6419282,26
37.451245,126.6342034,28
37.4530102,126.635572,23
37.4544316,126.6369906,18
37.4526255,126.6341263,29
37.4538254,126.6356619,20
37.45563621,126.6354202,27
37.45843461,126.653818,85
37.45144695,126.6515436,43
37.45022695,126.6608097,83
37.465027,126.6635834,13
37.46112152,126.6747395,51
37.44108527,126.6730915,10
37.4419865,126.6676293,11
37.4454967,126.6527714,31
37.43967712,126.6617997,52
37.44060577,126.6345201,140
37.44226219,126.6629873,38
37.44747972,126.652106,41
37.44821171,126.6499716,20
37.45265511,126.6316062,46
37.44979847,126.6402364,32
37.4510174,126.6375042,36
37.45200856,126.6393088,17
37.44990741,126.6357881,31
37.45190573,126.637552,13
37.45301466,126.6383233,15
37.4530007,126.6373052,20
37.4546309,126.6371516,20
37.46393881,126.6455675,3
37.43964652,126.6843241,20
37.4477427,126.6780119,21
37.45998462,126.6860402,36
37.46041106,126.6912943,18
37.4707317001,126.6851395696,34
37.4651055,126.681572,24
37.46544813,126.6799949,30
37.465929,126.6787272,94
37.47026053,126.6837689,68
37.45861995,126.6809167,7
37.45979995,126.6840487,17
37.46134374,126.6778442,61
37.46042855,126.6850358,26
37.4635298,126.6831111,62
37.461241,126.6805888,14
37.46323937,126.6724559,37
37.459275,126.673897,20
37.45623297,126.6579711,2
37.45224833,126.662524,10
37.45580431,126.6577351,26
37.44980133,126.6632216,9
37.45538079,126.6612032,28
37.464033,126.6512348687,34
37.46036051,126.659503,6
37.46484006,126.6591272,37
37.460945,126.6539466,5
37.45910093,126.6554904,16
37.46265113,126.6488512,272
37.4634703,126.6500003,206
37.46277258,126.6473857,11
37.4620301,126.6449828,21
37.4644173,126.6494612,10
37.46295145,126.6463443,14
37.4654137,126.6479161,31
37.46901756,126.6470082,7
37.4578483,126.6527229,42
37.458328,126.6523787,5
37.45435966,126.6561201,3
37.45499878,126.6566741,25
37.45653263,126.6504579,71
37.45798296,126.6509617,42
37.4533516,126.645481,62
37.45569574,126.647253,6
37.45189913,126.6658494,19
37.45599395,126.6629861,11
37.44842338,126.6634312,9
37.44823452,126.6605107,29
37.44312923,126.6653983,17
37.44621644,126.6636081,39
37.4464367,126.6645988,12
37.4451388,126.6639938,8
37.4446349,126.6645217,12
37.44754168,126.6639438,25
37.44204738,126.6657809,32
37.4401882465,126.6675107276,26
37.44351897,126.649065,39
37.44113975,126.669271,23
37.44077318,126.6544724,14
37.44505146,126.6581829,7
37.44748072,126.652155,35
37.45067723,126.6428252,23
37.44714882,126.6467914,93
37.45110076,126.6385301,20
37.45870716,126.653328,13
37.45826533,126.653811,17
37.46475909,126.6450998,14
37.56947694,127.0160616,19
37.56692913,127.0043893,873
37.5667867,126.8177876,199
37.55599161,126.9840636,2
37.55692491,126.984057,21
37.514277,127.103294,357
37.522315,127.102903,192
37.517102,127.104999,28
37.54219225,127.0170773,31
37.4836851,127.0341178,894
37.5044921229,127.0078452709,1181
37.4752427,126.9839861,183
37.505255,126.980127,47
37.57826388,127.0706008,80
37.57267066,127.0241924,79
37.57142462,127.0251495,72
37.57142462,127.0251495,38
37.5694719036,127.0670036008,71
37.65237,127.045677,107
37.689721,127.0449195,358
37.68749583,127.0405739,142
37.61581538,127.0610792,70
37.670582,127.081017,24
37.46327,126.9056423,128
37.46681389,126.8894033,21
37.46665894,126.8876715,37
37.487288,126.839183,327
37.52379115,126.8514218,79
37.52569689,126.8380819,46
37.536794,126.880647,55
37.47014985,127.127733,329
37.54766329,127.0025236,5
37.539522,127.00258,174
37.5342877,126.9653156,561
37.518016,126.9843841,88
37.55486,126.9798165281,12
37.519471,126.9025865,570
37.52866136,126.9301289,84
37.52063683,126.9344042,13
37.522469,126.916906,48
37.539702,126.8901951,6
37.51340449,126.8973225,11
37.4927353,126.8955124,18
37.53258726,126.90071,23
37.524327,126.8955585,137
37.526251,126.899559,236
37.49215028,126.8233807,42
37.57000804,127.016534,39
37.56967102,127.002583,25
37.56967102,127.002583,37
37.56967102,127.002583,6
37.56967102,127.002583,11
37.56967102,127.002583,5
37.5706125,126.9880587,2
37.572407,126.996584,5
37.56882754,126.9972633,11
37.56882754,126.9972633,12
37.56882754,126.9972633,19
37.56882754,126.9972633,12
37.568802,126.9972633,20
37.573403,126.9759604,1260
37.569834,126.9814806,44
37.56900318,126.9875127,12
37.56845,126.9867292,7
37.56843336,126.9911997,9
37.56843336,126.9911997,12
37.56843336,126.9911997,10
37.638007,126.919322,399
37.60176568,126.9206117,14
37.5778861,126.798212,483
37.560338,126.859775,56
37.56333,126.853082,79
37.57170967,126.841653,38
37.49157,126.8917,70
37.56448656,127.0807575,132
37.48829247,126.914523,60
37.4846976,126.9040672,31
37.488045,126.931441,62
37.57213001,126.80519,321
37.57729223,126.813315,66
37.577574,126.812175,69
37.48531492,126.9014944,91
37.49497371,126.8938632,31
37.49266454,126.8824865,18
37.492847,126.894332,93
37.49567866,127.071912,180
37.49509713,127.0703164,39
37.504395,126.921133,20
37.61674547,127.0282393,16
37.53850411,127.125129,1431
37.552364,127.135091,96
37.553611,127.1558987,12
37.484686,127.08409,67
37.48283301,127.0790178,11
37.52923653,127.0262531,18
37.52643082,127.0284809,19
37.52643082,127.028448,19
37.48785438,127.0999519,568
37.55508319,126.9818795,13
37.560058,126.993161,16
37.559809,126.9889387982,39
37.56428338,126.9943975,34
37.569573,127.0078625,20
37.56523043,126.9926255,49
37.56627504,126.99265,93
37.5672655579,127.0121114623,20
37.56461446,127.0002701,14
37.56533866,126.9980128,20
37.567102,127.012141,1092
37.569599,127.015083,5
37.569577,127.011183,7
37.569971,127.011002,28
37.569582,127.013098,6
37.56725124,126.9835051,13
37.559277,126.977703,2
37.5598,126.9773,3
37.556118,126.978563,21
37.56101255,126.9779181,9
37.57313353,126.9948635,1317
37.49044046,126.9229741,64
36.03663294,129.3676497,128
36.03334173,129.3670105,171
36.03656345,129.3689832066,169
36.0374873165,129.3693790739,49
36.07353428,129.3409224,405
36.03181754,129.3641015,21
36.0631022846,129.382672613,100
36.06153949,129.3807528,41
36.04034588,129.3651554628,99
36.0343041489,129.3697468011,173
36.0352227949,129.3713730489,75
36.0180252355,129.3686546,37
36.0263143398,129.3721126,44
36.0154031272,129.3542032,20
36.0202699902,129.3647683034,37
35.99599567,129.3480277671,57
36.00758281,129.3294753987,36
36.02703423,129.339515,168
36.0240987575,129.3400162,88
37.13875941,128.2101966,480
37.14131382,128.199707,64
37.14894995,128.2114154,159
37.128448,128.206038,26
37.136932,128.211865,12
37.13616935,128.212099,16
37.13616935,128.212099,12
37.13377901,128.2076697,48
37.135396,128.2105095,96
37.138031,128.213459,30
37.138031,128.213459,34
37.141918,128.212713,52
37.13049778,128.2060623,29
37.1364019,128.2098827,32
37.13303148,128.2063499,21
37.13999431,128.2115941,36
37.141918,128.212713,11
37.141918,128.212713,16
37.13760202,128.2079275,20
37.13993963,128.2128104,16
37.141918,128.212713,14
37.13719762,128.2114683,28
35.06978487,129.0812787,82
35.06589635,129.0694376,62
35.095588,129.041131,30
35.08595151,129.0596031,64
35.086553,129.0483665,49
35.06773357,129.0657989,28
35.077534,129.0692786,20
35.0902062,129.0593647,45
35.09243615,129.0634763,22
35.08920619,129.0622152,53
35.0904128,129.0568423,22
35.09140058,129.056113,40
35.09680071,129.0592793,57
35.0968306,129.0592136,26
35.09266318,129.0552642,20
35.09272002,129.0438271,23
35.08705315,129.046782,19
35.09054756,129.0477633,42
35.08826833,129.0407422,66
35.0716713,129.0573621,19
35.08557037,129.0756495,66
35.07447027,129.0541446,28
35.08872459,129.0727985,56
35.09221782,129.0704607,22
35.09366223,129.0403349,25
35.09453741,129.0387845,48
35.0811807,129.0412093,102
35.08558483,129.034834,119
35.08909927,129.0392675,26
35.08990647,129.0357324,24
37.64048199,126.4912409,56
37.63665066,126.4938545,184
37.72990777,126.509409,141
37.73973304,126.4876969,64
37.74068583,126.485178,39
37.74631528,126.472761,132
37.74716277,126.4726066,65
37.74924904,126.4887307,22
37.74977547,126.4874619,70
37.74638603,126.4931802,54
37.7520006,126.4819474,14
37.74736721,126.4866984,37
37.65204841,126.3335076,199
37.78428707,126.2875797,870
37.63853634,126.3849189,70
37.69124877,126.3264377,123
37.69461829,126.3496915,126
37.68678291,126.3117576,156
37.74319511,126.4793285,9
37.74326058,126.4783121,12
37.63521323,126.4916778,94
37.74874293,126.4824039,35
37.74368587,126.4811672,48
37.74764566,126.4796431,115
37.70054274,126.383436,288
37.79820844,126.4071274,90
37.74324123,126.4978863,34
37.74684361,126.4794003,59
37.7393849,126.5068141,119
37.72375593,126.4782043,175
37.68519739,126.3163775,154
37.74508761,126.4864718,174
37.74309451,126.5048107,98
37.75244838,126.4787282,75
37.72363378,126.4833962,154
37.74460503,126.4798356,30
37.74786849,126.4891837,15
37.59516055,126.4564131,96
37.7532887,126.479583,24
37.7465337,126.4791545,80
37.78170318,126.2791555,158
37.64006428,126.492379,57
37.74740587,126.4826999579,16
37.74880011,126.4835818,54
37.79571134,126.4547784,13
37.59274391,126.4581091,46
37.74956564,126.4847556,22
37.82643627,126.4330211,58
37.74272649,126.4901309,68
37.74318299,126.4875643,84
37.74142155,126.4928692,408
37.69293651,126.3668904,38
37.63352591,126.4236374,286
37.61047321,126.4572598,451
37.6326099,126.5322629,56
37.66541644,126.5281189,75
37.64971395,126.5237942,45
37.7343652,126.5152773,65
37.74639133,126.4865968,101
35.3141153326,129.243735398,55
35.25586848,129.2195471,34
35.2050990632,129.2278508492,67
35.33536741,129.166157,13
35.261539,129.233086,47
35.24295317,129.2240293,160
35.24348158,129.2229656,400
35.24419336,129.2149936,216
35.32300872,129.1776297,61
35.24307649,129.2158755,96
35.24403255,129.216915,176
35.24854274,129.2166643,92
37.36121678,128.1274096,9
37.58320748,128.1504473,21
37.51010085,128.216449,25
37.51255769,128.2132322,18
37.40978635,128.1554853,26
37.45906573,128.0636427,29
37.46005669,128.0640844,54
37.45968505,127.9753369,96
37.47996577,127.9813185,25
37.48549635,127.9733952,13
37.48723303,127.9854264,4
37.48644908,127.9853927,38
37.48756584,127.9808353,17
37.48646239,127.9831894,214
37.48499381,127.9943901,14
37.49082894,127.9919509,4
37.48717036,127.9897574,15
37.48811107,127.9866832,66
37.48831463,127.9882872,26
37.48841134,127.9879064,25
37.48857587,127.9875394,28
37.49056512,127.9869264,46
37.48963922,127.988302,29
37.49344191,127.9892252,26
37.49199466,127.9877062,9
37.49169617,127.9890671,88
37.49511785,127.9881053,30
37.49182843,127.9839781,3
37.49310779,127.9825642,7
37.53556264,127.9626853,3
37.53513005,127.9624705,10
37.51153859,128.2186024,8
37.51163026,128.2177656,6
37.51153859,128.2186024,8
37.51254719,128.2140467,4
37.51276341,128.2140699,3
37.51671984,128.213708,38
37.51291608,128.2143532,9
37.51314799,128.2106887,11
37.51272377,128.2110835,11
37.51299321,128.2115706,5
37.51378645,128.2114145,11
37.51371341,128.211946,11
37.51328125,128.2117411,5
37.4135606,128.1581478,18
37.41270292,128.1576602,9
37.48651152,127.9806094,8
37.48917974,127.9890674,9
37.48943204,127.9890008,3
37.48963896,127.9889542,1
37.49091865,127.9868733,9
37.48943125,127.9870455,11
37.49081072,127.9891237,6
37.49086295,127.9857311,7
37.49075749,127.984799,12
37.49073826,127.9852675,8
37.49019178,127.9843874,9
37.48991827,127.9852676,6
37.49200887,127.9858779,6
37.49148489,127.9877615,8
37.49116206,127.9881059,5
37.49114409,127.9886612,2
37.4925588,127.9886825,12
37.6686873571,127.0479008482,17
37.6736578457,127.0464544027,64
37.653242895,127.03353,18
37.648652263,127.0258414031,11
37.6513297622,127.03355,14
37.6531909586,127.0223431536,29
37.6521258961,127.03084,12
37.66721,127.03463,20
37.6683560795,127.0318424618,23
37.6611511427,127.03869,37
37.6413547414,127.0361404338,82
37.6439971784,127.0373050821,19
37.6523644174,127.0456545486,124
37.6544778723,127.04908859,534
37.6610954,127.0406278,17
37.6897506981,127.0449194561,364
37.68749583,127.0405738645,194
37.6904787749,127.042244849,190
37.6656358875,127.0335622468,30
37.6736578457,127.04648,164
37.64925,127.02934,32
37.64113,127.03532,12
37.6803629062,127.0457640163,58
37.66582,127.0392035501,9
37.6738298677,127.0415040431,135
37.6645053115,127.0340186204,81
37.6700855433,127.037229446,34
37.6525139899,127.0396,9
37.6749747236,127.042486168,19
37.6331096114,127.041196924,80
37.63841,127.0374195358,18
37.6471281036,127.037192,42
37.6658536019,127.0392035501,8
37.66938,127.04284,18
37.6709401946,127.0393217,28
37.6803234,127.045755,23
37.6832962188,127.0462315313,13
37.6803234,127.045755,9
37.6803234,127.045755,72
37.6803234,127.045755,28
37.6782118,127.0373805,11
37.8253136019,124.7177875,55
37.95163121,124.7214044,62
37.25609956,126.4833427,48
37.26503771,126.4465617,80
37.17795983,126.2608045,6
37.16986457,126.262931,25
37.17141194,126.258568,30
37.1816345,126.2424839,13
37.1780449,126.2473986,32
37.17004585,126.2918003,15
37.2694483,126.2858168,10
37.24987912,126.3133174,10
37.2447676,126.3177428,39
37.25406432,126.3071493,20
37.21256403,126.1758186,34
37.22237148,126.117697,80
37.26392157,126.1026927,37
37.22689175,126.1543771,34
37.82174488,124.683203,24
37.82174488,124.683203,20
37.97380699,124.6196413,40
37.9208089,124.6747951,20
37.92690978,124.701788,15
37.97709554,124.717405,30
37.97139999,124.7170132,60
37.95578034,124.7349257,91
37.95578034,124.7349257,110
37.66058334,125.7052585,8
37.67206224,125.7107778,7
37.67962253,125.7138576,34
37.6789466,125.685415,7
37.67710332,125.6851891,22
37.65482617,125.7124629,208
37.5299513,126.3726811,20
37.53103758,126.3847081,10
37.51467352,126.4385472,60
37.21493446,126.1394484,74
37.95965383,124.6645798,55
37.237823,126.4576924,70
37.25817425,126.5003198,47
37.25522135,126.4966115,177
37.25522135,126.4966115,82
37.27252518,126.452428,221
37.27252518,126.452428,221
37.27252518,126.452428,31
37.27252518,126.452428,304
37.2803552,126.4833123,160
37.28146822,126.4864755,190
35.56036624,129.2978997,50
35.56921542,129.3321804,187
35.55263697,129.2846169,193
35.56675222,129.3520662,73
35.55833256,129.3287465,25
35.56966471,129.348753,73
35.55464943,129.306546,0
35.55152875,129.285973,239
35.55152875,129.285973,93
35.55152875,129.285973,69
35.55152875,129.285973,47
35.55468272,129.2761007,45
35.55516671,129.2738072,127
35.57073174,129.3420549,25
35.56600778,129.331932,47
35.56956416,129.344114,18
35.556174,129.3323931,33
35.55007796,129.2990775,253
35.56917505,129.3445821,37
35.55796799,129.3275715,49
35.55233953,129.3111584,541
35.55418215,129.3168845,267
35.55625916,129.3085002,18
35.55245701,129.3225375,115
35.55839017,129.3434231,105
35.55658734,129.3217117,232
35.55557011,129.3129597,84
35.55729682,129.3285774,63
35.55711383,129.3332768,41
35.55382471,129.3226321,572
36.746065,126.3032,26
36.87026984,126.2808494,30
36.86912433,126.2797643,60
36.67840568,126.1372996,150
36.68258966,126.1498552,350
36.67530306,126.2951082,20
36.51656298,126.3444896,38
36.51689337,126.3477882,105
36.67530306,126.2951082,27
36.75569512,126.2913889,40
36.75207058,126.3044231,36
36.78357969,126.2761675,27
36.75571453,126.3013761,11
36.75665217,126.3007117,35
36.74854944,126.3047279,28
36.75257447,126.3051789,8
36.75956754,126.294579,42
36.74733464,126.3017279,79
36.75211746,126.2963048,414
36.7491296,126.3043339,18
36.76386932,126.2884559,11
36.75557146,126.3118495,20
36.74855079,126.2933666,9
36.75428804,126.2981365,89
36.75516945,126.2945821,114
36.75003532,126.3171849,13
36.74623447,126.3117399,7
36.74715852,126.3115497,14
36.74790171,126.3115051,16
36.75809966,126.2908031,117
36.75824813,126.2962917,33
36.75119506,126.2987851,75
36.75146028,126.2983036,36
36.74682847,126.3044799,61
36.74647934,126.3023436,31
36.74889878,126.2994793,34
37.44439243,129.1652648,23
37.44912555,129.1780308,164
37.44502167,129.1625655,95
37.44061549,129.1656082,46
37.44452908,129.1642971,40
37.44204661,129.1632991,79
37.44132393,129.1661615,27
37.44388787,129.1629087,49
37.44307615,129.1653217,297
37.44474053,129.1657358,12
37.44526071,129.1640922,60
37.44373146,129.1645633,80
37.44326452,129.168215,64
35.02710254,127.9038157,50
35.02192204,127.903183,38
35.23861465,127.7051806,78
34.94761652,127.8714689,120
34.94834709,127.8599899,70
34.95050013,127.8585445,144
35.09686256,127.8948645,33
35.13555251,127.6920198,127
35.14017347,127.685963,51
35.1531746,127.6890952,104
35.15202471,127.6893352,57
35.06438524,127.7445299,19
35.07004417,127.7455654,33
35.06426966,127.7605406,52
35.28205316,127.6525902,38
35.0283087,127.9022769,33
35.0714617,127.7448136,62
35.06994938,127.7513088,32
35.07042731,127.7508893,70
35.07148582,127.7414953,80
35.06428605,127.7442549,11
35.15133669,127.6895904,74
35.14940323,127.6759554,47
35.15498775,127.6762958,56
35.14885635,127.6876551,34
35.18092047,127.8785522,72
35.18296844,127.8793517,39
35.1824006,127.8794025,7
35.18209956,127.8802211,40
35.06386297,127.7775407,195
35.07737902,127.7413408,18
35.067842778,127.7450281538,15
35.06800357,127.7432011,23
35.06567273,127.7524396,27
35.06211338,127.7446785,180
35.05847082,127.7541248,410
35.06716634,127.7527472,65
35.06083517,127.7480593,55
34.96193587,127.7911686,45
35.07059367,127.7446324,14
35.22773215,127.6426229,45
35.23109796,127.6421001,204
35.1885317,127.6249071,35
35.18935247,127.624794,49
35.18904079,127.6224512,14
35.16234122,127.7100618,180
35.06915348,127.748738,50
35.06839658,127.7485651,16
35.06921604,127.7490575,49
35.06921604,127.7490575,69
35.10859336,127.8110253,41
35.19288225,127.6263858,258
35.03040931,127.9040012,142
35.06511043,127.7450379,30
35.24285917,127.7108232,65
35.18696733,127.7832954,15
35.15822216,127.7893265,120
35.03227706,127.7751842,44
35.07189929,127.7414395,90
35.07189929,127.7414395,33
36.81981008,128.6235465,260
36.82810598,128.6283306,32
36.86888781,128.5243669,12
36.8703371,128.5254544,32
36.87087767,128.5239548,35
36.87376455,128.5247383,41
36.8215460018,128.6196581286,183
36.8167826993,128.630426354,20
36.81563962,128.6035609,34
36.8316029534,128.6341940326,43
36.8209023122,128.6264706539,55
36.8093915852,128.6311517669,90
36.81483201,128.6193848,48
36.81759123,128.6210791,37
36.81040487,128.6249671,35
36.81061432,128.623684,30
36.81040487,128.6249671,81
36.81420337,128.6218772,51
36.820604,128.6216223,36
36.82530568,128.6209383,76
36.82396204,128.6256471,12
36.82697642,128.6263341,43
36.81563962,128.6035609,97
36.81776476,128.6054287,191
36.81413127,128.6064652,77
36.81982542,128.6169798,13
36.82554243,128.6230766,70
36.8222957,128.6254774,180
36.97971033,128.6561211,20
36.86341464,128.5236975,26
36.77065161,128.6307683,23
36.82161187,128.6559875,30
36.83352461,128.6101467,52
36.8051124,128.6320166,26
36.76181033,128.6956784,45
36.87058788,128.5266206,11
36.80508563,128.6190861,65
36.81225797,128.6081824,20
36.81379263,128.6062806,12
36.82478989,128.626769,16
36.82293204,128.6215744,157
36.82717016,128.6052795,128
36.80845623,128.6077181,265
36.81715959,128.6471917,56
36.82542759,128.6170214,177
36.8254022,128.6178278,95
36.82935144,128.6167023,148
36.82707776,128.6165056,139
36.82352404,128.6289463,52
36.81224687,128.623387,30
36.8261978,128.6213324,50
36.80508563,128.6190861,16
36.81438625,128.6230017,26
36.81741202,128.6273375,50
36.82941657,128.6352492,22
36.80494131,128.6210029,6
36.81079266,128.6221699,45
36.81484869,128.629599,30
36.81781536,128.6306803,8
36.82052153,128.6279991,31
36.82285324,128.6178951,4
36.82795023,128.6259494,52
36.82519071,128.6263624,37
36.82426186,128.6280445,26
36.82896799,128.631305,8
36.80860685,128.6223905,20
36.81943547,128.6215251,20
36.81755541,128.6256733,12
36.81368041,128.6127436,31
36.99417773,128.680257,400
36.92847353,128.5834337,133
36.8890569,128.4762151,69
36.92592352,128.582312,10
36.87202076,128.527065,66
36.82896254,128.6334155,24
36.92690292,128.5798048,144
36.82938594,128.6284694,30
36.83054362,128.6254674,18
36.82916271,128.6193021,26
36.83046011,128.609668,77
36.8298804,128.6131392,52
36.82133024,128.6140761,174
36.83120488,128.6314941,25
36.829071,128.6115992,16
36.82877622,128.6253863,15
36.82124704,128.6192764,75
36.81518979,128.6244726,28
36.81289445,128.6209365,103
36.82598739,128.6294899,28
36.8298234,128.6278651,7
36.82382621,128.6210286,10
36.8330138,128.6126402,11
36.79850461,128.6170098,22
36.86841214,128.5326381,13
36.40692467,126.5617402,9
36.38049342,126.5253736,11
36.353876,126.604583,27
36.34285635,126.5855289,61
36.32157644,126.5173009,25
36.36039871,126.5992382,20
36.36158311,126.6010965,10
36.3422536,126.5937415,25
36.35419467,126.5894394,11
36.34862564,126.5940907,6
36.34765306,126.5900688,10
36.34410571,126.6099134,98
36.3443619,126.5981358,12
36.353876,126.604583,13
36.353876,126.604583,10
36.31034735,126.5501637,30
36.302307,126.5945708,10
36.2738538,126.5444561,32
36.35395166,126.6044802,32
36.50753272,126.4889239,167
36.50784375,126.4850155,235
36.34325382,126.5966503,26
36.3539516,126.6010254,47
36.34986308,126.5974045,34
36.3504359,126.599776,28
36.34937088,126.5965578,20
36.35039848,126.5925958,12
36.35064679,126.5925276,23
36.35373901,126.5914531,16
36.34780621,126.598629,514
36.23263365,126.6014655,7
36.23230715,126.5999577,28
36.23922382,126.5313055,100
36.23864097,126.532278,103
36.24100901,126.5349178,166
36.24222816,126.5361723,55
36.24632722,126.538995,120
36.24651233,126.5383887,103
36.32699005,126.5115509,577
36.32668145,126.5061075,231
36.31752567,126.5128401,70
36.31630129,126.5173153,779
36.31675584,126.5143339,68
36.31673664,126.5104435,101
36.31314827,126.5143367,466
36.3203193,126.5112229,703
36.32057327,126.5088532,101
36.30702392,126.5204229,845
36.30657109,126.5192584,76
36.35190908,126.5935248,32
36.35008804,126.5969589,24
36.34948354,126.5938472,27
36.34992796,126.5926982,35
37.38814078,126.9746193,14
37.30350771,126.9425322,12
37.35632928,126.9627934,12
37.31152596,126.9440928,7
37.31741124,126.9530746,7
37.38642789,126.9844564,7
37.32256593,126.9518815,5
37.35110383,126.9754654,4
37.385479,126.981793,27
37.384646,126.982805,21
37.358747,126.963923,54
37.35203705,126.9755771,20
37.354386,126.970692,16
37.35443569,126.9757039,70
37.35027993,126.976795,20
37.31879635,126.9504789,4
37.3483882,126.9767215,15
37.392149,126.979709,14
37.355142,126.9645297,28
37.344287,126.978142,35
37.346728,126.976186,32
37.379775,126.971633,70
37.37715119,127.0065242,88
37.38349466,127.0104079,87
37.38366402,127.00725,92
37.34180105,126.9713681,100
37.37972687,126.9736243,38
37.342331,126.9707875,85
37.39916474,126.9880194,154
37.37526656,126.9688645,66
37.3223356,126.9493223,237
37.31830407,126.9534428,10
37.34580156,126.976896,86
37.318345,126.945771,87
37.307106,126.953146,438
37.40581364,127.0252718,145
37.393378,126.997799,13
37.3266602,126.9487458,31
37.389892,127.013989,15
37.386601,126.980555,30
37.382234,126.976921,64
37.383625,126.977702,76
37.386028,126.973424,68
37.38548384,126.9792538,151
37.38693266,126.9812378,20
37.37435046,127.006204,92
37.383213,127.000759,473
37.386975,126.984169,164
37.37014745,127.0082079,60
37.34982087,126.9753641,77
37.31319435,126.952682,49
37.38642789,126.9844564,34
37.3223356,126.9493223,22
37.38768991,126.9842064,14
37.32133935,126.9547145,14
37.53357838,126.972694,169
37.52066695,126.9743019,12
37.52012404,126.9686741,22
37.53023598,126.969191,14
37.53088001,126.9957211,9
37.51837375,126.9791209,15
37.55042378,126.976155,39
37.5454353,126.9698684,34
37.5427848,126.9685904,99
37.5389156,126.9575712,39
37.54607483,126.9855706,60
37.5516134,126.9643647,31
37.53381211,126.9634197,42
37.5338443,126.9603066,114
37.5325369,126.9603363,167
37.5326215,126.9631106,196
37.53203976,126.9647712,202
37.5430004,126.9880824,54
37.54047812,126.9927159,109
37.53485709,127.0002687,248
37.53001857,127.007355,124
37.5352563,126.9552031,108
36.497916,127.235462,29
36.502083,127.2594886,568
36.465293,127.281752,41
36.486519,127.302364,464
36.497926,127.309578,54
36.4758394,127.2769765,56
36.48859775,127.2585226,665
36.59986238,127.2276795,43
36.46840169,127.282307,55
36.48125005,127.2623967,269
36.48081974,127.261498,269
36.48519056,127.2621038,262
36.50130085,127.2364885,14
36.477651,127.2886718,62
36.48343751,127.2679595,71
36.477648,127.289592,61
36.503721,127.249759,163
36.511372,127.247876,233
36.59986255,127.3000256,24
36.599883,127.299338,146
36.60063524,127.297778,193
36.59884803,127.297507,51
36.51427158,127.2582387,13
36.5012893,127.2358746,14
36.48137667,127.2606046,33
38.1001143226,127.98952087,12
38.095177,127.995234,12
38.100102,127.989534,31
38.102464,127.992156,8
38.1087001209,127.9882192695,15
38.097565565,127.983629,13
38.1087979919,127.9851471267,170
38.105164,127.9899182453,4
38.0893481377,127.998011,23
38.089903,127.997663,21
38.096712,127.990676,34
38.098234,127.989359,35
38.103842,127.9877892777,69
38.103869,127.988526,42
38.1025984456,127.9876952912,15
38.103141,127.991883,4
38.1089661224,127.987134,19
38.109064,127.9861054744,17
38.0950842798,127.9969118653,37
38.101554,127.990361,13
38.1056925835,127.9862019893,22
38.103658,127.985623,85
38.1053678399,127.990184,27
38.1060569208,127.9875163379,36
38.1057004935,127.989496,20
38.106682,127.985664,27
38.106352,127.9859196984,21
38.1061865353,127.988693,24
38.106281,127.988005,8
38.104874,127.9914909567,36
38.105311,127.988914,53
38.1052883186,127.987625,40
38.103125,127.986628,11
38.1034262787,127.9871840546,28
38.104648,127.9885043237,17
38.103386,127.989479,14
38.103316,127.9889667973,52
38.103292,127.990859,41
38.104369,127.990579,21
38.104645,127.989907,33
38.1061260543,127.990577,10
38.106162,127.990131,14
38.106413,127.989831,14
38.1072481456,127.986636,30
38.107718,127.9881042716,19
38.107365,127.9886150438,11
38.108174,127.9893967885,8
38.108425,127.989179,13
38.1092023409,127.9882846926,15
38.108374,127.989834,16
38.1068678861,127.9906610642,25
38.1080670891,127.990515,42
38.107377,127.990932,32
38.06778634,127.5238024,23
38.1057735501,127.7059999762,7
38.1038012822,127.7040317707,8
38.1057735501,127.7059999762,25
38.1035979461,127.7034162044,41
38.1035979461,127.7034162044,67
38.10377369,127.7061807,13
38.0671903083,127.5234488,50
38.0683038401,127.5238009,17
38.06821161,127.523103,20
38.0719703833,127.5174700861,38
38.07049732,127.5210924903,11
38.071380981,127.5205341957,28
38.07076218,127.5222360947,75
38.10288753,127.7025225224,118
38.1112691,127.7038493,5
38.1037119985,127.705673887,8
38.1043571279,127.7053101,20
38.1034262082,127.7060530761,18
38.10455545,127.7087903,14
38.1040396551,127.7088494538,8
38.1054581761,127.703350194,9
38.10544991,127.703685253,19
38.1080044231,127.7048314226,14
38.1023657106,127.7034914134,87
38.1028363,127.7079984,13
38.1029004462,127.7068521,80
38.10281638,127.7057717,12
38.10267956,127.7055625855,11
38.10355616,127.7055978306,7
38.10628673,127.703697,7
38.10794198,127.7059407,23
38.10825857,127.7081623,5
38.1067318,127.7076834967,11
38.106086,127.706362385,6
38.106455,127.706645,8
38.104998,127.7060831279,134
38.104268,127.707834,147
37.51751839,129.1104767,83
37.5276909,129.1040551,226
37.46349413,129.0193939,150
37.46349413,129.0193939,242
37.4636506,129.0228679,235
37.51495486,129.1050133,100
37.52045612,129.1150723,40
37.52045612,129.1150723,27
37.52209465,129.1175966,44
37.52312376,129.1152422,58
37.52312376,129.1152191,32
37.52279509,129.1145338,33
37.52045612,129.1150555,23
37.52045612,129.1150723,8
37.52110221,129.1120001,34
37.52110221,129.1120001,35
37.52117168,129.1120728,65
37.52110221,129.1120001,21
37.52110221,129.1120001,18
37.52156221,129.1140348,10
37.52045612,129.1150723,10
37.52208112,129.1109855,17
37.52519692,129.1072916,16
37.52490663,129.1132231,46
37.860769,127.7229279,55
37.861862,127.725128,56
37.866963,127.726521,120
37.858215,127.745726,42
37.861119,127.741963,53
37.872434,127.752915,43
37.876016,127.757907,25
37.88231585,127.726152,14
37.870421,127.737757,130
37.875632,127.735564,15
37.874637,127.703718,30
37.860769,127.7229279,55
37.946542,127.810691,63
37.946542,127.810691,50
37.937215,127.801077,232
37.870409,127.725307,8
37.884559,127.724359,26
37.846447,127.756158,55
37.877375,127.7234953,46
37.952139,127.815018,115
37.879486,127.739019,76
37.850746,127.7335889,44
37.863442,127.725209,100
37.87063538,127.7090685,96
37.852376,127.752012,52
37.87545777,127.712444,130
37.889584,127.720304,40
37.883873,127.725944,40
37.873761,127.711919,65
37.858375,127.740139,66
37.86639097,127.721136,47
37.866014,127.722722,45
37.867343,127.723803,60
37.874566,127.733533,34
37.871902,127.734283,57
37.946542,127.810691,36
37.867934,127.7073748,6
37.765614,127.627425,49
37.857108,127.730227,26
37.862957,127.748654,24
37.865965,127.751565,39
37.892506,127.724243,40
37.850176,127.755143,10
37.879924,127.745293,70
37.883519,127.7280301,8
37.884375,127.728912,9
37.874006,127.751886,12
37.889983,127.724609,29
37.882738,127.746954,20
37.888081,127.708092,6
37.874433,127.718215,13
37.877321,127.753867,43
37.87652034,127.753867,12
37.87749978,127.750478,33
37.869283,127.724351,61
37.884818,127.718364,15
37.876008,127.732782,17
37.881985,127.729014,25
37.8625329853,127.727947655,22
37.8841980947,127.7157758681,90
37.8621001355,127.7282419852,28
37.86693526,127.754078,64
37.879442,127.737386,10
37.86793396,127.7076241,26
37.870096,127.726491,26
37.876672,127.7238599,10
37.876672,127.7238599,18
37.875689,127.723624,7
37.881564,127.727495,21
37.881543,127.726184,29
37.870563,127.7260495,4
37.881447,127.728507,6
37.876276,127.735269,20
37.881388,127.729773,6
37.8824403,127.724006,26
37.874142,127.720319,23
37.813296,127.633914,13
37.893408,127.726216,112
37.879224,127.725351,30
37.85657453,127.7384881,78
37.87882192,127.7511338,105
37.877107,127.725207,122
37.876904,127.734302,60
37.881388,127.729773,492
37.867061,127.719037,232
37.88252042,127.731844,67
37.882612,127.733116,185
37.856764,127.738907,25
37.875707,127.758029,24
37.398098,126.973011,49
37.369056,126.952098,30
37.400745,126.977342,58
37.401119,126.976131,51
37.403949,126.964044,92
37.404688,126.964073,126
37.40493,126.957766,27
37.385493,126.93312,134
37.406334,126.883768,62
37.40594,126.883488,64
37.400551,126.89847,48
37.405818,126.908111,6
37.403642,126.907937,23
37.392294,126.958038,793
37.368765,126.955553,43
37.398722,126.964386,170
37.400687,126.978495,182
37.368479,126.956052,6
37.392941,126.90813,11
37.392245,126.904552,47
37.393665,126.910424,61
37.371784,126.904387,40
37.38309,126.901602,68
37.393163,126.90803,57
37.390812,126.908432,23
37.403089,126.975724,42
37.402242,126.971412,139
37.382942,126.959054,27
37.384338,126.960806,45
37.390241,126.952754,168
37.392839,126.95304,95
37.392332,126.956512,34
37.393649,126.96266,71
37.39883,126.913129,5
37.3955995197,126.913219,47
37.396556,126.912432,11
37.39892,126.912877,10
37.406218,126.912413,23
37.390692,126.929122,15
37.389804,126.92982,30
37.41838,126.918319,56
37.422338,126.909473,22
37.41149,126.913689,77
37.393665,126.91045,15
37.377873,126.954821,8
37.382554,126.935765,24
37.389026,126.936539,21
37.390073,126.930569,22
37.399985,126.91863,27
37.415309,126.91702,88
37.409156,126.915848,56
37.396261,126.920467,24
37.400587,126.92197,54
37.396723,126.926338,55
37.406321,126.884022,62
37.4059999155,126.883488,64
37.400994,126.921391,75
37.368702,126.958851,41
37.419812,126.908973,118
37.418959,126.909725,96
37.385292,126.907662,170
37.395251,126.922045,101
37.397387,126.916402,194
37.395251,126.922045,91
37.397271,126.918516,149
37.40151,126.915331,56
37.405082,126.917823,40
37.404503,126.919194,29
37.395591,126.925273,54
37.398221,126.924903,99
37.385891,126.936294,87
37.399188,126.900075,28
37.433685,126.901917,119
37.435667,126.917068,173
37.40459,126.909477,10
37.389759,126.934457,42
37.385848,126.93295,54
37.389034,126.931797,61
37.388374,126.92961,32
37.388964,126.928111,94
37.388964,126.928111,173
37.377449,126.954074,30
37.378213,126.953892,16
37.386345,126.95023,27
37.390747,126.933714,133
37.403321,126.912547,61
37.40459,126.909477,18
37.409197,126.899406,94
37.410881,126.893191,74
37.418639,126.908756,46
37.419339,126.908208,44
37.412127,126.903519,109
37.418649,126.932895,44
37.419063,126.919771,168
37.39923,126.975011,203
37.407419,126.956132,76
37.376985,126.957199,22
37.373289,126.954235,44
37.40713,126.951474,20
37.403842,126.950531,27
37.398041,126.978644,15
37.405281,126.963752,33
37.392049,126.942526,42
37.381575,126.961642,12
37.406432,126.961088,238
37.407889,126.972434,163
37.39965,126.940857,57
36.004429,127.652737,165
35.97425063,127.5594025,41
35.97375396,127.5594282,15
35.86950771,127.6502758,64
35.86693214,127.6540935,12
35.86348578,127.6530482,22
35.94145397,127.6573643,28
35.94547718,127.6594248,20
36.00793249,127.7899284,20
36.01010996,127.7878039,26
36.00905131,127.7906133,12
35.96678958,127.8452183,26
35.96960576,127.8484283,18
35.96997053,127.8445642,41
36.00843952,127.6623265,23
36.01249047,127.7611881,116
36.00234541,127.6631821,157
36.00469412,127.6710581,143
36.00006352,127.6825458,60
36.00588397,127.6716961,98
36.00692713,127.6614396,72
36.00692713,127.6614396,145
35.97529293,127.6509878,127
35.86552001,127.6542001,38
36.01104921,127.7888774,22
36.00576541,127.6556572,21
36.00634303,127.6562592,13
36.00470821,127.6643751,15
36.00627041,127.6568972,15
36.00644308,127.6588661,31
36.00679603,127.6598933,32
36.00682779,127.6597264,39
36.00670988,127.6627403,22
36.00236061,127.6625918,34
36.00497284,127.6666223,66
36.00574289,127.6679542,26
36.00238963,127.6541946,18
36.00811444,127.6592361,11
36.00843951,127.6623153,80
36.00525977,127.6635251,123
37.3194776,126.8164923,1092
37.3348524458,126.8071748,118
37.3225526,126.8327113,774
37.3324348996,126.7903407705,95
37.2955752321,126.8684224,44
37.3385649,126.8500402976,25
37.2837577,126.885894,190
37.3420266,126.8643055,51
37.3325461666,126.8207523,58
37.3123361,126.7902912,486
37.3131934602,126.7910945693,181
37.3115085,126.7915856,408
37.3301007,126.8095497,11
37.333928285,126.8109955944,244
37.3111701,126.8324572,170
37.312316,126.8277095124,120
37.3148534,126.822268,61
37.3149306266,126.8279079,89
37.3146407,126.8326434,56
37.3033016,126.8098827,73
37.3646116,126.8831382,138
37.3119365,126.9042313,60
37.3169133555,126.8323709333,35
37.3160808,126.818347,29
37.3161007874,126.8234372394,89
37.3161007874,126.8234365,185
37.3367831,126.8103231,37
37.3367082,126.8098455,32
37.3355472,126.8078836,50
37.3332145,126.8118915,50
37.3334242,126.807724,68
37.3169133555,126.8323709333,10
37.3152327406,126.8385742698,75
37.3152327406,126.8385742698,189
37.3263762927,126.8458917722,100
37.3073972,126.8280145,256
37.3286278,126.8481635,35
37.3078841047,126.8541536,119
37.3105572,126.8515371,104
37.3031849,126.8659560591,77
37.3275684718,126.8439727,42
37.3024154,126.8611925,39
37.3279773719,126.7872894544,99
37.3279773719,126.7872894544,73
37.2987221701,126.804761,81
37.2941136,126.8718783,80
37.3027345,126.8642567,177
37.3288376,126.8440247,32
37.3176787,126.832105,47
37.3009246,126.8633719,43
37.3225364806,126.8407410395,23
37.3013228,126.8629356,93
37.3011834879,126.8664859,99
37.302015,126.8665268,80
37.3178017738,126.8422823,65
37.3177993,126.8402353346,169
37.3180476212,126.837242,82
37.3309357,126.7918084,34
37.3303274,126.7871363,113
37.3313295,126.7898702,47
37.3310807107,126.7961414665,47
37.3317925,126.7898779,300
37.3302787,126.7888636,148
37.3353372,126.8120433,68
37.3169133555,126.8323709333,35
37.3271607,126.8443673,19
37.3271438,126.8438909,33
37.3183431,126.8351538933,107
37.3183776,126.8351538933,100
37.3185236,126.8325092,130
37.3201391,126.832637,132
37.3189056478,126.8269047695,131
37.3187093,126.8286831,140
37.3205175614,126.8288124,147
37.3206784942,126.8273635689,148
37.592975,126.950711,27
37.595031,126.948166,24
37.584928,126.936114,30
37.58757262,126.9319203,24
37.578957,126.925681,29
37.605768,126.949863,8
37.598662,126.949577,72
37.58211871,126.9306604,89
37.587733,126.930636,9
37.57157589,126.9604898,120
37.56752792,126.9344644,35
37.57672649,126.934308,24
37.56005012,126.9582929,50
37.55829247,126.960347,15
37.580808,126.908329,9
37.578673,126.913443,22
37.562169,126.9684152,27
37.590854,126.942279,64
37.567117,126.929661,54
37.588295,126.947704,17
37.586759,126.9342219,54
37.60152713,126.9491809,98
37.562837,126.9567878,38
37.565118,126.964418,63
37.574957,126.927991,43
37.57237112,126.9276771,39
37.56710999,126.9471251,23
37.55912779,126.9343532,23
37.55963212,126.9518349,100
37.5831553,126.9229512,95
37.57701887,126.9217979,71
37.569735,126.916373,32
37.509617,126.6443726,122
37.45625536,126.704701,682
37.49272936,126.4845079,46
37.4963519,126.4917032,29
37.4218346,126.6524034,24
37.44794264,126.7359247,24
37.46735977,126.6416087,60
37.47601326,126.6017497,127
37.42604049,126.6829999,128
37.42402254,126.6954643,36
37.4686703,126.7007407,118
37.41403558,126.6804043,72
37.407747,126.6715439,225
37.51233271,126.7162214,441
37.48943897,126.7396121,193
37.49461123,126.7266045,12
37.4664547,126.7179452,42
37.40249323,126.7235595,42
37.40251497,126.7247162,40
37.47711266,126.629501,90
37.47105574,126.6231189,60
37.47138816,126.7016164,47
37.4928447,126.4936663,1024
37.494173,126.491607,38
37.46693482,126.6564,19
37.46719244,126.656286,74
37.47370482,126.6321927,59
37.41319988,126.6785372,63
37.53188825,126.7350489,362
37.53744173,126.7377592,161
37.54098745,126.7367574,202
37.44759036,126.7000564,779
35.13272835,129.1153521,66
35.1321062,129.1160951,172
35.062149,129.0820953,683
34.7610192121,127.6678980934,211
34.7759067847,127.648149121,287
34.5942697951,127.8043549647,87
34.7573205924,127.6629269711,50
34.7595528146,127.6655735313,100
34.7580942549,127.6656506222,41
34.7575307324,127.6645666594,235
34.741440052,127.7350332739,100
34.7415139475,127.7362270219,95
34.7377623263,127.7441660269,229
34.7398631733,127.7357161943,102
34.7414430954,127.6742421449,82
34.7399246804,127.6766229288,172
34.7480149266,127.6685427263,468
34.7573611501,127.6596318687,83
34.7592468608,127.7174989572,26
34.7409530321,127.7537041473,237
34.748855157,127.7041004204,69
34.7542205644,127.7010515577,241
34.751333149,127.7029427609,164
34.7614703388,127.6641705496,93
34.7384011447,127.7295395604,148
34.7369405379,127.7318363779,19
34.7368640048,127.7324465125,81
34.7387944398,127.6508591937,71
34.7764262739,127.6513721854,123
34.7486145903,127.7286930333,74
34.7432877079,127.7289634803,242
34.620485874,127.6411598346,157
34.74858537,127.744773,82
34.730838612,127.7401880799,225
34.7532792547,127.7451132073,70
34.7634995646,127.664343711,55
34.7447733156,127.7320112568,12
34.7371069722,127.7418387757,51
34.7389566731,127.7370693114,24
34.7392090727,127.7334805,45
36.30137767,126.7054507,10
36.3087319759,126.8561072998,7
36.2738732876,126.7817544697,79
36.27346434,126.8896268,24
36.27494158,126.89013,32
36.1918211991,126.7336988298,28
36.1698304745,126.9462049592,20
36.2734643427,126.8896267533,47
36.2749415817,126.8901300376,30
36.2508398758,126.8098007896,31
36.2438426571,126.8069449958,25
36.314152058,126.6967000329,75
36.2714263559,126.9673977872,10
36.2766311367,126.9455925564,32
36.2842257028,126.9116746343,35
36.2901232838,126.9083685768,148
36.2859697532,126.9086483847,93
36.16983047,126.946205,60
36.2435512,126.8842776,110
36.18791172,126.8941287,140
36.189647,126.8925241,59
36.18237395,126.8223898,117
36.2840687156,126.9145313258,100
36.2756280899,126.9006232573,60
36.1370994999,126.8794739375,4
36.33854208,126.7119325,12
36.2829297022,126.9229231562,4
36.2762720092,126.9147131177,8
36.2773483708,126.9079966386,20
36.2767101804,126.9083648932,3
36.2731220543,126.9164046238,5
36.2733221195,126.9163466817,5
36.2750258941,126.9153241504,27
36.2813106976,126.9131150728,8
36.2726385985,126.9011498003,16
36.2735312158,126.9088946433,9
36.2800006043,126.9089873042,15
36.28079719,126.9077483,6
36.2849009827,126.9080163947,20
36.2787531646,126.9050108083,244
36.28596975,126.9086484,20
36.2809388584,126.9078930157,28
36.2791324035,126.910051987,28
36.2821152808,126.9084439392,34
36.2818441734,126.9097711373,18
36.2814944137,126.9075581238,42
36.2821298615,126.9118529983,30
36.3385420816,126.7119324566,65
36.2794796637,126.9115470534,205
36.2751470661,126.9113865534,21
36.2809010773,126.9144718918,21
36.2788846697,126.9122438109,3
36.2837353023,126.9102495272,25
36.277082582,126.9110578117,19
36.2754223731,126.9107709889,105
36.2807482899,126.9129242483,9
36.2826804765,126.9076818353,22
36.277226735,126.9124724964,14
36.2786700812,126.9122235715,30
36.2782966488,126.9107909799,29
36.2809010773,126.9144718918,27
36.2836433802,126.9112279065,39
36.2809010773,126.9144718918,65
36.28364338,126.9112279,68
36.2142119475,126.7576927306,6
36.2636346317,127.0206919147,24
36.243247831,126.885277354,33
36.1879117172,126.8941287124,16
36.1896469992,126.8925241064,32
36.1910385765,126.8919537513,31
36.3088380328,126.8535456527,15
36.3029320494,126.7051645153,14
37.6220890906,127.0150104475,10
37.64414204,127.0124546,152
37.6320481,127.0235551,19
37.6112017,127.0335232,6
37.6460297,127.0218735,62
37.6333382,127.0206239,80
37.6184131,127.0364771,45
37.6416051,127.0149889,120
37.622899,127.0182175,95
37.6201434,127.0202413,47
37.6306612,127.0174444,91
37.6220897,127.0311622,76
37.6240065,127.0195388,104
37.6260722,127.0134696,87
37.6267046,127.0365901,20
37.6279612,127.0169821,20
37.6258661,127.015692,43
37.6247155,127.0154205,47
37.6567143,127.0115891,82
37.637324,127.0332067,185
37.6305304,127.0218524,116
37.6251004,127.0334059,187
37.6285602,127.0223435,155
37.6633705,127.0126653,158
37.6361708,127.0185347,73
37.6399548,127.0257737,45
37.6116327,127.0335871,54
37.620006,127.0285111,76
37.6334583,127.0193948,35
37.6436141,127.0251254,60
37.6187374,127.0297161,80
37.6474065,127.0113669,37
37.6409017,127.0197223,36
37.6236738,127.0252208,41
37.6351482,127.0191574,48
37.5109009,126.6748921,151
37.50961283,126.6443733,122
37.57420826,126.7290076,35
37.5477676023,126.7340907378,98
37.53188825,126.7350489,362
37.53539421,126.7357616,161
37.54098745,126.7367574,202
37.47107232,126.7018193,47
37.4686703,126.7007407,118
37.48943897,126.7396121,193
37.51639667,126.7199201,441
37.40249323,126.7235595,42
37.40251497,126.7247123,40
37.4470101,126.7352225,23
37.45625626,126.7047028,77
37.44758892,126.7000558,779
37.41319988,126.6785387,63
37.41403612,126.680404,72
37.4213782,126.6521181,24
37.42604066,126.6829999,128
37.42402228,126.6954655,36
37.40778375,126.6715443,225
37.46693482,126.6564,19
37.49272936,126.4845079,46
37.4963519,126.4917032,29
37.47370482,126.6321927,59
37.47105574,126.6231189,60
37.4928447,126.4936663,1024
37.494173,126.491607,38
37.47711266,126.629501,90
37.47601326,126.6017497,127
37.46757337,126.639585,60
36.59903202,126.6488885,36
36.60205359,126.6614638,18
36.64752583,126.6765774,132
36.59794858,126.6637047,37
36.5940600147,126.6570981831,26
36.6001415,126.6675848,105
36.59834056,126.6482732,26
36.65904371,126.6812,94
36.5992,126.6791619,162
36.5987678,126.6505969,50
36.6505,126.6868,16
36.59325114,126.6526047,34
36.59944196,126.6650527,112
36.5945952,126.6583691,3
36.60052825,126.6590024,4
36.59572157,126.6623236,160
36.50337122,126.6244059,19
36.60187453,126.5518066,86
36.59990906,126.6595723,78
36.65843317,126.6799793,77
36.65887883,126.6798979,47
36.65930913,126.6803529,116
36.60033485,126.6684499,23
36.60456022,126.6634496,60
36.6005747,126.6773254,12
36.59792367,126.655683,45
36.63019936,126.6516731,87
36.63935845,126.6647175,75
36.59201333,126.6616272,2
36.60186571,126.6613976,27
36.60215244,126.6614615,10
36.60299087,126.6646856,27
36.59960293,126.6629531,15
36.59137303,126.6698852,12
36.55102733,126.467066,169
36.57701102,126.464581,33
36.54198413,126.4718903,239
36.59127452,126.6696519,16
36.59353388,126.6652296,51
36.50333528,126.6258951,23
36.48699134,126.6163608,27
36.48697666,126.6428307,189
36.48703739,126.6420079,56
36.50103065,126.6247187,72
36.49926529,126.6244024,55
36.48098985,126.6376221,94
36.50528135,126.6191265,17
36.50432338,126.6245288,29
36.59605991,126.6750506,20
36.6037442,126.5528996,15
36.60038436,126.663178,115
36.59848909,126.6634295,67
36.60005592,126.6662802,237
36.59905971,126.6651756,111
36.60230027,126.667299974,54
36.64789795,126.6753891,30
36.59820394,126.6608043,10
36.60241955,126.6625451,47
36.60009422,126.6732349,60
36.59532221,126.6532913,77
36.60024113,126.6474846,141
36.50052072,126.6231916,61
36.5003254,126.6257847,18
36.50199159,126.6216791,43
36.60222989,126.6595844,13
36.60271834,126.6713743,20
36.60125764,126.6679661,62
37.91218589,127.0575986,26
37.91958542,127.0561696,70
37.92840047,127.0556447,68
37.88417814,127.0507834,20
37.9029251,127.0550301,36
37.9039305,127.0508524,19
37.91615923,127.0570332,31
37.90101758,127.0353953,48
37.90101758,127.0353953,136
37.89084467,127.0524788,98
37.88279313,127.0523069,97
37.90523435,127.0515456,34
37.90738006,127.0551875,41
37.90018291,127.0512966,63
37.89148117,127.0539419,105
37.90232169,127.0255418,9
37.8826288,127.053493,21
37.89463268,127.087224,8
37.89133515,127.1262674,26
37.89276326,127.1208309,49
37.89577031,127.1119324,16
37.89207508,127.1221641,43
37.8965291,127.1143411,31
37.89190135,127.1093494,34
37.89815165,127.0570643,14
37.8955909,127.0573884,34
37.9137149,127.056923,15
37.91665362,127.0558196,47
37.92241796,127.056467,18
37.9075918,127.0513922,21
37.91194821,127.0543269,25
37.90933507,127.0521574,16
37.90932744,127.0559134,12
37.90759801,127.0533984,29
37.89639076,127.0532496,79
37.9046288,127.0513558,16
37.90099951,127.0511247,91
37.9081111,127.0585996,15
37.90839056,127.0645902,38
37.90433564,127.0569778,113
37.92862183,127.0514182,174
37.928648,127.0535535,39
37.8822938,127.0539543,14
37.89268955,127.1353224,9
37.90212721,127.0658475,9
37.89165104,127.0581024,15
37.9129971,127.0586768,13
37.91760142,127.0561753,14
37.91348481,127.0581171,16
37.91479865,127.0577258,16
37.91543626,127.0605571,19
37.90623406,127.0513986,10
37.90591711,127.055745,9
37.90883275,127.0520047,25
37.91198659,127.0610196,26
37.90765285,127.0561695,21
37.91180504,127.057447,107
37.91184597,127.056836,57
37.89973669,127.046482,15
37.9031456,127.0542649,14
37.90227695,127.0509486,15
37.90392291,127.0588165,21
37.90902998,127.0616787,26
37.91198659,127.0610196,15
38.1231539158,128.2064656454,8
38.121875,128.20626,20
38.221741,128.2086174,33
38.125912,128.21258,15
38.124673,128.207884,56
38.122101,128.202169,76
37.872156,128.26017,30
37.9570755391,128.3175169535,76
38.123364,128.2025043,41
38.124961,128.20474,73
38.120646,128.2029216,62
38.121467,128.2058259,51
38.122824,128.2074329,105
38.128147,128.2193049,104
37.967419,128.0810763,20
37.968227,128.0793911,32
37.964449,128.0887759,19
37.964449,128.0887759,17
38.0672943796,128.17548,53
38.071434,128.1749054,31
38.068679,128.1682338,38
38.065166,128.1701929121,29
38.0672701278,128.1731218449,61
38.067377,128.1691171,27
38.074701,128.183578,98
38.069786,128.1723637,27
38.0672943796,128.1754211,196
38.074307,128.1791194,52
38.064973,128.1728285,35
38.069791,128.1746406,58
38.067625,128.1705326,61
38.0684099773,128.1716293317,240
37.3015797,127.117447,80
37.32795741,127.0950287,19
37.32018859,127.1130928,50
37.27051314,127.1383972,32
37.27253257,127.1516873,85
37.27638286,127.2457929,267
37.24963097,127.165158,972
37.23578482,127.2873273,96
37.2385462,127.212483,298
37.15593879,127.1676607,25
37.23506858,127.2072649,72
37.23170555,127.2083756,86
37.24081271,127.1003992,126
37.31648737,127.0690037,44
37.31036044,127.0865294,162
37.30462736,127.0811467,35
37.34186011,127.099239,35
37.33105012,127.1139969,52
37.32066575,127.0836395,46
37.31946228,127.0887777,48
37.2772443,127.2481301,64
37.25980818,127.2156012,79
37.27670429,127.150849,6
37.28128998,127.1559389,12
37.27926372,127.1645326,55
37.27782133,127.0745334,33
37.17101661,127.2971209,127
37.17229221,127.2992797,103
37.15437919,127.1698962,27
37.33570489,127.2496431,23
37.27891565,127.2325645,22
37.23348159,127.1904024,69
37.222622,127.2228402,8
37.1508488,127.3733541,10
37.13622397,127.1729527,24
37.10590362,127.1251309,6
37.13361021,127.1993969,5
37.17846171,127.1985737,7
37.30273506,127.2280332,0
37.34593218,127.2480902,43
37.23904357,127.1769084,86
37.23933743,127.1797661,180
37.23655984,127.2130856,21
37.23651098,127.2124319,27
37.23681541,127.2118133,22
37.23524994,127.207471,16
37.20454215,127.206613,5
37.268934,127.2187625,82
37.25977459,127.2166797,82
37.34479499,127.092856,103
37.29946291,127.0647442,6
37.32893441,127.0671418,18
37.31786988,127.0800496,35
37.30765137,127.092408,4
37.32823032,127.0837278,7
37.32544816,127.1264739,25
37.26755638,127.0969496,20
37.2927978,127.14743,44
37.27498371,127.0839269,33
37.28617851,127.1135998,91
37.24841567,127.1090237,32
37.27414594,127.1580486,42
37.22147234,127.0882131,6
37.26682449,127.131244,65
37.27218535,127.0669467,52
37.25211139,127.0964578,183
37.23532362,127.0728929,8
37.28617851,127.1135998,42
37.23371966,127.0741319,22
37.25473473,127.1101288,51
37.25446289,127.1087915,66
37.26779936,127.1072359,15
37.26955748,127.1064325,29
37.27674307,127.1082447,13
37.27647881,127.1091145,8
37.25897462,127.1959743,16
37.23458415,127.2872737,44
37.23758005,127.1850899,25
37.25873668,127.2035207,26
37.26756887,127.2199262,5
37.11432237,127.1510931,11
37.23165306,127.1862325,51
37.28243217,127.2215491,46
37.33837744,127.1039128,129
37.29170451,127.1458104,29
37.27781781,127.2308231,77
37.3279001,127.0971094,73
37.24086733,127.1779684,1177
37.32052477,127.095499,518
37.32613651,127.1059081,507
37.29676402,127.1189815,74
37.3222219,127.0974474,568
37.28044712,127.114689,238
37.23437996,127.2013372,113
37.25145552,127.226013,14
37.24321702,127.1803623,30
37.32455512,127.1013529,20
37.32356908,127.0584003,64
37.33176348,127.1189539,19
37.33375032,127.0955069,17
37.27789956,127.1050744,76
37.23421384,127.1991316,19
37.27260603,127.1067678,119
37.23277029,127.219174,42
37.25285779,127.21205,45
37.23455978,127.1881482,50
37.2354869,127.2798389,61
37.16384072,127.3751111,33
37.16658943,127.3132646,75
37.14112038,127.1961973,77
37.11523295,127.1503514,92
37.32953302,127.2423619,75
37.23797804,127.0683832,130
37.23152688,127.1155323,58
37.26657957,127.1076939,24
37.27242458,127.1275882,64
37.27009438,127.1029967,256
37.32121059,127.1080499,245
37.28355594,127.2182041,8
37.24015517,127.1345905,36
37.27442157,127.1007549,6
37.35278578,127.0516701,14
37.29483246,127.0773894,15
37.33014064,127.0901125,40
37.31681598,127.0634835,25
37.29996008,127.0742891,106
37.33043386,127.1186264,50
37.32027656,127.0946856,19
37.26779213,127.1329507,29
37.27503584,127.1013694,5
37.2794718,127.1188349,17
37.27476857,127.108199,13
37.24249751,127.1037811,22
37.27604789,127.1012647,7
37.26738645,127.1018591,26
37.27630901,127.1101177,12
37.25131849,127.1084951,120
37.23464799,127.0716748,426
37.19233766,127.2073915,15
37.2770309,127.0746317,190
37.16355452,127.3764237,231
37.2677109,127.0754749,26
37.23436625,127.2113022,17
37.2855461,127.2196457,16
37.23438457,127.190069,20
37.2325411,127.1984058,15
37.25977459,127.2166797,88
37.33178497,127.1024818,67
37.32708332,127.0997294,250
37.27066223,127.1043196,143
37.2708642,127.1068933,117
37.32161769,127.0942639,22
37.26584933,127.106739,185
37.32340738,127.1105839,53
37.23671447,127.2078585,97
37.23663279,127.2052506,94
37.23409332,127.208483,328
37.23613047,127.201254,132
37.33495229,127.0590124,38
37.17231079,127.2060446,172
37.2322959,127.2043545,96
37.34442924,127.252251,28
37.23476491,127.2102498,54
37.33191496,127.2487917,31
37.33255749,127.1178964,52
37.28254051,127.1433315,22
37.23803617,127.1358192,20
37.27623731,127.1083549,41
37.27327145,127.1082084,7
37.2817303,127.1128335,39
37.2819097,127.114127,33
37.27757709,127.1102845,24
37.27617761,127.1102513,25
37.27462281,127.1111654,16
37.2563653,127.1667029,15
37.27004898,127.0815121,27
37.26704056,127.106382,5
37.27811538,127.1023417,19
37.28859166,127.1115249,10
37.27004414,127.1076186,41
37.27897365,127.1066696,56
37.27784711,127.1101044,44
37.27800189,127.1159379,25
37.29612697,127.1187374,34
37.2774728,127.1167385,24
37.2318513,127.2850734,19
37.29504352,127.2345612,13
37.24107743,127.1754685,120
37.16672028,127.3747586,74
37.28836619,127.215436,84
37.16640426,127.3742356,80
37.16453038,127.3065958,85
37.11363589,127.1512434,53
37.33674389,127.2517873,168
37.23390285,127.2022196,60
37.2388321,127.2034081,53
37.23868637,127.1911339,77
37.23595102,127.202335,44
37.23511874,127.2189632,62
37.13821385,127.1975319,10
37.2322959,127.2043545,46
37.23735983,127.190373,24
37.23597526,127.1949762,105
37.23662651,127.2034895,55
37.23395865,127.1971687,75
37.24086733,127.1779684,120
37.27382034,127.1508126,36
37.32628345,127.0964155,24
37.32517597,127.0992336,81
37.32062435,127.1124653,75
37.28033395,127.1120946,40
37.27272203,127.1085625,39
36.3154814,127.3825997,100
36.3446251,127.3855676,160
36.3471837,127.3731923,80
36.3398973,127.3862841,11
36.3255532,127.3817853,9
36.3408563,127.3662359,25
36.3566481963,127.3674693069,120
36.35638892,127.3746125,138
36.3495536,127.3765714,218
36.3544596,127.3876854,110
36.3535619,127.3848513,138
36.3482823,127.3526953,95
36.3534166,127.3639506,39
36.3482321,127.3894721,50
36.3534166,127.3639506,63
36.3609486,127.3789322,15
36.3548686677,127.3778078088,45
36.35530056,127.381988,154
36.3449187,127.3848188,93
36.3476522,127.3766311,45
36.3534107,127.3782677,108
36.3295528,127.3761958,35
36.3003815,127.3314903,119
36.3635178,127.3773184,32
36.3595763,127.3749986,51
36.3456681,127.3833313,65
36.3166364,127.3759087,78
36.36708849,127.3810828,111
36.3037394,127.3504684,31
36.3468725,127.3791997,8
36.3482354,127.3848262,58
36.3375039,127.3853115,34
36.3082825,127.3358103,29
36.3295537,127.3729144,73
36.3003815,127.3314903,36
36.3338052,127.3934496,31
36.2987581,127.3410347,6
36.2991657,127.3397731,20
36.2998034,127.3410148,12
36.3423622,127.3924699,16
36.351933,127.3528212,36
36.3467855,127.4010586,14
36.3192753,127.3755648,21
36.3401674,127.375766,25
36.3173246,127.3834984,97
36.3672622,127.3729537,53
36.2984711,127.3545536,67
36.3290565,127.3847762,63
36.3484058,127.3759678,67
36.3500224,127.3800772,33
36.3484249,127.3813822,87
36.3045748,127.3650814,137
36.3271828,127.3727953,35
36.3447658,127.3727104,21
36.3026875,127.3509448,22
36.3450672,127.3769302,69
36.3506271,127.3890189,75
36.3192402,127.3809664,141
36.3221778,127.375653,71
36.3406963,127.3981085,39
36.3381649,127.389439,24
36.3217161,127.380468,122
36.30511638,127.3493764,49
36.303295,127.353055,25
36.2967387801,127.32254806,41
36.2952027541,127.3235069097,18
36.2945912262,127.3249792594,19
36.35735938,127.3601058,34
36.328175,127.370791,28
36.35270049,127.367823,32
36.3054061,127.3339305,16
36.3067168,127.3330063,9
36.3068391,127.3339295,11
36.3062193,127.3359279,11
36.3048792,127.3331778,11
36.306879,127.333005,9
36.3049111,127.3356829,16
36.3066675,127.335501,10
36.2960184,127.3264728,94
36.3498568,127.3759674,64
36.3053697,127.3355009,10
36.3418059,127.3841414,5
36.2986825,127.3387752,20
36.2960861,127.3369934,60
36.3271348,127.3843792,6
36.2527519,127.3174187,6
36.2960822,127.3782988,22
36.2989907,127.3539593,5
36.3267694,127.385184,27
36.3120521,127.3696089,9
36.3461835,127.3960499,30
36.3145456,127.3707693,4
36.3241096,127.3474932,10
36.3523378,127.3543331,9
36.3125634,127.3691482,8
36.3368168,127.3937159,28
36.3295151,127.3689785,24
36.34828643,127.371588,277
36.3356459,127.3903052,32
36.30167117,127.3395517,94
36.2843382,127.3509851,16
36.3446029,127.3743159,18
36.3549754,127.3571191,21
36.3055023,127.3683476,84
36.3175417,127.3732287,32
36.3043255,127.3373469,16
36.254192,127.3412414,27
36.2976215,127.3779415,22
36.2977108,127.376048,25
36.2978685,127.3804001,24
36.2990352,127.3794334,38
36.3005198,127.3789651,28
36.3543912,127.3557423,30
36.3551818,127.3569503,17
36.3563935,127.3627676,150
34.88542867,128.6240168,272
37.63354605,127.2053062,17
37.65957329,127.1257788,41
37.65208015,127.1129703,40
37.64705,127.1212906,10
37.64586466,127.1263502,14
37.66732137,127.1186656,36
37.64702656,127.1212906,14
37.64733481,127.123598,10
37.6667186,127.1150181,32
37.65024166,127.1201782,30
37.61095999,127.1715699,26
37.60438545,127.1555185,16
37.60477122,127.1564706,13
37.63373676,127.211588,14
37.65235589,127.3118502,16
37.65448041,127.1795049,50
37.6578225,127.1747744,17
37.63702399,127.309452,24
37.65730263,127.3068672,169
37.6611122,127.3033859,6
37.65854013,127.283728,81
37.65099106,127.3040456,52
37.65695702,127.3028712,25
37.65203218,127.3067452,47
37.65555202,127.2394137,50
37.67042857,127.2519143,64
37.69293386,127.2183,112
37.7104059,127.2025,53
37.69421943,127.1988665,107
37.611227,127.165135,47
37.61008601,127.1524054,23
37.6143008,127.1547829,118
37.60486538,127.1579824,70
37.6052493,127.158063,47
37.61750951,127.1987777,41
37.63610631,127.2137341,6
37.64867932,127.145591,29
37.647674,127.1423801,128
37.65122021,127.1430096,35
37.65093791,127.1203268,109
37.65598438,127.1259358,49
37.7076593,127.1118653,30
37.70519968,127.1063714,22
37.65802043,127.180696,37
37.65039476,127.1791026,115
37.60618947,127.1925063,32
37.63263977,127.2000004,26
37.65354164,127.2429728,100
37.64432689,127.2297074,106
37.65880956,127.2444657,240
37.65121785,127.1448204,15
37.65563675,127.1452577,5
37.71106407,127.1135209,15
37.71075933,127.1114904,16
37.70772498,127.1194617,10
37.7072771,127.1191182,15
37.70927307,127.1154636,71
37.70927307,127.1154636,51
37.64977596,127.3033648,13
37.70459205,127.1662242,16
37.71216776,127.1871317,22
37.72087167,127.1963124,62
37.71462257,127.1977246,78
37.71834545,127.1840361,11
37.74463922,127.2020778,11
37.58615214,127.2067148,37
37.58523059,127.2142351,27
37.51476207,127.2970662,219
37.51423397,127.2991015,133
37.56173473,127.3147544,121
37.55680513,127.3115613,130
37.63618416,127.2151659,8
37.63284991,127.2052937,17
37.65319343,127.3018012,75
37.65316702,127.3030429,114
37.71895377,127.2050656,134
37.74150278,127.1996514,40
37.72610263,127.1937489,48
37.74535367,127.201637,92
37.74488924,127.2084787,68
37.6268475,127.2020852,12
37.57963273,127.2226542,92
37.58624882,127.2130282,28
37.54597782,127.2449375,35
37.9549101053,127.3184961993,74
37.8322750922,127.1472255074,30
37.8313241668,127.1501247032,144
37.7983409704,127.1670165544,40
37.7843730841,127.2384432976,88
37.8839496687,127.20132,0
37.9087438058,127.2115911636,0
37.887975,127.2066401375,0
38.1577319656,127.2507110908,0
38.0585307431,127.3860394469,0
38.00165,127.2433355609,0
37.8533000622,127.1869591822,0
37.7861779602,127.2268602397,0
37.836159253,127.153839,18
37.8310282648,127.1432471128,30
37.826461,127.138056,32
37.83279,127.138692,90
37.8350937989,127.152542,15
37.894278,127.196949,21
37.897549,127.2020087143,8
37.894978,127.198618,5
37.8950596343,127.1994602649,16
37.8910330342,127.19407,15
37.8945135654,127.194211,15
37.894324,127.2014988427,22
37.892347,127.199841,10
37.8938357941,127.201492978,16
37.895848,127.19436,15
37.893215,127.193475,42
37.823956,127.140989,44
37.9024847057,127.2025933848,29
37.8957540582,127.1988353535,18
37.8913732535,127.192987,27
37.8934274557,127.1956234619,40
37.9035705249,127.204941,32
37.8922872599,127.1954680429,43
37.8604210492,127.155156,29
38.0770654726,127.2795698222,42
37.90094998,127.2040292,13
37.89454927,127.1970964,55
37.85203587,127.1674941909,75
37.90174257,127.1996706,15
38.10228777,127.2179419,9
38.10359263,127.1932012,32
37.89757587,127.1953383,136
37.93947792,127.2297833,22
37.90207116,127.202144,175
37.9014824,127.201032,28
37.90082576,127.2012192,37
37.8951936,127.2030484,5
37.89501927,127.1985105,51
37.89983899,127.2029747,31
37.8939605083,127.2003468054,130
37.90024163,127.2014477,25
37.90051608,127.2066038,10
38.08929064,127.2751477,202
38.036596,127.366642,66
37.95687829,127.3147787,59
37.95476864,127.3206591,24
37.95982484,127.3198006,340
37.95564067,127.3166941,181
38.00178136,127.2430411,64
37.84722547,127.1888903,44
37.78475463,127.2268579,80
37.82755033,127.150689,39
37.83225225,127.1501769,81
37.83067689,127.1378693,30
37.82749794,127.1459691,40
37.9569646,127.317619,125
37.82939527,127.1416064,58
37.82985268,127.141839,112
37.8270448,127.1443222,108
37.89557957,127.2027455,9
37.89233372,127.1989381,62
37.8990358398,127.2016929801,22
37.89639555,127.2019407,42
37.8978913501,127.20376448,51
37.89469975,127.2003445,40
37.90178761,127.2054304,24
37.8990358398,127.2016929801,8
37.89552179,127.2029038,20
37.8978763,127.198109,23
35.44147749,127.8294877,176
35.46169825,127.7930558,15
35.47965175,127.8329369,6
35.4939945104,127.8361456792,30
35.49159294,127.8321535,24
35.49368692,127.8367286,3
35.49315891,127.8328913,25
35.49222271,127.8332359,40
35.49280912,127.8351875,40
35.49215691,127.8361598,41
35.49289434,127.8384158,66
35.49574495,127.8407081,12
35.49475987,127.8388347,32
35.47880785,127.8534125,24
35.4837696,127.8166962,37
35.51686704,127.8455727,47
35.51148158,127.8400248,10
35.52045117,127.8314426,34
35.47859404,127.8349041,10
35.48064848,127.840678,15
35.50573044,127.8936531,9
35.49651831,127.8889877,29
35.29112099,127.8235359,8
35.42767951,127.7804205,81
35.45245448,127.8006195,27
35.45892265,127.7962492,42
35.40891036,127.8296688,7
35.41307995,127.8458879,11
35.42013474,127.873171,44
35.40818598,127.8313582,4
35.417467749,127.8631146417,24
35.405282,127.8352479,11
35.46372132,127.7931041,12
35.44198772,127.7778461,15
35.4054706473,127.8270799298,39
35.41523344,127.8587475,8
35.41734712,127.862668,12
35.41970108,127.8717934,81
35.42198463,127.8644801,6
35.41843257,127.866056,35
35.42198229,127.8701728,44
35.42198229,127.8701728,125
35.42198229,127.8701728,165
35.44147749,127.8294877,15
35.2982903,127.8320524,28
35.30583216,127.8332347,92
35.28240955,127.8302309,13
35.29929492,127.8109053,58
35.46366792,127.9290397,20
35.48543581,127.9689602,60
35.4855981,127.9680468,50
35.47745056,127.9563561,60
35.4722527,127.9597227,2
35.48758861,127.9686368,187
35.50419766,127.8914697,25
35.45880758,127.8623109,15
35.45872341,127.8619541,14
35.46999363,127.8836633,17
35.50417162,127.9068796,11
35.46971474,127.8762749,43
35.44125156,127.9551981,18
35.46580672,127.9117151,10
35.46474058,127.9273174,11
35.46474058,127.9273174,4
35.46368845,127.9278064,28
35.44944859,127.9499454,13
35.48781328,127.9315743,46
35.491153,127.9340847,24
35.4651909511,127.9348053883,6
35.48101119,127.9311952,12
35.23727517,127.8198703,18
35.276319,127.8460493,39
35.34652981,127.8209284,144
35.36402599,127.8450519,25
35.3332706172,127.8381641215,69
35.29725216,127.832186,21
35.29725216,127.832186,4
35.24480678,127.8186779,12
35.25650661,127.8237656,15
35.24514802,127.7943724,12
35.27649543,127.8402886,85
35.27704675,127.8369492,6
35.27791889,127.8404226,29
35.27769633,127.8380812,20
35.27613288,127.844786,30
35.27524276,127.8444354,121
35.27877939,127.8369416,31
35.27840996,127.8405654,7
35.27800216,127.8417521,39
35.27715514,127.8459353,23
35.27802663,127.8473509,16
35.27340054,127.8512049,23
35.27241174,127.8515468,14
35.25893025,127.7806997,9
35.28314037,127.7221152,14
35.2772888,127.7461671,18
35.26549868,127.7612415,22
35.28161616,127.7228727,29
35.28005369,127.9647392,136
35.27921427,127.9698986,45
35.25110467,127.952255,4
35.30017071,127.9573175,7
35.29887484,127.9576459,43
35.27424281,127.9358551,30
35.27381098,127.9380753,33
35.27268445,127.9372182,46
35.3086910933,127.9553481515,11
35.26728499,127.8302284,22
35.2741336,127.8361212,103
35.27447561,127.8355621,22
35.27412653,127.8390439,20
35.26823146,127.8411612,16
35.29297138,127.7549462,129
35.29409661,127.7549075,83
35.28442635,127.7649873,21
35.2771993,127.8315279,23
35.26263088,127.8278247,10
35.27851311,127.8331373,14
35.27659486,127.834379,13
35.30234851,127.9744048,19
35.30192807,127.9751444,20
35.3573449025,127.9212122197,17
35.36873894,127.925031,8
35.38452214,127.9711648,62
35.32982163,127.9504922,2
35.33687532,128.0013983,22
35.31577515,127.8997623,50
35.26230277,127.899993,2
35.296977,127.9590095,18
35.29878702,127.9585827,14
35.29767813,127.9592725,12
35.298014,127.9585566,32
35.29820697,127.960313,24
35.28601717,127.915834,3
35.27616022,127.9342485,31
35.29760775,127.9597093,26
35.29061291,127.9580563,19
35.29283924,127.9564515,16
35.27605551,127.9385307,21
35.29553939,127.8869106,30
35.34542458,128.0442743,19
35.38709599,128.0121834,60
35.37711924,128.011143,11
35.37830273,128.0109253,7
35.39669046,127.9863699,10
35.39531108,127.9888819,20
35.38282442,128.0066007,16
35.38242052,128.0069928,36
35.37620445,128.0123601,27
35.37896094,128.0092258,11
35.40175202,128.0251746,36
35.29883306,127.9685792,50
35.30257076,127.9706271,5
35.30227773,127.9722479,20
35.30116557,127.9758765,21
35.30422158,127.9739661,3
35.30437677,127.9738613,15
35.30713581,127.9782829,101
35.3323233,127.9996968,5
35.33689383,128.0121705,20
35.3011281,127.9764104,30
35.4154746,127.8811916,6
35.29657337,127.9567932,29
35.41787042,127.8846403,9
35.41561574,127.8837648,59
35.4934542,127.833205,86
35.27886771,127.839501,36
35.37894705,128.0115835,21
35.4128530285,127.8730100431,17
35.34488826,128.0451469,43
35.43067194,127.8674563,15
35.41333629,127.8913736,33
35.41545231,127.885237,27
35.42035125,127.8781847,14
35.41950091,127.8777835,10
35.41589643,127.8802682,18
35.41469017,127.8797385,17
35.41448959,127.8790399,17
35.41407287,127.8782147,11
35.41356791,127.8781638,9
35.41286633,127.8783335,19
35.41428247,127.8826165,10
35.4149839,127.8817895,15
35.4160819,127.8842361,55
35.414767,127.8819202,54
35.39908486,127.9034818,27
35.40242447,127.9181256,18
35.39983239,127.9164822,6
35.41057917,127.8727157,17
35.41022211,127.8726973,45
35.41055098,127.8731808,48
35.40913907,127.8737517,33
35.41170146,127.8722302,11
35.41160877,127.8706646,7
35.41153931,127.8655754,171
35.41433319,127.8740478,45
35.41291815,127.8752369,14
35.41441428,127.8746888,25
35.41376457,127.8747976,10
35.41376457,127.8747976,10
35.4139551,127.8751588,10
35.44341419,127.9109974,15
35.41759631,127.8761636,17
35.41606722,127.8791362,8
35.41575539,127.8775518,6
35.41652648,127.8741331,24
35.41647484,127.8751018,18
35.41777509,127.8758235,15
35.41479231,127.8770345,131
35.4162468761,127.878698093,18
35.41790222,127.8791644,41
35.41729932,127.878015,10
35.41711249,127.8767667,3
35.41734694,127.8775023,17
35.41762569,127.8777904,12
35.41831822,127.877085,5
35.41337412,127.8774448,19
35.40562966,127.9010068,55
35.404456,127.9005833,21
35.38887812,127.9140911,39
35.43037362,127.8887829,12
35.43800767,127.8952187,16
35.42521468,127.9138172,7
35.39305658,127.8816343,8
35.41517175,127.8729916,132
35.41572088,127.8745399,26
35.41561164,127.8742291,20
35.41580741,127.8748695,21
35.4155100883,127.8754438991,15
35.41507285,127.8722992,50
35.41432989,127.8725855,16
35.41446591,127.873393,14
35.48618987,127.968623,65
35.317527,128.2641965,60
35.317557,128.263473,37
35.32070329,128.2645034,15
35.31943074,128.2580473,36
35.32006701,128.2587961,4
35.32035244,128.2597547,4
35.32032681,128.260645,12
35.349925,128.168907,18
35.33640508,128.199042,5
35.46783399,128.3261678,20
35.31867597,128.2628211,35
35.31886111,128.2716621,58
35.31892601,128.2691686,43
35.32256463,128.260226,14
35.33319951,128.2671641,22
35.31831488,128.2599603,50
35.37604192,128.2324065,11
35.37234181,128.1068894,11
35.3185323,128.2604172,24
35.321429,128.2663957,20
35.34439756,128.3020484,17
35.27713312,128.2112395,20
35.31270706,128.2875909,6
35.29118898,128.1944389,20
35.32000349,128.2597409,14
35.38063204,128.1376352,25
35.42395163,128.2883273,12
35.41757335,128.2755151,0
35.46894121,128.324336,19
35.32088903,128.2599834,34
35.46443445,128.3216981,51
35.38827114,128.1666157,15
35.45639955,128.2539327,11
35.35006521,128.1023529,12
35.34859474,128.268727,17
35.36633094,128.4105058,25
35.32093613,128.2557008,21
35.32045275,128.2582019,19
35.319422,128.2656026,26
35.4794366,128.2344695,10
35.47027077,128.2706995,12
35.38081421,128.3259438,74
35.38034638,128.3251874,8
35.38893369,128.228989,12
35.34122529,128.1127291,9
35.41190634,128.4187455,24
35.37036355,128.165949,30
35.48778733,128.4125696,35
35.38695892,128.1755663,10
35.36674752,128.1198355,50
35.36592003,128.1342221,10
35.33809787,128.1289905,22
35.3697216,128.3002175,7
35.38734114,128.1592912,30
35.48413857,128.4116523,10
35.4358243,128.3173096,29
35.35932528,128.1406823,23
35.3535777,128.1951762,66
35.35280655,128.2427765,33
35.47241064,128.2715703,14
35.43666834,128.3449743,27
35.47578782,128.2162751,8
35.48334232,128.3765085,20
35.47473362,128.393504,27
35.40062928,128.3706676,12
35.47979008,128.4113706,40
35.44754716,128.2489606,19
35.3184158,128.2670261,23
35.32165447,128.2633148,45
35.37059637,128.413119,20
35.33384945,128.227201,15
35.38641942,128.4046532,10
35.38761986,128.3962211,12
35.36359137,128.3895125,18
35.47402241,128.2644525,28
35.4318208,128.3777769,12
35.48177974,128.2356404,20
35.32251418,128.2644363,45
35.47499064,128.2218805,15
35.32311239,128.2437458,23
35.31717217,128.2597706,50
35.31729478,128.2608621,45
35.4663485,128.3235628,60
35.46622776,128.3257469,60
35.36573735,128.3837562,10
35.38261859,128.3864981,10
35.3202133,128.2544395,68
35.3172286,128.2624364,59
35.31967998,128.2555724,30
35.32184614,128.2602657,18
35.32224342,128.2568588,11
35.3218049,128.263492,20
35.31840331,128.2636462,49
35.32178248,128.2626471,13
35.32107792,128.2598913,11
35.32161684,128.2580654,14
34.93191429,128.0847863,18
34.92858357,128.0735763,14
34.928301,128.0705933,21
34.92920301,128.0769967,30
35.08032871,128.090285,22
35.0819688,128.087941,25
34.93183789,128.076815,24
35.08481588,128.0890157,37
35.08430637,128.085497,44
35.64182058,128.6589435,30
35.64983354,128.7061764,25
35.65070961,128.7438245,30
35.72246042,128.9290482,70
35.64883787,128.720746,30
35.64862586,128.7372382,60
35.64921218,128.7344841,80
35.64362095,128.7419519,25
35.64725258,128.7339993,150
35.64862586,128.7372613,100
35.64838523,128.7186823,250
35.64725258,128.7339869,200
35.6410562,128.7470351,168
35.6715558,128.9567363,150
35.6438092,128.7406889,14
35.6448812,128.7428907,5
35.66526396,128.8544802,40
35.66670538,128.8544882,10
35.66680356,128.8553506,40
35.69191987,128.8897137,45
35.68718156,128.8924163,65
35.71568523,128.9135083,25
35.66323744,128.6705765,50
35.68730359,128.5892764,45
35.64148573,128.6154737,40
35.63974752,128.6197627,20
35.64082506,128.6192927,25
35.6390793,128.617391,10
35.63888891,128.6183089,55
35.7173952,128.5558939,50
35.64669572,128.7329666,37
35.64187994,128.7424927,50
35.64301376,128.7448178,39
35.6451459,128.7461535,27
35.64480354,128.7473821,23
35.64068769,128.7419613,20
35.6442814,128.7436162,23
35.5655208,126.856046,70
35.5733768,126.8442943,41
35.57296,126.8558305,43
35.55190259,126.8883964,12
35.57167272,126.8444947,33
35.5719098,126.8456265,30
35.5728428,126.8571412,142
35.55894074,126.8464086,8
35.6043526,126.9912229,14
35.5816876,126.8515108,35
35.5657621,126.8619705,20
35.5602301,126.8681593,83
35.62115727,127.0432433,43
35.5676651,126.8522205,8
35.567674,126.8519742,11
35.5418741,126.8891741,18
35.5605732,126.8517566,44
35.5853667,126.8562622,20
35.56470294,126.8531575,41
35.5677195,126.8532203421,37
35.5676854,126.853669,24
35.56636374,126.8580952,29
35.56801282,126.853558,9
35.56706615,126.8503093,54
35.57624454,126.8440317,30
35.56589055,126.8519536,100
36.07601181,126.6873706,14
36.07634754,126.6950426,80
36.07607445,126.6897181,40
36.0767732,126.6900122,12
36.01150572,126.6990817,12
36.01156116,126.6953411,16
36.01168382,126.6968004,12
36.0103035,126.6962175754,48
36.01039819,126.6968584,15
36.0099461,126.6967737,24
36.01153149,126.6976072,15
36.0135904,126.6909879,37
36.0106378,126.6907725,14
36.01368472,126.6958156,67
36.07634754,126.6950426,80
36.0764747,126.6880375,35
36.07664859,126.6895505,25
36.07830936,126.6897238,5
36.0780596,126.689845,30
36.0760744508,126.6897181496,40
36.0770723,126.6887744,50
36.0767581,126.6900542,10
36.07681561,126.6892102,14
36.0786498,126.6897294,16
36.07623453,126.6913504,20
36.07675592,126.696301,13
36.07710095,126.6894943,17
36.15422793,126.6876139,14
36.78103502,127.0876458,44
36.78059469,127.0835741,18
36.78273465,127.0820358,30
36.78491953,127.0807862,42
36.78606749,127.0810092,38
36.75542174,127.0329583,64
36.87290772,126.8793288,132
36.88429345,126.8805473,30
36.87794723,126.8696448,140
36.779276,127.011521,26
36.774873,127.005112,8
36.77410845,127.0124642,22
36.77235582,127.0086316,30
36.785627,127.000123,13
36.79287666,126.9965123,60
36.777894,127.003325,18
36.92305577,127.0624898,165
36.91864074,127.0612741,355
36.90655746,127.0695275,97
36.90675155,127.0562369,65
36.89948218,127.0643586,83
36.78729181,126.9936293,30
36.78917139,126.9886232,70
36.77003989,126.9516424,39
36.76151666,126.9618366,36
36.76066549,126.9641834,17
36.777894,127.933471,29
36.77009383,127.072969,20
36.77357847,127.0759004,22
36.77064822,127.0782799,20
36.77199549,127.079832,19
36.77196691,127.0776366,27
36.77174922,127.0745422,37
36.78603518,126.9854192,68
36.77440339,126.9819111,28
36.77649611,126.9797536,40
36.77645623,126.9818057,166
36.78546802,126.9607969,88
36.9332331,127.0638784,28
36.92978488,127.0373778,50
36.76245369,126.8887265,80
36.7565504,126.8721233,54
36.77893364,127.0948968,34
36.16211269,127.9725574,22
36.17137087,127.7766347,20
36.17377621,127.7897339,15
36.098071,127.683863,25
36.16771499,127.7751405,50
36.1724343,127.7803611,132
36.17730547,127.776439,63
36.17785617,127.7745331,62
36.152004,127.7510452,25
36.2286646689,127.9092497294,48
36.23149172,127.9073492,15
36.1688465247,127.7701595374,35
36.1786687071,127.7709925579,100
36.1790138894,127.7675542375,59
36.1720565942,127.7839189255,22
36.1731418085,127.7826923845,29
36.1720744156,127.7836479806,32
36.1773194615,127.7764181263,134
36.130737,127.674272,165
36.130737,127.674272,165
36.09687826,127.6850023,5
36.06977799,127.8799439,223
36.14224148,127.7459381,17
36.11720597,127.640477,40
36.17771261,127.7746418,12
36.16407662,127.7634934,40
36.1721811601,127.7863625074,93
36.17359086,127.7709809,15
36.12557244,127.744621,32
36.1287882,127.926837,2
36.02050756,127.7664293,23
36.18043622,127.7811653,41
36.16895786,127.7690194,30
36.17490545,127.7761407,33
36.19127971,127.8790238,18
36.2267985424,127.9105492899,26
36.23711086,127.7213314,13
36.1224319,127.667109,16
36.2127042,128.000443,20
36.22391547,127.9127978,10
36.116514,127.920187,8
36.2696453,127.8619597,18
36.19426443,127.7659175,8
36.17533263,127.7066047,20
36.17699358,127.844145,12
36.081674,127.681679,9
36.13371813,127.6370024,6
36.28186635,127.8273799,20
36.265333,127.9956391,10
36.100619,127.6461606,17
36.14780515,127.8231274,24
36.223984,128.0255776,18
36.14077168,127.913864,12
36.22462242,127.683417,18
36.11286075,127.660199,21
36.210065,127.8819994,10
36.275235,127.841283,240
36.10968228,127.6808147,30
36.258901,127.840538,13
36.16903095,127.7871225,50
36.164515,127.623615,208
36.23674925,127.7204023,100
36.1721811601,127.7863625074,169
36.16883138,127.7890651,34
36.098071,127.683863,30
36.21299598,127.9954462,40
36.23097578,127.903708,60
36.17460948,127.7746234,423
36.17301888,127.7828444,33
36.2593552,127.8284543,53
36.17920937,127.7783595,12
36.1743569237,127.777359308,146
36.17424464,127.7882587,30
36.17080663,127.7850545,123
36.17710978,127.775669,8
36.17282855,127.7916977,22
36.17167013,127.7846198,20
36.17227491,127.7821057,26
36.17394561,127.7785821,25
36.17642833,127.7802896,27
36.16949301,127.7884058,27
36.17201482,127.7853706,161
36.1734306774,127.773018637,20
36.17306958,127.7794533,151
36.17479934,127.7782443,16
36.15803583,127.6948142,5
38.2069724049,127.2129952956,31
38.1447067167,127.3070255,95
38.14752166,127.3143374,46
38.2102178,127.2198747,36
38.20524092,127.2193638,25
38.14831906,127.3011995,82
38.23779489,127.4695784,25
38.24411113,127.445038,14
38.16567256,127.4121891,58
38.24142453,127.4417407,41
38.23947243,127.4371196,43
38.243206,127.4375705,40
38.23871247,127.4396574,13
38.24161958,127.442247,11
38.23773384,127.4394857,96
38.23855842,127.4393168318,52
38.23755036,127.436828,26
38.20400652,127.217124,14
38.20683404,127.2171969,49
38.20137606,127.2239736,104
38.20676651,127.2097982,22
38.20691194,127.2150255,66
38.208027,127.2210697,114
38.20899292,127.219913,86
38.2072111591,127.2205488919,60
38.20750458,127.218245,20
38.14834545,127.3134344,11
38.18572879,127.3205873,39
38.147325,127.3064452,63
38.1843936,127.3196908,17
38.14610892,127.310366,57
38.14396841,127.3100413,109
38.14586414,127.312637,52
38.211623,127.217122,18
38.209631,127.2100814,14
38.21310687,127.209874,43
38.213263,127.214373,18
38.215015,127.213469,30
38.20812263,127.2093084,29
38.210948,127.217953,23
38.210533,127.215048,43
38.21147723,127.214293,16
37.13820041,128.8375561,16
37.09631131,128.6066208,5
37.08145772,128.6019318,32
37.07949201,128.601731,56
37.25498805,128.454719,6
37.25501495,128.4517791,5
37.27010363,128.267523,17
37.26928789,128.2670682,36
37.28348115,128.2602569,106
37.2426154,128.2443031,30
37.27083368,128.266742,45
37.181377,128.3244891,30
37.22238625,128.3467513,60
37.22256105,128.3468696,226
37.23615174,128.3276077,27
37.17789678,128.3164053,34
37.17770663,128.3268195,25
37.1740771,128.3284904,18
37.2243296,128.389615,8
37.27120569,128.2669279,19
37.27212289,128.266641,26
37.271265,128.2666015,20
37.18453763,128.4699975,30
37.18276535,128.4809622,132
37.18247344,128.5055057,7
37.18170907,128.4649246,32
37.18246775,128.4710195,18
37.18319969,128.4711151,25
37.18295306,128.472532,26
37.19797176,128.4555391,20
37.185852,128.469246,10
37.18612541,128.469814,8
37.1761521,128.4779256,7
37.17800862,128.4584446,40
37.18358366,128.4741244,41
37.18226931,128.470264,10
37.18313046,128.4698988,5
37.1826351,128.4690708,15
37.17448111,128.4749578,17
37.18856525,128.4655552,45
37.37339481,128.1891684,7
37.18464047,128.4704083,10
37.32701082,128.1900343,14
37.18108608,128.4782306,67
37.14350652,128.6792946,16
37.18149232,128.465935,56
37.1819277,128.4705632,74
37.18207773,128.4663751,56
37.184488,128.4654937,32
37.25455367,128.4556079,10
37.11516286,128.6039968,10
37.13024469,128.5357812,253
37.13117779,128.5352623,75
37.34197139,128.191933,6
37.27951179,128.2972657,18
37.29479315,128.3253673,8
37.28836828,128.3240736,15
37.19465325,128.4045345,5
37.19357857,128.4035758,4
37.19433005,128.4034718,5
37.19373923,128.4046082,5
37.19347492,128.404476,5
37.19399536,128.4037207,6
37.194538,128.4040137,4
37.32701082,128.1900343,5
37.365314,128.2718041,15
37.19434528,128.4030987,24
37.18574821,128.404278,7
37.253546,128.4575089,4
37.14802398,128.6608213,5
37.133321,128.8349573,8
37.14515209,128.8413869,25
37.18600068,128.4689262,2
37.18612541,128.4698168,6
37.18621331,128.4714232,5
37.22239601,128.5105574,15
37.1827001,128.4409659,57
37.1785033,128.4493522,45
37.1785033,128.4493522,151
37.18232752,128.4982046,30
37.18367617,128.4829904,10
37.1891755,128.4753952,4
37.186923,128.4691586,7
37.19461287,128.456431,4
37.1949185,128.4560697,8
37.17684012,128.4747346,15
37.17501993,128.4795068,6
37.17302677,128.4805476,8
37.17366355,128.4791867,12
37.18298899,128.4309876,26
37.19791945,128.4574845,72
37.19791945,128.4574845,36
37.17911333,128.458787,25
37.183956,128.4691588,6
37.18460889,128.4690908,10
37.185173,128.4715141,6
37.18946237,128.4694514,20
37.18946237,128.4694514,30
37.19059443,128.4711874,9
37.19059443,128.4711874,10
37.18362566,128.4730808,33
37.183206,128.4734279,38
37.18555076,128.4751665,9
37.18555076,128.4751665,18
37.18472502,128.4763738,7
37.18435417,128.461933,29
37.18205219,128.481959,110
37.18609549,128.4681825,102
37.18262834,128.4671158,26
37.18262834,128.4671158,42
37.17724226,128.4763305,8
37.1825957,128.4788192,23
37.18434393,128.4683918,29
37.18731949,128.4723615,18
37.17280062,128.4542814,40
37.17800862,128.4584446,41
37.17792528,128.4610625,32
37.17427054,128.4591706,176
37.18524692,128.4709887,43
37.17864935,128.4741711,59
37.18739471,128.4732172,12
37.18739471,128.4732172,6
37.18247488,128.4679901,16
37.27168848,128.5277174,59
37.23293309,128.5115565,215
37.188433,128.4739906,20
37.19561129,128.4563237,22
37.18221223,128.4641039,65
37.179205,128.4767899,20
37.19072194,128.4632057,29
37.1870749,128.4707856,13
37.18787618,128.4712245,5
37.18722062,128.4710194,13
37.18076855,128.3204814,40
37.2675348,128.2653126,21
37.18170907,128.4649246,46
37.17800862,128.4584446,16
37.18327211,128.4730454,12
37.18878054,128.4729318,85
37.177714,128.4600397,12
37.179592,128.4663478,16
37.14379937,128.6789733,4
37.18227111,128.4783339,46
37.18508453,128.4700622,19
37.18207773,128.4663751,9
37.18270642,128.4665762,31
37.18450203,128.4705137,14
37.1843421,128.4706455,10
37.18452297,128.466703,24
37.18439425,128.4659583,13
37.18452297,128.466703,17
37.18471539,128.4680799,17
37.18517719,128.467572,15
37.64892046,126.6950463,26
37.65204796,126.6288768,35
37.6417667,126.676615,205
37.60808725,126.7253397,42
37.65333015,126.6842814,424
37.62259288,126.7221322,177
37.64441577,126.6244463,105
37.59268384,126.7653148,108
37.68887488,126.6012219,53
37.61000754,126.7334902,99
37.63428142,126.645122,32
37.63855822,126.6453578,54
37.65686268,126.6250032,44
37.60502496,126.592881,91
37.64171447,126.6587441,309
37.64512147,126.6223749,45
37.6371215,126.6767441,54
37.63984166,126.6803695,104
37.60315577,126.7690194,16
37.64376317,126.6725146,82
37.62287695,126.7209726,21
37.62141149,126.7213871,19
37.62001685,126.7185763,20
37.61979952,126.7175512,23
37.62123498,126.715419,32
37.62101615,126.7159507,38
37.62199859,126.714572,57
37.6936634,126.6003751,196
37.64528012,126.6680375,50
37.64550966,126.6690519,76
37.62349151,126.7129712,39
37.60067559,126.7726398,58
37.62744531,126.7117539,157
37.62834258,126.7027057,70
37.6202343,126.7161459,163
37.61856089,126.7212102,94
37.64928071,126.5830375,86
37.60386113,126.7670516,9
37.60387998,126.7723072,165
37.60068067,126.7854127,270
37.59164146,126.7934664,319
37.64518933,126.6693993,47
37.64328012,126.6732988,110
37.64411536,126.667718,42
37.62016481,126.7179937,61
37.62093554,126.7162165,96
37.62199859,126.714572,78
37.64518933,126.6693993,47
37.59903325,126.7716423,17
37.65335144,126.6296325,35
37.50179376,127.0933314,166
37.52515748,127.109524,309
37.48594949,127.1238939,290
37.49228385,127.1503534,123
37.53610381,127.1159657,80
37.53523736,127.1201544,46
37.50702452,127.1133413,82
37.50024821,127.0958792,196
37.50024799,127.1548402,141
37.4960533,127.149782,47
37.49427949,127.1562576,114
37.4952871,127.1555585,215
37.5091148,127.0863248,9
37.50595877,127.1077074,40
37.49543459,127.1173449,29
37.48811167,127.1247612,68
37.49000803,127.1237652,38
37.50880282,127.1351487,39
37.51541561,127.1180314,83
37.51080658,127.080061,48
37.51636905,127.1035105,64
37.54707799,127.090118,81
37.5529341,127.0928443,90
37.56991861,127.0846836,162
37.53915358,127.0913608,159
37.53826965,127.0878657,172
37.54769328,127.0732156,33
37.55404255,127.0802429,77
37.53864952,127.0681734,83
37.52953686,127.0782846,281
37.54529787,127.0711809,44
35.83295639,129.2128046,181
35.859396,129.2250624,240
35.84396049,129.2067453,30
35.83903462,129.2026723,15
35.84243213,129.203246,25
35.84218457,129.2140346,209
35.85619791,129.2247236,112
35.84539316,129.2163119,221
35.8000765,129.1406698,566
35.8421203,129.2167317,78
35.8296328,129.2146954,10
35.83045315,129.2140531,19
35.83158756,129.2138605,22
35.83289534,129.2140287,24
35.83324181,129.2105587,12
35.83344891,129.2147149,29
35.83457677,129.2154123,20
35.83574219,129.2174873,25
35.84383404,129.2103796,198
35.83599416,129.2199391,34
35.83394198,129.2246514,46
35.8661885,129.2136638,26
35.85639493,129.2257325,16
35.8394702,129.2030005,17
35.84078553,129.2166321,15
35.84063541,129.2177308,12
35.84523352,129.2100315,13
35.8469026,129.2114033,11
35.84488008,129.2114151,10
35.84648643,129.2111231,24
35.84425423,129.2127105,20
35.84285454,129.2154009,15
35.84406722,129.2154359,20
35.84197489,129.2106927,14
35.84345076,129.2099703,22
35.84345201,129.2109014,14
35.84297468,129.2164187,17
35.84493202,129.2048943,24
35.84452294,129.2054048,24
35.84705097,129.2157954,8
35.84640931,129.2141402,9
35.83018496,129.2298859,264
35.8378194,129.2185548,496
35.830333512,129.2127050176,69
35.83515786,129.2109912,34
35.8374083,129.2099537,14
35.84069271,129.2129137,95
35.84399383,129.2048564,63
37.3881431,126.6455531,1157
34.894008,128.6921455,145
34.89069556,128.622781,283
34.89579009,128.625682,81
34.89279955,128.6252712,47
34.8939372,128.627812,52
34.89704763,128.6262062,78
34.8878359,128.6268933,34
34.89099901,128.611449,21
34.8919341,128.6956551,52
34.866717,128.6883909,34
34.88779365,128.6228196,16
34.88792506,128.6215199,15
34.88881006,128.6223573,16
34.888728,128.6210854,19
34.88987544,128.6248884,9
34.88704073,128.6262181,27
34.88562338,128.6268852,22
34.88463102,128.6273674,9
34.8768591,128.629206,32
34.87854667,128.6285273,19
34.88031038,128.627416,9
34.88506632,128.6249437,20
34.89212988,128.6165294,11
34.89091195,128.6119173,15
34.89099309,128.611449,11
34.89099672,128.6097135,20
34.89255743,128.6063346,22
34.89156244,128.6952595,23
34.89061452,128.6949439,18
34.8928831,128.695003,14
34.89045295,128.6941015,17
34.88975213,128.6942309,19
34.88940946,128.6938358,32
34.89093492,128.6914311,11
34.89339111,128.6908759,21
34.8933971,128.6915009,15
34.893995,128.691392,11
34.89077092,128.6221849,100
35.25003218,128.9075595,98
35.30828015,128.7311207,52
35.34172466,128.8464984,20
35.3130458,128.9068611,4
35.30778483,128.9308424,16
35.37373389,128.8191547,102
35.251633,128.8937494,402
35.251633,128.8937494,298
35.21318991,128.8316549,264
35.22646166,128.8900468,452
35.28683767,128.7909331,45
35.22221559,128.8721992,36
35.34718754,128.855235,136
35.19841798,128.8127914,45
35.19794772,128.8143571,26
35.18419127,128.7736282,84
35.23649647,128.9944068,19
35.24004092,128.8590032,45
35.24044093,128.8606267,24
35.23924732,128.859654,18
35.23821892,128.8776746,27
35.23750211,128.854712,5
35.24806867,128.9099618,10
35.24532522,128.9127769,10
35.23048839,128.8787082,16
35.23434175,128.8756187,6
35.22901604,128.8778904,30
35.31350606,128.7701594,64
35.21865078,128.8764234,20
35.23922157,128.8739243,42
35.31424107,128.7698297,55
35.23505261,128.8757912,54
35.32799855,128.8480561,25
35.29389088,128.7378306,90
35.24266285,128.8778771,48
35.23191485,128.8746698,113
35.24411045,128.8796795,9
35.23228367,128.8647514,18
35.31349654,128.7301971,94
35.23133621,128.884122,53
35.23773673,128.8632121,86
35.2332941,128.8845612,17
35.20234932,128.8083408,60
35.172083,128.8134399,79
35.1749045,128.8148294,34
35.26214192,128.8692252,58
35.18221235,128.7679044,39
35.30355319,128.7304017,31
35.24755479,128.9050581,80
35.30261082,128.7328727,104
35.17633641,128.8056108,67
35.22864105,128.8798747,14
35.22881542,128.8796512,8
35.22911643,128.8801984,22
35.20395032,128.814472,62
35.22553773,128.7330237,10
35.17751901,128.7856609,16
35.17454367,128.8008923,7
35.32191897,128.8574093,80
35.24504225,128.8705038,186
35.23619762,128.8657508,116
35.26272738,128.8680336,16
35.23281504,128.8810405,24
35.23479389,128.8679221,32
35.3024286,128.7328492,42
35.20083033,128.8146385,80
35.23547604,128.8842743,185
35.19432639,128.8033606,38
35.17423883,128.8146252,20
35.23537717,128.8819801,31
35.25018701,128.9087548,101
35.22752124,128.9009546,111
35.22518539,128.885264,244
35.21385971,128.8466813,64
35.32286708,128.8003662,14
35.30254221,128.7304642,22
35.24867851,128.7489238,22
35.17958106,128.805675,19
35.20165359,128.7979761,73
35.26938206,128.9101012,124
35.22218999,128.927062,41
35.23583655,128.8734348,85
35.2126379,128.8319677,179
35.18929012,128.8669036,61
35.32500383,128.8003982,53
35.32525486,128.8032164,23
35.3203629,128.802827,10
35.2678364,128.7699393,97
35.26034263,128.7704287,150
35.27068502,128.7749727,122
35.2612894,128.7734272,75
35.20894913,128.8503924,26
35.31237762,128.7167405,30
35.32077874,128.7589598,30
35.30482178,128.7140567,55
35.22623733,128.9222544,63
35.23537493,128.920949,30
35.23610105,128.8307135,11
35.23610454,128.8143105,6
35.20569939,128.8091406,60
35.22430178,128.9107725,6
35.26827752,128.7129031,15
34.953366,127.5192805,62
34.9545775,127.520339,43
34.95306217,127.5250965,68
34.95245213,127.4858482,52
34.95449469,127.4866486,84
34.9703264,127.5235736,136
34.970243,127.5248225,135
34.95499347,127.5326513,67
34.9514276,127.5172456,81
34.9514276,127.5172456,19
34.95193299,127.518246,17
34.95193299,127.518246,25
34.95193299,127.518246,27
34.95193299,127.518246,19
34.94754855,127.5150886,12
34.95239204,127.521408,42
34.9507529,127.5196414,12
34.9507529,127.5196414,20
34.9507529,127.5196414,17
34.95193299,127.518246,10
34.95106144,127.5159748,13
34.95569098,127.4863504,18
34.95565214,127.4863504,13
34.95741319,127.4844268,10
34.95708778,127.4837775,8
34.94610207,127.498464,21
37.945971,128.78336,56
38.077166,128.445526,17
38.01871,128.72381,35
38.022596,128.722884,36
37.992481,128.74307,15
38.021323,128.725643,43
38.021112,128.725984,358
38.023082,128.724902,35
38.022049,128.735245,34
37.993244,128.742384,64
38.028174,128.715905,129
37.994605,128.741223,6
38.075333,128.62028,11
38.005374,128.729785,49
38.007649,128.730375,33
38.005896,128.73069,84
37.970418,128.762868,113
37.969075,128.758738,110
37.968906,128.759725,19
37.939725,128.788319,47
37.976077,128.758718,45
37.967925,128.761927,123
37.973039,128.759145,36
37.922942,128.80193,77
37.974378,128.758928,67
37.977502,128.759181,21
37.97345,128.759602,86
37.98169,128.756447,50
37.977928,128.759352,123
37.944448,128.785881,22
37.949311,128.77788,155
38.076359,128.624353,63
38.076189,128.623114,12
38.086271,128.6355,362
38.078955,128.618191,42
38.075401,128.611109,20
38.072975,128.621613,6
38.073593,128.630975,80
38.072983,128.61761,8
38.074495,128.619029,182
38.076333,128.621297,7
38.080235,128.617152,218
38.080235,128.617152,127
38.075304,128.625062,150
38.080663,128.624018,50
38.07439,128.624517,10
38.080801,128.61999,27
38.078955,128.618191,26
38.073847,128.61675,40
38.075509,128.618956,100
38.077872,128.627402,39
38.076394,128.626755,72
38.070639,128.616608,56
38.073621,128.621183,111
38.073124,128.624212,122
38.073124,128.624212,88
38.073965,128.623829,16
38.101223,128.639359,24
38.077893,128.626749,13
38.072896,128.621748,32
38.076394,128.626755,45
38.054007,128.621446,35
38.069923,128.617646,111
38.113369,128.635367,90
38.113594,128.637091,80
38.111448,128.637595,20
38.112665,128.636805,70
38.079006,128.623947,14
38.049224,128.614707,25
38.090043,128.665187,27
38.086127,128.66053,34
38.089858,128.66427,46
38.062168,128.655565,148
38.058056,128.66173,452
38.05223,128.622171,7
38.080889,128.672836,63
38.080289,128.673398,132
38.076899,128.675195,86
38.060206,128.641686,62
38.053288,128.622114,12
38.053288,128.622114,16
38.08077,128.67005,14
38.056034,128.684829,83
38.066434,128.585247,8
38.077009,128.465489,46
38.07809,128.452705,470
38.071515,128.585258,21
38.071327,128.586582,37
38.13778,128.616437,75
38.142079,128.607162,19
38.13009,128.622731,173
38.15725,128.609777,63
38.153748,128.606331,29
38.152408,128.606458,23
38.153746,128.608004,109
38.123077,128.632265,33
38.116789,128.631792,145
38.118822,128.62979,112
38.119619,128.631709,128
38.118608,128.628015,58
38.12171,128.630665,40
38.117879,128.632554,100
38.149925,128.607618,13
37.481408,126.85746,176
37.48353,126.863234,104
37.43697123,126.8775002,46
37.47491374,126.8689132,18
37.49455394,126.8684859,48
37.49455394,126.8684859,16
37.49455394,126.8684859,22
37.45388805,126.862288,8
37.478556,126.864741,367
37.4742667,126.8505366,39
37.4775167,126.8506449,4
37.479586,126.861984,4
37.47854302,126.8591727,11
37.432091,126.878169,162
37.44723629,126.8840264,52
37.44709735,126.8828058,85
37.44848362,126.8844223,27
37.48679879,126.8656473,170
37.47921001,126.8515364,30
37.46232,126.87935,25
37.48719746,126.8591668,122
37.47665418,126.8692032,78
37.45781224,126.8773035,25
37.46215872,126.8818538,103
37.46355927,126.8805982,91
37.47687565,126.8671731,55
37.4750458,126.8675952,68
37.4749603,126.8706794,124
35.08429018,129.0227413,44
35.11864534,129.0135839,20
35.08407811,129.0161998,54
35.06379407,129.0205153,320
35.09439676,129.0238831,12
35.08369899,129.0211272,149
35.10334257,129.0177433,30
35.10249017,129.0167617,56
35.091305,129.0211395,101
35.09877555,129.0155897,75
35.09916475,129.0136227,62
35.10443625,129.0094865,65
35.12709753,129.0077639,124
35.10674959,129.0125065,81
35.11450349,129.0241822,99
35.11160047,129.0251193,101
35.07374199,129.0157119,49
35.092783,129.0249253,68
35.08537635,129.0264553,52
35.07181961,129.0071921,23
35.07181961,129.0071921,82
35.07754461,129.0246254,33
35.09594124,129.0261031,8
35.08086932,129.0249644,49
35.09296243,129.018806,36
35.12769905,129.0071508,22
35.11811565,129.0119306,12
35.12113658,129.015146,19
35.11198516,129.024565,15
35.08483806,129.025797,13
35.08060134,129.0243117,46
35.07219403,129.0164542,50
35.07549432,129.0161189,28
35.07247828,129.0169719,31
35.076124,129.0227267,30
35.08483806,129.025797,14
35.08663694,129.0256069,11
35.09097518,129.0250696,14
35.09999115,129.0239548,13
35.10070591,129.0197881,12
35.10142254,129.0187487,11
35.10541463,129.0210272,15
35.11168679,129.020888,11
37.6246457,126.9236294,49
37.5922795,126.9073582,110
37.6263689,126.9272413,33
37.6409732,126.9422053,163
37.6052902,126.9345554,143
37.5934569,126.9153621,160
37.595595,126.9071842,106
37.6235198,126.9242649,137
37.6110469,126.9072893,77
37.5938136,126.9231067,80
37.6236277,126.923891,152
37.5803973,126.8987805,111
36.78108455,127.0243472,59
36.7809997,127.0117274,59
36.77647201,126.9818057,346
36.773831,127.0536369,57
36.79025506,127.0019107,792
36.7923591,127.0871578,27
36.78829451,127.0858134,165
36.79698364,127.0628575,196
36.79596986,127.1029916,20
36.79538751,127.1059616,87
36.78404214,127.0016246,179
36.78046828,127.0034511,97
36.78046828,127.0034511,12
36.78046828,127.0034511,19
36.78046828,127.0034511,78
36.78373862,127.0034519,22
36.7836217,127.0045063,173
36.83849933,126.9726365,29
36.771933,127.0669931,97
36.923029,127.0624898,165
36.78050719,127.0920715,55
36.77457352,127.0631815,59
36.77537971,127.0561792,175
36.77592055,127.0535933,164
36.775724,127.010788,84
36.778121,127.0088917,83
36.78417858,127.0130422,63
36.78404307,127.0010969,7
36.94133065,126.784198,160
36.80892699,126.7753601,89
36.901491,126.630121,109
36.88675477,126.6312214,140
36.90234577,126.6454357,203
36.89371723,126.6292452,30
36.89612609,126.6319899,39
36.89474017,126.6320075,47
36.89158324,126.6297295,72
36.88941914,126.6288239,217
35.22168283,128.687421,345
35.21880875,128.681855,55
35.21935126,128.6805329,36
35.22369129,128.6840569,97
35.2228778,128.685714,28
35.23103951,128.6807104,77
35.23103951,128.6807104,18
35.23513501,128.670086,28
35.2576577637,128.636832,26
35.2055690927,128.5763465575,121
35.202492,128.5747025028,108
35.2037617209,128.5789559859,222
35.213377,128.5746052138,50
35.2052282971,128.573552,69
35.206326,128.5771345454,74
35.20917384,128.576078,15
35.21002686,128.574293,31
35.20527992,128.5651002,29
35.20905893,128.5782191,89
35.20937161,128.5789888,54
35.216395,128.5705685,18
35.1826414,128.5643668,26
35.19708842,128.5663771,43
35.20163119,128.576451,81
35.2082843082,128.6977984501,95
35.23509,128.6704493455,54
35.238692,128.656311,915
35.227523,128.679425937,30
35.22215452,128.6808878,418
35.150675,128.664191,153
35.15274704,128.705155,141
35.10010297,128.717721,172
35.14967775,128.666485,41
35.10025913,128.814341,276
35.15275821,128.662349,25
35.1516516999,128.6638208227,85
35.232753,128.56017,28
35.2372866924,128.584737,33
35.236577,128.578737,56
35.24523291,128.5903117,25
35.22048777,128.5711874,30
35.23096196,128.575559,24
35.23325055,128.5035397,97
35.23368624,128.5788827,143
35.2018166435,128.5789096557,79
35.219583,128.583303,30
35.218562,128.582857,26
35.203288,128.574732,19
35.2657577768,128.621469,22
35.245803563,128.671682,16
35.247992,128.644336,38
35.249761,128.646251,59
35.2611987358,128.639698674,26
35.25796192,128.636593,28
35.23703312,128.6402811,507
35.23630741,128.6432862,59
35.23464702,128.642875,242
35.25539928,128.607405,11
35.23956529,128.703214,139
35.24729518,128.6706944,97
35.2618139726,128.6393806964,17
35.24729946,128.508067,113
35.22804806,128.5847785,105
35.20411943,128.5707106,30
35.208948,128.5831715,59
35.22036586,128.587451,135
35.2170925911,128.6808027135,36
35.2182045225,128.667776851,18
35.22834248,128.6767084,26
35.22883992,128.676822,197
35.22939072,128.6796072,21
35.22842105,128.680598,9
35.22067893,128.6784306,103
35.22393667,128.7026932,244
35.22968854,128.6798023,73
35.2079495,128.7070011,181
35.21781642,128.669381,34
35.23422168,128.687828,112
35.23145087,128.687549,128
35.2266404768,128.683083101,74
35.22794544,128.6833319,35
35.22932857,128.6808025,8
35.22932857,128.6808025,37
35.22932857,128.6808025,38
35.18881379,128.6932528,39
35.21849564,128.67707,37
35.23635893,128.643152,34
35.25919324,128.6114674,76
35.24202052,128.649623,30
35.24318367,128.6496194,30
37.78047078,127.0135435,20
37.81621092,126.985946,33
37.8313784,127.0686174,47
37.71612898,126.978424,202
37.86195532,127.0249236,12
37.79400986,127.0795064,202
37.9107064,126.9998544,10
37.824156,127.0491613,38
37.821074,127.092801,36
37.821482,127.0934763,169
37.79378393,127.0884571,17
37.81649,127.09873,28
37.78654451,126.9912131,47
37.71707,126.9778108,24
37.81877296,127.0566534,45
37.815575,127.096595,57
37.784446,126.985785,10
37.83759796,127.0743131,93
37.8194375,127.0474945,29
37.82086645,127.0933878,170
37.86129282,127.060939,24
37.81928059,127.0933904,202
37.83228935,127.0527888,18
37.79577415,127.079724,119
37.85159601,127.0153711,10
37.81693874,127.1040223,50
37.86078282,126.9839046,12
37.79955008,126.9990809,30
37.84428399,127.0619697,89
37.84064913,127.0648174,63
37.82092323,126.9747509,10
37.84297075,127.0628316,18
37.84297075,127.0628316,58
37.83572982,127.0626233,26
37.87018427,127.0165433,11
37.83671525,127.0680156,67
37.84297075,127.0628316,30
37.71922861,126.9751393,30
37.71515365,126.9807511,156
37.8236869,126.9855425,29
37.84549338,127.061715,68
37.83936718,127.064104,10
37.77519938,126.9588197,72
37.77742273,126.9520382,44
37.77725237,126.9350312,149
37.82395024,127.0983295,43
37.80180464,127.0009811,9
37.82111915,127.047693,145
37.84066052,127.0618772,133
37.79359087,127.0768538,145
37.85467455,127.0610092,26
37.822238,127.0990697,25
37.825794,127.0980524,34
37.83755029,127.0899336,131
37.81837766,127.0548135,78
37.81953826,127.056579,57
37.819301,127.057776,90
37.79925028,127.0771351,120
37.78828469,127.0804411,209
37.79129711,127.080442,28
37.8413611,127.0620371,26
37.82661788,126.9821732,7
37.81926017,126.9780208,18
37.82027506,126.9823249,30
37.82119856,126.9865045,32
37.8227193,126.984015,28
37.76690097,127.0441809,78
37.78892215,127.0814186,19
37.79916162,127.0829477,18
37.83215732,127.0733234,26
37.83492943,127.073812,35
37.82076207,126.9873475,15
37.81820667,127.0488859,33
37.82382212,126.9827037,74
37.84453247,127.0657369,35
37.82182513,126.9867859,74
37.73575851,126.950832,39
37.73594394,126.9513222,55
37.73154868,126.9494972,18
37.73106211,126.9496205,118
37.72995063,126.949159,74
37.85759605,126.947711,6
37.83951822,127.0633407,27
37.83849829,127.0647607,14
37.88978081,126.9758388,62
37.84343708,127.0642274,14
37.8372577,127.064005,34
37.84238905,127.0643224,39
37.73641716,126.9513804,20
34.93989504,127.8749647,157
34.72331334,127.9811143,128
34.72255623,127.9881147,350
34.79580002,128.0499545,57
34.79419594,128.0508291,94
34.70472766,128.0265317,33
34.7234311,128.0248128,182
34.72714846,128.0264315,79
34.8374164,127.8917679,4
34.8419473,127.8922227,4
34.8366345298,127.8891478,5
34.8405284,127.891681,5
34.8412162583,127.8902922,23
34.7717925,127.8869289,21
34.8063611872,127.8385747633,363
34.8026779,128.029795,249
34.8002925501,128.0379514,91
34.8016623,128.0379222107,130
34.705414,128.024721044,50
34.917265777,128.0284796092,182
34.84096232,127.8979757,224
34.91666214,128.0303413,130
34.85809234,128.0134858,73
34.77843883,127.9433101,20
34.79842859,127.9544864,29
34.71277134,128.0446612,109
34.71203221,128.0459923,52
34.91252187,127.8578101,72
34.89701834,127.8728264,12
34.89573715,127.8733019,52
34.76717298,127.9050425,100
34.76172793,127.904052,25
34.73722821,127.8576886,10
34.74513051,127.8549628,37
34.74264669,127.8568309,40
34.83464722,127.892329,195
34.87245374,128.009355,20
34.72954079,127.8956357,27
34.76037984,127.9033965,19
34.72993103,127.8678164,22
34.77089129,127.8889632,73
34.86808032,127.8649277,15
34.76362227,128.0122825,30
34.83238752,128.0012809,13
34.8325509,128.0001578,46
34.83275199,127.9927782,48
34.86545156,127.8649842,55
34.85768033,128.012782,73
34.72797292,127.8911214,33
34.77340326,127.8867174,70
34.83769481,127.8918762,24
34.8411541,127.8930155,23
34.83856644,127.8864812,36
34.84179084,127.8984844,10
34.84285406,127.8941656,31
34.83677681,127.8932456,10
34.83836405,127.8909021,18
34.83868894,127.8918385,27
34.83763567,127.8849426,69
34.84105344,127.8936596,16
34.83799862,127.895683,16
34.83934308,127.8939838,78
35.5037326,126.5875773,1156
35.4444492,126.4367286,84
35.5374755,126.6103327,11
35.4324963,126.7016293,56
35.4433668,126.6946869,69
35.4340268,126.7121936,42
35.5175683,126.4840141,91
35.4491362,126.4276211,95
35.4499259,126.4275249,71
35.45946148,126.5413813,50
35.36476975,126.6467138,17
35.52144672,126.700535,37
35.5199135,126.7000285,15
35.52014743,126.7023301,25
35.5376991,126.7430532,9
35.42745863,126.695376,30
35.43559889,126.6975164,35
35.4365289,126.6988748,20
35.43291596,126.7052478,17
35.433876,126.6974876,47
35.4403909,126.7113632,110
35.4351047,126.696503,64
35.4334865,126.699571,22
35.4354761,126.7008728,258
35.4245691,126.7037563,50
35.4163453,126.558518,32
35.37840926,126.512804,63
35.43601321,126.7002567,120
35.43445914,126.7030542,56
35.43249149,126.6987672,53
35.4326409,126.6979028,42
35.42985405,126.6997039,30
35.43583191,126.7131498,52
35.43407829,126.7136349,26
35.4340268,126.7121936,42
35.4393866,126.6990768,109
35.43291596,126.7052478,158
35.37522593,127.1419134,6
35.43230016,126.9305504,20
35.3732915,127.1341848,16
35.36612624,127.1448596,76
35.37445604,127.1373693,44
35.50060472,127.0030811,9
35.37338961,127.1449924,26
35.37722713,127.1417176,17
35.37506354,127.1450825,24
35.37687218,127.1400014,24
35.37721956,127.143211,11
35.3694347,127.1458735,6
35.37416042,127.1404985,20
35.3354213,127.0878821,19
35.37313648,127.1405276,13
35.37237526,127.1440124,18
35.37791081,127.1402118,7
35.37353498,127.1422746,28
35.3746819,127.1364253,16
35.37050351,127.1463081,18
35.37529586,127.13545,39
35.39085857,127.0979642,13
35.3779662,127.1405857,17
35.37221522,127.1468248,67
35.33661786,127.1388731,30
35.3714265,127.1422764,15
35.37501778,127.1441492,22
35.3728108,127.144608,24
35.37633973,127.1481221,76
35.37762479,127.1468391,12
35.37446584,127.1413794,10
35.37717984,127.1389542,11
35.37279371,127.1407559,34
35.3706725,127.1448897,30
35.37181877,127.1450723,53
35.37808448,127.1453344,70
35.8935524,127.3127219,28
35.64895868,127.1152532,50
35.904355,127.1591492,18
35.9042061,127.1658504,54
35.9033268,127.1662861,27
35.9017211,127.1640562,28
35.9010352,127.1618374,21
35.90174906,127.162171,41
35.9027245,127.1584531,18
35.9256393,127.1211574,25
35.9235907,127.123905,83
35.9212475,127.1239069,61
35.9192425,127.1191838,27
35.9196687,127.1164644,30
35.92162972,127.1129382,30
35.9608128,127.1274749,31
35.8364652,127.0565526,60
35.9123668,127.0758587,260
35.820721,127.0247731,78
35.7294371,127.1092752,500
35.88349329,127.1568398,22
35.7417434,127.2065397,90
35.7681863,127.2104327,22
35.7704925,127.2086583,39
35.7730769,127.2071128,60
35.9748379,127.2064897,56
35.9871272,127.1130098,72
35.9366347,127.1650642,131
35.951971,127.1801887,18
35.9609127,127.1284052,81
35.938117,127.1675007,45
35.9100282,127.0728122,150
35.9146834,127.069087,70
35.91480584,127.0707739,39
35.91178012,127.0712835,95
35.8371903,127.056919,29
35.9613836,127.1273355,22
35.98628238,126.6949149,24
35.99398546,126.7047421,27
35.97270667,126.6922708,46
35.969262,126.698422,45
35.96832625,126.700639,21
35.95786821,126.6576242,13
35.952687,126.692481,77
35.94620043,126.687844,53
35.962769,126.7046145,127
35.970074,126.7009152,29
35.99152494,126.7481475,34
35.976853,126.7279835,171
35.975667,126.730045,19
35.980464,126.7210008,89
35.9740857,126.723033,15
35.977803,126.715208,14
35.981377,126.7194994,19
35.978961,126.721166,19
35.919425,126.7486067,44
35.936376,126.777351,25
35.99251418,126.704991,71
35.986673,126.6965963,24
35.99340005,126.7043161,140
35.989094,126.709658,260
35.982291,126.7097425,6
35.981137,126.7097397,20
35.974965,126.7073542,136
35.97973319,126.7053984,181
35.965462,126.713734,20
35.9661267,126.716772,210
35.963135,126.716089,32
35.967179,126.716721,60
35.966263,126.716115,24
35.96473237,126.7201807,22
35.96932149,126.7201911,22
35.96165857,126.7145734,190
35.97008966,126.714206,64
35.95972471,126.7161375,65
35.978734,126.6818425,45
35.978089,126.631423,101
35.978969,126.710066,69
35.976714,126.709881,69
35.990273,126.711158,83
35.982169,126.711001,20
35.980467,126.711129,16
35.979623,126.7122955,10
35.980735,126.711779,20
35.982552,126.7105463,52
35.98149962,126.713518,31
35.968487,126.736368,75
35.969263,126.737287,161
35.97432494,126.740976,33
35.965255,126.737539,20
35.9687007,126.735766,25
35.968632,126.735523,54
35.9730539,126.7366933,40
35.969543,126.7382083,14
35.97344609,126.7379982,17
35.97372557,126.729111,38
35.981742,126.745605,24
35.98247594,126.8506204,70
35.958748,126.870668,33
35.969964,126.8730525,15
35.96945586,126.874452,16
35.970549,126.874891,6
35.98411691,126.714395,18
35.98573042,126.7137682,75
35.989019,126.717788,337
35.98483359,126.7066347,15
35.992953,126.704727,112
35.98651024,126.703845,5
35.98721644,126.7036998,14
35.9864292,126.7046043,33
35.987538,126.704904,18
35.99376932,126.7062733,11
35.989379,126.707624,61
35.98292359,126.718935,19
35.984343,126.7187542,27
35.98317196,126.7203241,35
35.985692,126.720226,155
35.98748072,126.7206948,9
35.96918411,126.7418478,18
35.97530335,126.7417389,20
35.969844,126.7351645,24
35.979284,126.713465,45
35.980727,126.706756,32
35.9824897,126.707832,27
35.95161485,126.661718,43
35.945368,126.818521,50
35.945428,126.817324,28
35.945238,126.817227,17
36.030037,126.831939,49
35.948296,126.685947,33
35.942479,126.697747,25
35.958739,126.698711,70
35.95536227,126.6890748,240
35.952687,126.692481,110
35.964247,126.709707,20
35.966778,126.712094,87
35.972624,126.715468,30
35.97290549,126.718946,30
35.97290697,126.7242439,9
35.976247,126.628749,42
35.975857,126.680812,50
35.970871,126.684764,70
35.974149,126.6778917,67
35.97514553,126.6833116,47
35.97447609,126.6850926,60
35.97977859,126.6877147,60
35.989883,126.7852981,46
35.985866,126.817131,4
35.986776,126.8161963,27
36.01322873,126.7583512,480
35.98212191,126.8661803,10
35.97803635,126.708795,15
35.977669,126.7081985,40
35.975568,126.711486,22
35.977653,126.7125777,13
35.981233,126.714443,15
35.983291,126.713911,5
35.98480346,126.713564,15
35.920468,126.6325668,43
35.923762,126.6441108,20
35.925458,126.644263,16
35.929247,126.635821,9
35.929683,126.634539,8
35.92288645,126.685392,17
35.97980897,126.7010549,63
35.98022243,126.6991739,26
35.97933202,126.6963121,74
35.97865784,126.703496,2
35.97331288,126.7010583,38
35.973184,126.708564,37
35.976263,126.704855,19
35.968669,126.714436,20
35.961743,126.716499,57
35.961487,126.714552,71
35.96483456,126.717635,60
35.99871398,126.7534652,60
35.82459919,126.4161044,118
35.81311581,126.4131432,359
35.80762566,126.4142444,86
35.80212164,126.4371564,80
35.81120954,126.3990918,145
35.969749,126.7329215,56
35.97296566,126.7326535,171
35.98512506,126.708858,209
35.98676791,126.7104599,24
35.98772627,126.7117236,102
35.988493,126.7140909,85
35.919425,126.7486067,44
35.987474,126.7072947,76
35.986989,126.6950078,181
35.982673,126.726151,52
35.984343,126.7187542,22
35.98609105,126.7214848,79
35.965163,126.691089,22
35.963265,126.694668,60
35.987705,126.743525,42
36.00866118,126.7578896,213
35.97778664,126.751655,62
35.978632,126.733479,121
35.98012514,126.732688,120
35.97552692,126.728617,17
35.976078,126.7280158,27
35.981169,126.7288248,29
35.984182,126.736772,255
35.95365817,126.801283,30
35.953948,126.800403,30
35.95477542,126.8015501,14
35.962864,126.7511076,220
35.96278552,126.746035,170
35.976187,126.7230426,96
35.977701,126.720511,52
35.971243,126.7336394,16
36.192004,127.0885408,17
36.1939859,127.0884406,22
36.1953984,127.0815762,58
36.1609786,127.0146226,19
36.1286508,127.1030432,110
36.1990537,127.0896211,48
36.283594,127.127356,43
36.206653,127.0843151,72
36.1634155,127.0116521,32
36.1571153,127.0145923,77
36.2083423,127.0861804,51
36.2074555,127.0854965,33
36.2078761,127.0904519,29
36.2025395,127.0891125,60
36.1294656,127.0974775,14
36.1582821,127.0086895,244
36.194602,127.0897603,32
36.2051821,127.0905498,18
36.1647056,127.0130033,14
36.1858978,127.0990988,116
36.1965095,127.0890265,56
36.208373,127.0788114,216
36.1382591,127.2358598,32
36.1146437,127.0979912,32
36.2018106,127.0858126,36
36.1959175,127.0882217,35
36.1276275,127.0975319,7
36.2048882,127.0872451,10
36.1957552,127.0798479,11
36.1573258,127.0156892,36
36.1825919,127.1068753,23
36.1980832,127.1077334,410
36.1288902,127.0988617,101
36.1331488,127.1007913,29
36.2017815,127.094937,13
36.1557086,127.0125937,22
36.1560202,127.013458,26
36.2047376,127.0867099,4
36.10823,127.0990707,10
36.1547634,127.0138387,21
36.208456,127.092342,36
36.2023513,127.0952041,14
36.2009746,127.0922097,29
36.1245458,127.0981282,9
36.126565,127.0986026,12
36.1272561,127.0987235,13
36.1852348,127.0985735,8
36.1804562,127.1055318,8
36.2025442,127.0897351,52
36.126661,127.097825,5
36.1879744,127.1021444,7
36.185265,127.1001852,8
36.185476,127.0994824,60
36.2010122,127.0957467,20
36.2009297,127.094324,30
36.2106619,127.0856166,70
36.1299693,127.0994464,6
36.1789372,127.1060826,20
36.1803095,127.1051888,7
36.2000549,127.0918655,12
36.2017815,127.094937,13
36.1647056,127.0130477,14
36.2134148,127.185122,185
36.1611627,127.0184875,31
36.2095047,127.0914225,14
36.2000515,127.0819468,25
36.200059,127.0911888,58
36.1791025,127.1064921,20
36.1870216,127.1025027,15
36.1792401,127.1068129,17
36.2013174,127.0955316,21
36.2013883,127.0952749,13
36.1793962,127.1072113,18
36.2014327,127.0976876,17
36.2013024,127.0974445,17
36.2018756,127.0978493,23
36.1803957,127.1046654,28
36.1803645,127.1053216,9
36.2007727,127.0911858,27
36.2013864,127.0962847,46
36.1547634,127.0138387,21
36.1848338,127.1003791,12
36.2087976,127.0845359,8
36.2055977,127.081226,9
36.2065164,127.0821261,12
36.1993117,127.0925007,26
36.1555774,127.0151994,102
36.2005456,127.0810449,60
36.1304257,127.1021051,11
36.2049761,127.0876431,10
36.1773383,127.109361,42
36.1536609,127.0143424,36
36.1860889,127.0966402,52
36.1786635,127.1050068,138
36.2046265,127.0864422,15
36.2017961,127.0980726,22
36.1792873,127.1058981,43
36.1856985,127.0983681,14
36.1854163,127.0987382,27
36.1552,127.3096,36
36.201,127.0912,27
36.204,127.0346,25
36.1785,127.0941,10
36.204,127.0815,163
36.1971001,127.0795173,5
36.1973994,127.0797585,12
36.199295,127.0813264,7
36.1470774,127.0207528,7
36.2073955,127.08172,30
36.2136219,127.2000552,41
36.191852,127.0916599,26
36.2031402,127.087456,14
36.1120376,127.098059,15
36.204321,127.0821784,23
36.2087668,127.0965298,50
36.2049239,127.0903267,50
36.2142431,127.2061633,6
36.212941,127.2005866,60
36.2017722,127.0865749,11
36.1271887,127.099093,86
36.2037091,127.0887961,53
36.19821,127.0886869,16
36.2041182,127.0892941,7
36.2037611,127.0884899,14
36.1072807,127.0953311,27
36.2057101,127.0868166,25
36.2063829,127.0896463,30
36.1552659,127.0135657,22
36.2048681,127.090985,33
36.9096516701,127.5426416654,34
36.90868078,127.5403276,35
36.91000276,127.5413461,194
36.9261071664,127.5452173,34
37.108309,127.645867,15
37.014527,127.493804,20
37.015538,127.493322,13
36.96631539,127.484284,10
36.967073,127.486888,11
36.968569,127.488611,60
36.968372662,127.48532,150
36.9640430607,127.4971722433,50
36.9934910749,127.5890630545,113
37.117924,127.639397,62
37.116947,127.636438,54
37.032232,127.60498,72
37.019088,127.499993,60
37.020184,127.498478,24
37.019444,127.499678,189
36.9919045901,127.5954263574,498
36.9909188417,127.5902024279,224
36.9288002711,127.689901296,25
36.93823054,127.6901626,20
36.9379668107,127.6963445626,44
36.93893308,127.6913753,34
36.932088,127.690829,57
36.940531,127.688189,10
36.942023,127.688255,50
36.93651517,127.6910639,244
36.29494617,127.5792383,89
36.3033773,127.5680306,102
36.30805555,127.5630549,54
36.29650948,127.5722302,24
36.30392333,127.5711059,11
36.30116421,127.570709,4
36.29691929,127.5670839,42
36.3010066,127.5703536,49
36.30008357,127.5686086,23
36.30410469,127.5689992,43
36.30169995,127.565821,138
36.3442363,127.7956816,57
36.30197032,127.5690047,25
36.30169895,127.5658387,136
36.30125522,127.5669257,113
36.31608112,127.5785897,114
36.30161811,127.570116,160
36.30147767,127.5653903,25
36.30125522,127.5669257,25
36.30608229,127.5736803,36
36.30518291,127.5619457,136
37.002933,127.2244008,48
37.01167602,127.2694954,19
37.00307734,127.253496,28
37.00794972,127.2522755,39
37.00561589,127.1958497,9
36.99852677,127.1703808,32
36.99675263,127.1694986,48
36.999301,127.168714,201
37.00789048,127.2719562,87
37.00571917,127.2702675,74
37.00830239,127.2675126,54
36.99871514,127.1709107,7
37.01396571,127.262802,38
37.0144598,127.2653201,35
37.00373427,127.2659615,96
37.00060233,127.1715205,28
37.00610779,127.2776889,30
37.01421655,127.2741274,4
37.0149446,127.2697082,9
37.00552789,127.2758442,6
36.94268926,127.2585401,35
37.00979318,127.2656528,23
37.01428231,127.2618573,6
37.01204394,127.2258101,131
37.08581056,127.4579104,10
36.97350615,127.2671456,85
36.95820534,127.1983532,43
36.99765633,127.1686101,79
37.07447023,127.4237244,100
37.01392374,127.2631506,27
37.09432992,127.4778572,33
37.01417739,127.2031143,130
37.005244,127.2650484,81
37.00301261,127.2760998,100
37.01256301,127.2912582,18
37.01291423,127.2761804,55
36.99791041,127.3226237,40
36.980012,127.2547812,270
37.0026005,127.1717745,11
37.01485005,127.2540104,35
37.00041522,127.1699711,67
37.01379931,127.2617296,27
37.00769467,127.2606748,44
37.00914729,127.2644642,155
37.00963185,127.2766853,40
37.00964931,127.2766853,128
37.00533624,127.2795565,28
37.00533624,127.2795565,151
37.00587521,127.2675712,34
37.00740072,127.2686796,32
37.00659935,127.2692144,19
37.00985577,127.2699561,22
37.42335534,127.0097714,4
37.43119547,126.9885614,10
37.43200317,126.9902906,10
37.42950601,126.9890925,9
37.43318097,126.9910432,4
37.43746163,126.9996078,7
37.42284049,127.0085467,180
37.42449202,127.0077793,30
37.44726094,127.0228267,13
37.43134371,126.9879831,8
37.43169637,126.9902382,10
37.46301996,127.0337337,9
37.43826891,126.995981,8
37.43942099,126.9968923,12
37.42493899,126.9966672,12
37.42344357,127.008471,8
37.42199531,127.0109191,5
37.4376516,126.9996957,11
37.43835734,126.9989744,10
37.43707542,126.9965619,10
37.43892986,126.9974186,10
37.42365062,126.9966844,10
37.42351183,126.9962569,10
37.42559622,126.9955399,10
37.42892069,127.0050883,4
37.42284049,127.0085467,42
37.42465339,127.0098334,55
37.4250959,127.0099519,22
37.42514397,127.0103128,3
37.42559903,127.0097758,24
37.42292977,127.0106017,3
37.42440754,127.0106049,3
37.42379964,127.0101045,3
37.42410695,127.0091401,3
37.44992483,126.9976564,30
37.41669635,126.9821361,11
37.41830009,126.9852664,9
37.45224141,127.0280063,15
37.4570934,127.0307241,5
37.45816781,127.0342934,14
37.45951849,127.0330779,16
37.44796024,127.0223994,19
37.44649736,127.0231078,8
37.44667956,127.0222578,9
37.44691512,127.022413,28
37.45426948,127.0302858,13
37.46203796,127.0326499,8
37.44719624,126.9936015,40
37.41830478,126.9995799,9
37.41868531,127.0030318,8
37.41920108,127.0011496,5
37.41972477,126.999143,15
37.45605642,127.0013724,11
37.45864074,127.0011686,11
37.46012226,127.0005498,13
37.45257791,126.9928175,15
37.4500986,126.9958344,11
37.45235613,126.9932273,9
37.4473128,127.0106315,15
37.4484174,127.0101875,8
37.44857806,127.0100046,7
37.44909223,127.0111506,48
37.42939991,127.0052853,48
37.45586179,127.0299714,11
37.41657993,126.984318,22
37.42861834,126.9927766,22
37.42546273,126.9914969,47
37.42828683,126.9940578,81
37.4261226,126.9906859,36
37.42599223,126.9901905,44
37.42722928,126.9915523,41
37.42776528,126.9920649,19
37.42827395,126.9925439,17
37.43220374,126.9895083,33
37.44730696,126.9981546,19
37.44703726,126.9971637,7
37.44825717,126.9986392,9
37.45497002,127.0007652,17
37.45427752,127.0009213,34
37.45383863,127.0012323,55
37.43494761,126.9942851,6
37.42904441,126.990963,13
37.42904441,126.990963,19
37.43176771,126.9890961,96
37.428307,126.991002,15
37.428307,126.991002,22
37.428307,126.991002,24
37.42562545,126.9947373,8
37.42802516,126.9940161,17
37.42802516,126.9940161,17
37.42802516,126.9940161,17
37.42802516,126.9940161,17
37.42828058,126.9933234,7
37.42802516,126.9940161,10
37.42800712,126.9929542,8
37.44074114,127.0081301,154
37.44872138,127.0045326,144
37.45094086,127.0167322,38
37.4471622,126.992777,132
37.4471622,126.992777,164
37.44806654,127.005954,54
37.594412,126.697806,53
37.53947621,126.628871,28
37.59207648,126.6750262,79
37.59207648,126.6750262,110
37.53383976,126.627119,55
37.52195565,126.6765082,117
37.52195565,126.6765082,151
37.50332994,126.6749354,113
37.48615398,126.677881,18
37.5189583,126.6773643,77
37.478241,126.6874532,57
37.54697255,126.6723554,68
37.51188318,126.6713453,102
37.5873475,126.676071,39
37.59299251,126.6953696,47
37.5944651,126.675211,49
37.59431766,126.6735425,29
37.601591,126.662121,99
37.60196626,126.6616316,66
37.54606825,126.675941,346
37.5109009,126.6748921,26
37.501098,126.675313,23
37.5033995,126.6718196,77
37.544961,126.675341,10
37.4290651,126.663555,84
37.391226,126.652211,10
37.408772,126.6649537,47
37.423259,126.6573906,23
37.40721336,126.6718422,124
37.42215122,126.676739,16
37.424135,126.685974,96
37.41932876,126.677347,60
37.424224,126.646247,11
37.42924938,126.6490593,32
37.424114,126.657879,26
37.429322,126.661941,586
37.425836,126.683511,314
37.424227,126.644869,39
37.418305,126.650527,15
37.420646,126.653922,44
37.418449,126.653199,125
37.415099,126.679605,49
37.41803897,126.6509022,39
37.393805,126.645404,68
37.396523,126.646455,29
37.396918,126.646865,25
37.395373,126.648183,34
37.395726,126.648553,34
37.398059,126.650078,60
37.379901,126.637623,82
37.375934,126.645094,69
37.378758,126.643067,70
37.381351,126.640221,71
37.385323,126.643226,72
37.385129,126.649749,50
37.386388,126.651064,41
37.37971682,126.6450403,278
37.413431,126.686533,46
37.418616,126.678183,121
37.429218,126.654847,158
37.42663104,126.6778444,105
37.407783,126.671544,225
37.424023,126.695464,37
37.413199,126.678537,65
37.414036,126.680404,72
37.426079,126.682999,128
37.420334,126.653991,18
37.421309,126.652171,24
37.413068,126.678625,43
37.40574848,126.6586397,48
37.427141,126.664411,95
37.426324,126.662715,36
37.40389303,126.6423119,107
37.42743378,126.6477781,13
37.416413,126.655851,5
37.424116,126.665134,26
37.427204,126.662712,108
37.429168,126.663171,3
37.425263,126.655194,20
37.42668059,126.6669175,50
37.41679033,126.6593583,40
37.413007,126.663995,17
37.414148,126.671955,22
37.424089,126.695464,34
37.419359,126.675835,170
37.417025,126.679501,117
37.419094,126.677368,94
37.422757,126.697429,167
35.8188277403,128.6144437002,12
35.8186368138,128.6149849698,7
35.82769164,128.708738,224
35.8602591,128.6221646,77
35.8531685,128.6231827,80
35.8503722,128.6241465,118
35.8588171,128.6221434,31
35.85658816,128.6298635,71
35.8659749,128.6366051,14
35.83372981,128.6137199,12
35.85811954,128.6508145,18
35.83225509,128.6186974,16
35.83785394,128.6183597,11
35.8521087726,128.6514653709,4
35.8259651387,128.624634,66
35.8151825576,128.652068,48
35.8519284673,128.708576,46
35.85662274,128.646439,9
35.8555888345,128.6462557146,10
35.8114119946,128.6220538332,31
35.8290338531,128.6118185857,109
35.8571625458,128.6484071652,3
35.8388913626,128.7104468821,131
35.83945966,128.6942741,64
35.8683326,128.6440333,5
35.86412548,128.6430646,10
35.8663694,128.6445992,17
35.84932257,128.6187236,22
35.84193089,128.6253674,28
35.8570448,128.6333995,62
35.82108495,128.6297303,48
37.54214669,127.1282712,285
37.54004284,127.129786,33
37.53337316,127.1282452,28
37.52857832,127.1337133,18
37.54052322,127.1340815,182
37.55974191,127.1683147,26
37.542977,127.1322482,26
37.55104077,127.1429044,241
37.56598207,127.1722779,90
37.54033314,127.1230055,13
37.55270787,127.1379968,114
37.53125722,127.1299156,169
37.53912769,127.1332691,187
37.54498878,127.1362629,188
37.54478899,127.1218776,168
37.55113335,127.1284388,19
37.56549806,127.1731116,46
37.53948963,127.1226377,7
37.55291676,127.1530457,45
37.5520141,127.1529874,37
37.508318,126.96281,49
37.500189,126.92658,38
37.498725,126.92748,20
37.488794,126.90784,63
37.499808,126.93525,61
37.503643,126.97869,143
37.512529,126.93994,86
37.493424,126.93355,64
37.487701,126.98013,18
37.51453063,126.9524302,20
37.47744293,126.98129,40
37.47694537,126.9790029972,25
37.48279435,126.97424,80
37.51381548,126.94125,13
37.491638,126.92282,29
37.51352239,126.9362503,8
37.516205,126.8878482,50
37.53650136,126.8940377,93
37.51332414,126.914068,61
37.505356,126.912013,23
37.49314271,126.901609,155
37.49160959,126.899931,151
37.49758669,126.9005833,98
37.5176677,126.9143369,108
37.524747,126.8955205,66
37.50750302,126.9072907,140
37.49133176,126.9030162,198
37.50715227,126.911655,130
37.515377,126.9153554,99
37.5252165,126.895135,190
37.49967021,126.8939948,192
37.51723371,126.903716,171
37.510415,126.918608,13
37.508444,126.922235,17
37.51512033,126.8936472,41
37.502098,126.904818,26
37.5286217,126.894421,61
37.51316522,126.9241035,143
37.52875339,126.8909801,392
37.52225714,126.9090015,62
37.514358,126.909151,194
37.52074776,126.910054,27
37.523664,126.908767,24
37.523768,126.9000061,91
37.52797445,126.9078732,29
37.50820335,126.8967334,27
37.68082342,127.0542201,22
37.6201058,127.0774206,15
37.6600051,127.071002,18
37.6439379,127.075519,116
37.6396737,127.0744426,15
37.649959,127.0739725,37
37.6516166,127.0764455,30
37.6513157,127.0778023,25
37.650302,127.0775454,29
37.620174,127.0769385,11
37.6531164,127.0579964,41
37.6541107,127.0645944,38
37.658447,127.0599957,16
37.65458133,127.0562972,17
37.6427545,127.0559917,35
37.6527467,127.0629849,15
37.6657378,127.0556395,13
37.6659979,127.0579317,11
37.6757895,127.0565291,62
37.6395423,127.0651903,108
37.6403161,127.0676909,120
37.65683176,127.0676381,94
37.64487286,127.0583049,225
37.6155862,127.0651876,29
37.6021119742,127.0769310675,100
37.60272995,127.0816473,230
37.60686128,127.1106972,127
37.61642416,127.091955,86
37.59835362,127.1148164,121
37.59144962,127.078206,129
37.61700015,127.0931176,100
37.5948241,127.075729,217
37.58094415,127.0799363,567
37.59827687,127.0734828,372
37.59189966,127.0949182,55
37.58298757,127.0800613,67
37.58966282,127.0755035,77
37.58350827,127.086969,90
37.5920416,127.0997947,80
37.57489173,127.083439,140
37.58793511,127.0808933,199
37.60643693,127.0916532,31
37.57335201,127.0891221,119
37.5898196,127.0964022,72
37.58705596,127.0915758,97
37.59677182,127.0982722,96
37.57764604,127.0842468,25
37.5898756,127.0931343,31
37.59671524,127.0987493,44
36.1259637,128.3358869,24
36.0995798,128.3554192,58
36.15387449,128.4316946,233
36.09322564,128.4330111,173
36.12833012,128.3309395,260
36.11997866,128.3209145,789
36.11330434,128.3155849,69
36.11271199,128.314857,128
36.11271199,128.314857,205
36.10837039,128.3071564,76
36.24514608,128.2979618,153
36.10038574,128.385359,23
36.12157204,128.351802,53
36.1154833,128.3422002,46
36.12155813,128.351315,56
36.12195623,128.3498758,70
36.12270405,128.3469582,75
36.12327996,128.3447111,66
36.1243007,128.3418911,40
36.12483421,128.3409403,41
36.12561573,128.3395173,46
26.128492,128.339705,215
36.127517,128.33855,143
36.127063,128.337896,107
36.11837776,128.3489815,120
36.12001528,128.3438213,529
36.115096,128.33848,124
36.115978,128.340623,136
36.11688,128.343017,164
36.11714,128.346012,245
36.115852,128.349762,169
36.114714,128.352852,184
37.45185192,126.7512545,22
37.39103965,126.7221003269,35
37.3917602536,126.7217418355,100
37.3917602536,126.7217418355,73
37.4531530064,126.7378656609,10
37.4550985156,126.7383748149,6
37.4543861061,126.7383429382,9
37.46923037,126.7130184,14
37.4537752,126.7397493,15
37.390312,126.725611,26
37.39242304,126.727779,35
37.45925947,126.7154465,21
37.46140184,126.7161385,29
37.4679749,126.7121016,25
37.46608374,126.7006355,17
37.4467694,126.6968895,18
37.45186949,126.6952754,21
37.45316384,126.7213949,10
37.46199512,126.728185,15
37.45186067,126.7158791,142
37.45970285,126.7045922,19
37.4515184,126.6977566,13
37.46501613,126.7182786,148
37.40142081,126.7394011,101
37.42002784,126.7109883,225
37.4155683,126.7043672,62
37.45815049,126.725933,43
37.46122578,126.7129232,11
37.46554856,126.7011308,6
37.46138096,126.7278079,16
37.46023781,126.7281583,3
37.4621657,126.7264527,10
37.46162946,126.7185154,6
37.42214547,126.7293332,10
37.43734644,126.7462635,12
37.43424603,126.7512982,59
37.43171895,126.7517582,19
37.43289931,126.7518515,25
37.43576551,126.747578,34
37.43722084,126.7446158,23
37.44974634,126.7555654,10
37.45092415,126.7538468,25
37.4649799,126.7158923,10
37.46618522,126.7156912,14
37.44335536,126.7667421,14
37.46103803,126.7263249,13
37.46321862,126.7271696,6
37.46193123,126.7264341,3
37.46383655,126.728493,8
37.46424183,126.7276383,4
37.46452914,126.7275431,7
37.46700389,126.7386586,5
37.46702451,126.7359027,7
37.46548856,126.7379509,17
37.45274703,126.7220123,4
37.45313379,126.7219492,6
37.4538948,126.7223318,5
37.44551953,126.7053305,7
37.46409624,126.7249957,8
37.45986399,126.7036818,5
37.41936044,126.7284199,23
37.43200198,126.7107667,22
37.46112738,126.7312856,83
37.43278622,126.7127282,231
37.44985895,126.6951633,10
37.45354611,126.7276999,50
37.4556812,126.6968357,29
37.46284742,126.7236605,12
37.44600864,126.7415764,17
37.44584145,126.7410025,16
37.44762374,126.7366103,17
37.45689639,126.6960132,22
37.4649799,126.7158923,45
37.46459562,126.7261855,53
37.46798048,126.7059836,32
37.46283977,126.7096667,33
37.45347927,126.7214008,24
37.45080252,126.7121952,30
37.45053393,126.7223324,11
37.45693686,126.716188,10
37.44564867,126.7076766,22
37.45756042,126.7263612,27
37.46418526,126.7099375,10
37.45890021,126.7726153,483
37.44852592,126.6952091,60
37.46506766,126.7173377,49
37.44557489,126.7396621,12
37.45586316,126.7302441,12
37.45896298,126.7260775,10
37.46005154,126.7317898,29
37.4522584,126.7234899,44
37.44868764,126.6935336,11
37.39942366,126.7262153,31
37.38812967,126.7042731,198
37.39776864,126.7263887,43
37.40144005,126.7319075,96
37.40005933,126.7342348,115
37.39760612,126.7354632,423
37.44826291,126.7300432,43
37.44928563,126.7277332,83
37.45045837,126.7261876,174
37.45387256,126.7252821,131
37.45128504,126.7260576,138
37.44440922,126.7043212,98
37.40827038,126.6997001,94
37.4458041,126.7017008,18
37.39885089,126.7400489,23
37.45236928,126.7333034,28
37.46709062,126.6922529,139
37.45719741,126.7730135,135
37.44620791,126.6959183,29
37.46326912,126.7135139,58
37.45657664,126.7253864,58
37.45839481,126.7277034,31
37.45593704,126.7329329,14
37.44761008,126.6962433,37
37.44901751,126.6943055,16
37.46022171,126.7215969,54
37.44674201,126.7049144,31
37.44674201,126.7049144,3
37.39900219,126.7379876,46
37.45237284,126.7333034,145
37.45536104,126.7196056,18
37.45134115,126.7029472,14
37.44777318,126.6955838,130
37.4458041,126.7017008,29
33.22140917,126.2547379,92
33.26433046,126.570903,68
33.25605332,126.559301,97
33.25084301,126.475843,17
33.26290445,126.6163609,22
33.24784209,126.565255,37
33.24404328,126.5639136,12
33.2384865,126.365727,36
33.25759005,126.528151,30
33.2879031,126.7450875,15
33.2658886,126.368416,18
33.22324159,126.2563765,37
33.3118701,126.3426367,65
33.4589386,126.929765,33
33.28814781,126.7450503,6
33.3020427,126.7194391,15
33.28146498,126.709075,24
33.455341,126.9255273,223
33.450526,126.922177,58
33.24570658,126.4611258,10
33.236971,126.5109648,16
33.288233,126.6275841,64
33.22033253,126.2531986,6
33.223353,126.2538151,40
33.2798959,126.720606,20
33.27501048,126.6585881,15
33.26369535,126.554256,18
33.26352191,126.5110517,79
33.280062,126.7183421,93
33.25304291,126.4191565,21
33.2532067,126.418764,97
33.251114,126.565451,13
33.251636,126.428184,7
33.236268,126.3125765,28
33.261563,126.554694,9
33.261125,126.5543492,5
33.258965,126.5582889,29
33.255173,126.555879,9
33.42386248,126.9290133,96
33.27542313,126.7030554,22
33.278887,126.716856,48
33.223648,126.248055,34
33.46260347,126.935333,285
33.220066,126.252586,11
33.22842744,126.2413832,8
33.23938649,126.509485,16
33.235151,126.474661,20
33.260036,126.5073823,10
33.251633,126.567538,44
33.25181564,126.5694961,28
33.25616185,126.5684382,102
33.25502147,126.5636737,25
33.26315958,126.6162392,93
33.325078,126.833875,21
33.26634521,126.620924,22
33.25630767,126.5593513,48
33.245253,126.5649581,24
33.242873,126.566663,62
33.243655,126.5628782,3
33.24771548,126.5657547,137
33.326236,126.831774,169
33.25595698,126.561302,245
33.252158,126.515699,110
33.327011,126.8234824,165
33.27740522,126.7033506,52
33.24153618,126.5474759,30
33.47191267,126.9331048,1134
33.268613,126.57345,256
33.25544697,126.572263,66
33.294469,126.7115719,181
33.44855946,126.916654,55
33.24985968,126.562164,306
33.24631514,126.3352378,38
33.310947,126.3416552,37
33.4509482,126.9138794,33
33.46674615,126.9045603,152
33.251523,126.559351,218
33.449139,126.9106733,16
33.254249,126.622494,54
33.442407,126.9113794,31
33.22124006,126.253279,17
33.263075,126.4424805,18
33.240292,126.507801,20
33.446556,126.915749,65
33.24959972,126.558497,18
33.27879026,126.721369,37
33.222557,126.2572262,13
33.244605,126.573225,62
33.251679,126.560439,120
33.221643,126.2495852,10
33.38479295,126.8007251,69
33.32382678,126.8436765,184
33.451862,126.912815,97
33.223864,126.2524395,14
33.20598643,126.288942,15
33.222216,126.249797,5
33.25014681,126.5545605,79
33.223027,126.252066,14
33.235943,126.3118281,37
33.2503908,126.5635907,232
33.247067,126.507363,723
33.233793,126.310842,70
33.25431516,126.5699892,35
33.24390527,126.5605745,190
33.23759269,126.5123384,12
33.2410225,126.5127111,9
33.25925758,126.5572983,56
33.25040465,126.5688552,144
33.2479107,126.5604205,139
33.2492358,126.5686464,10
33.2414082,126.6035154,19
33.2432037,126.6060817,70
33.240168,126.531879,54
33.4722097,126.5501664,17
33.4710892,126.5498123,12
33.4707258,126.5496711,7
33.4706688,126.5495566,7
33.470613,126.5494443,7
33.4717026,126.548442,16
33.471703,126.5485845,6
33.4721378,126.547553,13
33.4722435,126.546952,21
33.4703093,126.5469013,62
33.4736882,126.547815,14
33.4728693,126.5480827,14
33.4726813,126.5478719,35
33.4731595,126.5497651,16
33.4738104,126.5497041,24
33.4738181,126.5516867,25
33.4772166,126.5491356,2
33.4774033,126.5490749,12
33.4756549,126.5497634,14
33.4758121,126.5497487,8
33.4758119,126.549542,12
33.4756544,126.5495567,14
33.4754916,126.5495541,14
33.4753473,126.5495548,7
33.4749509,126.5497705,11
33.4749664,126.5495525,21
33.4749015,126.5493275,22
33.4751984,126.5485874,22
33.4761555,126.5486275,8
33.4759565,126.5486382,17
33.4764798,126.5486955,42
33.4771127,126.5489123,18
33.4765365,126.5474307,20
33.4761499,126.5471698,12
33.4756946,126.5466063,6
33.4755481,126.5472672,13
33.475195,126.5465308,17
33.4751923,126.5473237,17
33.4746703,126.5462549,14
33.4746707,126.5464425,21
33.4763046,126.5449897,25
33.4746688,126.542429,27
33.4746174,126.5437325,13
33.4752225,126.5438843,32
33.4748322,126.544526,17
33.4748317,126.5443565,15
33.4735974,126.5447721,54
33.4729255,126.5451045,19
33.4727251,126.5445769,14
33.4726111,126.5445775,14
33.4731313,126.5445751,14
33.4721414,126.5436196,23
33.4719993,126.5441532,32
33.4700928,126.5442959,22
33.471044,126.5430688,23
33.4707241,126.5420535,19
33.4707038,126.5418777,19
33.4693824,126.5427538,22
33.4694092,126.5413875,8
33.4701223,126.5404778,15
33.4717778,126.5402436,18
33.4722824,126.5407801,9
33.4733364,126.540128,18
33.473339,126.5406453,20
33.4761242,126.5405689,32
33.4768179,126.5415587,13
33.485956,126.536637,105
33.4915221,126.5908721,7
33.4905473,126.5954767,53
33.5244141,126.5830172,8
33.5220904,126.5827065,24
33.5209426,126.5830122,13
33.5153866,126.5803522,15
33.520124,126.5843378,2
33.5204666,126.5843988,7
33.5205669,126.583853,5
33.5206761,126.5832934,2
33.5205798,126.5829936,2
33.5203336,126.5819429,8
33.520635,126.5825216,1
33.5208764,126.5824541,4
33.5209157,126.5820653,6
33.5196898,126.5813539,6
33.5199243,126.579356,7
33.521881,126.5852593,5
33.521402,126.5838246,8
33.5216102,126.5829941,4
33.5253593,126.5906482,4
33.5256482,126.5902148,10
33.5252994,126.5899777,3
33.5262531,126.5894756,13
33.5170239,126.5820795,16
33.5167678,126.5814066,17
33.5170882,126.581141,10
33.5200975,126.5849941,37
33.5209967,126.5816161,15
33.5189079,126.5808047,7
33.5195996,126.5830322,11
33.5196415,126.5833765,19
33.5195711,126.5828186,71
33.5221074,126.5856349,6
33.5214239,126.5848284,24
33.5221193,126.5845586,69
33.5226698,126.5864648,19
33.5244528,126.5865948,7
33.5246728,126.586509,7
33.5236684,126.5853723,26
33.5247744,126.5868576,90
33.5251291,126.5897337,6
33.5268657,126.5905213,30
33.526293,126.5878608,22
33.5283176,126.5930449,55
33.5282436,126.5901632,7
33.5295457,126.5934835,13
33.5293461,126.5911147,19
33.5156075,126.5803587,16
33.5161986,126.5793821,11
33.5077176,126.5880679,60
33.5194427,126.5720791,25
33.5089323,126.561554,8
33.5162898,126.5771335,6
33.5208317,126.5637284,2
33.5210144,126.5645552,3
33.5204967,126.566932,2
33.5203731,126.5662815,5
33.5198355,126.5672012,6
33.5194214,126.5658861,11
33.5193001,126.5676086,7
33.520325,126.5673345,13
33.5196788,126.5676788,5
33.5201012,126.5676898,6
33.5204686,126.5676519,4
33.5205576,126.5671923,2
33.5210017,126.5671099,6
33.5211885,126.5670554,2
33.5208928,126.5659019,10
33.5212705,126.5674075,4
33.5213693,126.5673759,3
33.5215952,126.5673104,2
33.5198314,126.563539,3
33.5201599,126.5649622,4
33.5204046,126.5647512,2
33.5200698,126.5644581,3
33.5203041,126.5637816,4
33.5204379,126.5637919,1
33.5205696,126.5636168,2
33.5220526,126.5681396,5
33.5227092,126.5680781,1
33.5226597,126.5672573,13
33.5219304,126.5667982,8
33.5224593,126.5665218,4
33.5234035,126.5664005,2
33.5234343,126.566069,7
33.5234035,126.5664005,8
33.5233179,126.5655413,7
33.5216161,126.5652058,3
33.5214784,126.5647685,11
33.5211477,126.5638599,1
33.5211878,126.5634408,4
33.5215785,126.563392,3
33.5218283,126.5633395,2
33.5221507,126.5635733,4
33.5220049,126.5628874,6
33.5227312,126.5639834,16
33.5230312,126.5640967,5
33.5227375,126.5635774,6
33.5228425,126.5633934,6
33.5227287,126.5628049,2
33.5100978,126.5626629,20
33.511733,126.5610399,38
33.5083653,126.5612229,34
33.5247652,126.5640444,4
33.5245214,126.5633496,7
33.5141141,126.5631436,100
33.5205273,126.5649869,9
33.5201041,126.5648664,24
33.5204875,126.5678818,9
33.5210348,126.5632831,15
33.5218948,126.5636176,7
33.5221971,126.5652403,37
33.5224356,126.5659457,9
33.5223386,126.5667486,21
33.5218813,126.5671756,10
33.5221924,126.5676163,28
33.5232572,126.5660197,20
33.5232202,126.5654763,24
33.522981,126.5647168,31
33.5223028,126.5630615,18
33.5243593,126.5685884,6
33.5246114,126.5662937,3
33.5248706,126.5676328,5
33.5252066,126.5684132,7
33.5175043,126.5772117,6
33.5178783,126.5766652,15
33.5197241,126.5734262,39
33.5192779,126.5645092,14
33.5141481,126.5417961,7
33.5178531,126.5360823,10
33.5151098,126.5411937,14
33.5158203,126.5412851,7
33.5144768,126.5399161,7
33.5150469,126.5398616,6
33.5158129,126.5398853,5
33.5178346,126.5406781,1
33.518247,126.541162,25
33.5159966,126.541268,7
33.5159971,126.5409494,4
33.5168278,126.5406757,6
33.5160039,126.5404114,4
33.5166522,126.5404254,7
33.5170757,126.5406697,3
33.5173735,126.5401378,3
33.5173128,126.5399025,4
33.5170815,126.5393041,5
33.5168724,126.5392614,8
33.5171623,126.539264,2
33.5142294,126.5370797,2
33.5142294,126.5370797,4
33.5155824,126.5368505,6
33.515687,126.5380992,4
33.516389,126.5380877,14
33.5163823,126.5356798,7
33.5170638,126.5358274,6
33.5180182,126.5376238,5
33.5176201,126.5376175,4
33.5179649,126.5373548,2
33.5177168,126.5371978,1
33.5182012,126.5362435,5
33.5183412,126.5363124,3
33.515914,126.5330555,3
33.515914,126.5330555,2
33.5167341,126.535214,2
33.5167341,126.535214,5
33.515158,126.5319846,6
33.5167263,126.5312025,31
33.5135362,126.5310469,2
33.5135235,126.5306671,6
33.5139897,126.5305762,3
33.5150404,126.5309373,4
33.5163856,126.5259842,9
33.5173886,126.530744,10
33.5164308,126.5289146,10
33.5167948,126.5286273,10
33.5169861,126.5280372,6
33.5173807,126.5275094,5
33.5167445,126.5267387,17
33.5167445,126.5267387,11
33.5170046,126.5254307,21
33.5174533,126.5267828,11
33.5178437,126.528448,10
33.5174533,126.5267828,17
33.5177935,126.5250512,30
33.5143457,126.5389593,10
33.5144491,126.5393625,11
33.5154052,126.5424502,66
33.5168588,126.5403987,7
33.5177594,126.5401446,19
33.5171442,126.5395657,23
33.5162596,126.5242437,15
33.5159486,126.5328057,8
33.515055,126.5322953,4
33.5143639,126.5312188,10
33.5093719,126.5440754,14
33.5148869,126.5298971,5
33.5149519,126.5300369,18
33.515028,126.5306995,8
33.5149637,126.5310102,9
33.515298,126.5311086,5
33.5154795,126.5313975,10
33.5136393,126.5300381,5
33.5147137,126.5344373,4
33.5162172,126.5353104,4
33.5163113,126.5354521,17
33.5173733,126.5376234,11
33.5152572,126.5060453,17
33.5041096,126.5072105,9
33.5086725,126.5111648,13
33.5078572,126.5076691,7
33.5087928,126.5087657,7
33.5094744,126.5078996,17
33.5093346,126.5080892,10
33.5091116,126.5058219,8
33.5078827,126.5073415,3
33.5094526,126.5077165,15
33.5098005,126.5054948,26
33.5098398,126.5040014,11
33.5098256,126.508618,3
33.5123578,126.5093427,6
33.5127037,126.5085721,8
33.5101335,126.505425,23
33.5128987,126.5057754,28
33.5129385,126.5063835,15
33.5101547,126.5039213,6
33.5129262,126.505517,32
33.5134131,126.5140702,1
33.516237,126.515901,4
33.5147488,126.5041314,25
33.5152572,126.5060453,17
33.5185026,126.4887999,10
33.5199688,126.4946157,11
33.5121467,126.5043446,4
33.5123046,126.504334,8
33.5050817,126.5069498,23
33.5076004,126.5067211,28
33.5148036,126.511798,62
33.5117122,126.5121353,1
33.5116192,126.5122351,8
33.5047902,126.5103426,48
33.5057631,126.5106795,3
33.503675,126.4957131,208
33.5077183,126.5123386,7
33.5004943,126.5140217,2
33.5006688,126.5144466,2
33.5019049,126.5145828,31
33.5010735,126.5138759,10
33.5011835,126.5138576,10
33.5016435,126.5133248,4
33.5012102,126.5131159,4
33.5020068,126.5131439,12
33.5009791,126.5125752,2
33.5017282,126.5126856,4
33.5051247,126.5139682,57
33.5027617,126.5136757,5
33.5035631,126.5140246,3
33.5035525,126.5137328,1
33.5040633,126.5134338,14
33.5029925,126.5131432,3
33.5040097,126.5132446,12
33.5027714,126.5127559,2
33.5028646,126.5123087,3
33.512002,126.5190729,12
33.5100204,126.5179189,18
33.5108099,126.5161498,10
33.5099251,126.5141262,4
33.5148687,126.516831,64
33.5062408,126.5149645,43
33.5106642,126.5160091,8
33.5099876,126.5153619,5
33.500444,126.5131246,3
33.5056919,126.5127438,9
33.5054584,126.5136645,8
33.5088638,126.5133177,7
33.5092477,126.5135332,8
33.5084166,126.5146382,8
33.5096327,126.5161104,5
33.5095155,126.5162581,4
33.5079348,126.5202714,23
33.5166438,126.5170629,7
33.5051202,126.5226155,4
33.5059222,126.5224677,3
33.5069471,126.5228727,4
33.5050715,126.5222122,2
33.5055506,126.5221981,13
33.5067369,126.5224473,6
33.5104876,126.520611,2
33.510371,126.520446,2
33.5093814,126.5204772,14
33.5093001,126.5205292,4
33.5129817,126.5224176,4
33.5109536,126.5201497,11
33.514269,126.5195585,2
33.5151977,126.5210757,1
33.5155648,126.5208492,3
33.5150838,126.5200388,4
33.514872,126.5198278,4
33.5150192,126.5192372,3
33.5153699,126.519053,5
33.5151449,126.5181205,8
33.5129825,126.5191297,2
33.5141782,126.5182256,13
33.5152332,126.5175747,28
33.5160714,126.5222999,3
33.5159424,126.5219142,2
33.5161802,126.5218025,2
33.5160888,126.5211806,2
33.5160753,126.520911,6
33.5167041,126.5214224,2
33.5175877,126.5197979,5
33.5179749,126.5211773,6
33.5185714,126.5211843,19
33.5127396,126.5233141,24
33.5115756,126.520408,8
33.5121357,126.5200469,34
33.5085877,126.5218905,4
33.5087223,126.5218886,4
33.5083273,126.5236904,6
33.5091931,126.5226178,7
33.5174284,126.5237309,66
33.5180772,126.5227876,10
33.5183529,126.5198344,73
33.5046527,126.5223433,58
33.5165279,126.5168097,4
33.5165152,126.5252465,73
33.5165729,126.517121,9
33.5151922,126.5181941,2
33.5152001,126.5184855,5
33.5153562,126.5182684,2
33.5152463,126.5183322,4
33.5152722,126.5187481,18
33.5151043,126.5206667,9
33.5135098,126.5207008,37
33.5087117,126.5186879,16
33.5001919,126.5220863,8
33.5003144,126.5222702,15
33.4985375,126.5166787,40
33.4990388,126.5176261,2
33.4994234,126.5182269,5
33.4994101,126.5174375,1
33.4990831,126.520016,6
33.5005881,126.5160991,4
33.5013786,126.5164081,1
33.501044,126.5157309,25
33.500746,126.5241097,40
33.5009921,126.5242645,7
33.5012854,126.5233348,3
33.5023941,126.5230476,37
33.5033034,126.5221858,12
33.5034145,126.5217448,2
33.5042663,126.5227638,28
33.5042738,126.5217445,11
33.5083908,126.5173428,239
33.5071238,126.5178306,6
33.5056606,126.5177431,7
33.4991758,126.5244596,5
33.4990318,126.5216321,63
33.4994868,126.5172148,14
33.4997476,126.5167454,38
33.4989699,126.5162616,31
33.501646,126.5201167,14
33.5018996,126.5201215,9
33.5013652,126.5196048,8
33.5012978,126.5196036,3
33.502076,126.5197037,4
33.5013597,126.5187973,18
33.5015254,126.5187318,26
33.5021422,126.5168221,25
33.5017759,126.5158004,7
33.5035124,126.5157596,7
33.5042757,126.5158898,10
33.5041349,126.516309,26
33.5033465,126.5150093,18
33.5020526,126.5237585,6
33.5013898,126.5324027,4
33.4942672,126.5454142,14
33.4935551,126.5235256,16
33.4945223,126.5239272,16
33.4932891,126.5289522,45
33.4892317,126.5338349,9
33.4908008,126.5377956,8
33.4939861,126.5451328,17
33.492551,126.5312092,6
33.4941668,126.5417633,10
33.4950101,126.542604,14
33.4922242,126.5316029,7
33.5037686,126.5373554,23
33.4897171,126.5399141,26
33.4983865,126.5449582,6
33.4990756,126.5444324,5
33.4986689,126.5444447,1
33.4985957,126.5443079,1
33.4983924,126.5436745,4
33.4975952,126.5432359,8
33.4973921,126.5431089,19
33.4971175,126.5430255,8
33.4965478,126.5430288,1
33.4969578,126.5427236,3
33.497081,126.5425317,3
33.4964901,126.5429091,1
33.4969026,126.5426022,5
33.4975793,126.5424173,16
33.4986731,126.5426849,3
33.4984683,126.5423224,6
33.4983736,126.5421276,11
33.4997259,126.5439892,8
33.4998081,126.5431375,5
33.4996341,126.5428155,8
33.4995554,126.5427036,8
33.4987443,126.5416428,6
33.4989279,126.5414968,5
33.4984434,126.5414382,1
33.4986572,126.5412725,4
33.4986969,126.5410708,7
33.498335,126.5406176,6
33.4964249,126.5397283,9
33.4964249,126.5397283,12
33.4967774,126.5395824,6
33.4972714,126.5400795,1
33.4976024,126.5398169,5
33.4977073,126.539733,2
33.4978996,126.5395764,3
33.497127,126.5397984,1
33.4977424,126.5392988,7
33.4971466,126.5393878,4
33.4972994,126.5392577,2
33.4975076,126.5390842,3
33.4965442,126.5394575,1
33.4972139,126.5388764,4
33.4991072,126.5412898,1
33.4989947,126.5411511,3
33.4981149,126.5395726,9
33.4981389,126.5393322,2
33.497953,126.5390894,2
33.4947393,126.5373659,45
33.4962756,126.5383123,9
33.4961752,126.5381872,7
33.4956165,126.5377941,9
33.4955252,126.5371938,9
33.4965745,126.5369467,25
33.4955037,126.5367029,15
33.4958224,126.5362589,34
33.4960746,126.536082,20
33.492616,126.5368555,6
33.4932087,126.5371138,9
33.4930872,126.5372136,9
33.4932087,126.5371138,11
33.4937982,126.5366915,7
33.494782,126.5361503,20
33.494557,126.5358412,25
33.4955495,126.5362629,5
33.4923463,126.5342455,43
33.4923463,126.5342455,10
33.4930621,126.5325173,3
33.4937526,126.5325349,7
33.5007034,126.5422742,4
33.5021642,126.5418021,4
33.4991206,126.5395543,5
33.4998631,126.5386786,5
33.4984243,126.5388519,3
33.4991232,126.5380108,8
33.4985673,126.5385091,1
33.4988052,126.5378038,5
33.4986084,126.5376275,1
33.499277,126.5378002,2
33.4988256,126.5371875,4
33.4994233,126.5372942,6
33.4995665,126.537461,2
33.500558,126.5381591,1
33.5003541,126.5377627,11
33.501133,126.5371991,43
33.501133,126.5371991,3
33.498309,126.536698,7
33.4981266,126.5349468,1
33.4983498,126.5355523,5
33.4986486,126.5347025,2
33.4984018,126.5345593,5
33.4959141,126.5344167,2
33.4968762,126.5343022,2
33.4968762,126.5343022,3
33.4973923,126.5332473,3
33.4979282,126.5332604,10
33.4972558,126.532188,3
33.4982801,126.5324738,4
33.4949721,126.5314586,7
33.4952617,126.5319605,9
33.4964645,126.5315264,1
33.4940116,126.5310635,1
33.4967724,126.5300425,25
33.4953897,126.5308599,1
33.4953233,126.5304025,1
33.496005,126.5303308,1
33.494546,126.5300123,20
33.494546,126.5300123,5
33.4965965,126.529961,27
33.5042066,126.5396574,5
33.5033837,126.5393772,10
33.5042498,126.5392728,3
33.5033754,126.5379094,6
33.5035758,126.5379935,8
33.5039444,126.537279,8
33.4999443,126.5343834,9
33.5004493,126.5354222,7
33.5019242,126.5366762,29
33.4996793,126.5323614,2
33.5011287,126.5309439,3
33.5003069,126.5299996,4
33.5009083,126.5301151,24
33.4999662,126.5260206,5
33.4945932,126.5343206,27
33.497729,126.5281043,4
33.4992396,126.5251872,73
33.4974011,126.5283883,43
33.4892079,126.530005,11
33.4896503,126.5304879,14
33.490354,126.5306817,11
33.4896503,126.5304879,84
33.4912029,126.529177,1
33.4963931,126.5294816,54
33.4961388,126.529214,5
33.4941372,126.5293919,6
33.4944542,126.5283564,6
33.4949166,126.5283814,4
33.4951391,126.5254851,3
33.4956161,126.5238744,26
33.4969753,126.5233641,16
33.4976437,126.5222679,6
33.4978079,126.5208848,26
33.4891345,126.5276435,10
33.489925,126.5360132,14
33.4891345,126.5276435,10
33.489925,126.5360132,14
33.4967559,126.5431346,7
33.4975793,126.5424173,62
33.4991719,126.5440155,20
33.4999345,126.5439674,19
33.5033937,126.5418754,13
33.500558,126.5381591,16
33.4871911,126.5334391,23
33.4891384,126.5333478,23
33.4886826,126.5328512,18
33.488393,126.5338066,23
33.4882576,126.534182,24
33.4872582,126.5348249,28
33.486873,126.5350446,20
33.4864654,126.5374223,26
33.4884032,126.5385294,29
33.487047,126.5375475,14
33.4876327,126.537642,16
33.4882144,126.5372866,16
33.4882099,126.5370269,10
33.4875405,126.5364185,18
33.4878391,126.5365326,18
33.4884282,126.5366925,13
33.4890988,126.5371368,16
33.4893795,126.5366738,19
33.4893541,126.5378086,30
33.4897304,126.5362304,14
33.4886922,126.5361343,32
33.4892318,126.5354911,12
33.4904026,126.5364411,34
33.4901903,126.5352447,46
33.4910047,126.5355594,43
33.4911799,126.5378296,14
33.4927306,126.5386969,28
33.4916311,126.5378691,27
33.4917483,126.5396223,14
33.4887519,126.5415556,8
33.4885749,126.5412888,12
33.489764,126.5431389,21
33.4904369,126.5428118,23
33.4890147,126.5405121,33
33.4905246,126.5425938,19
33.4911349,126.5408516,28
33.4920363,126.540181,11
33.492588,126.5405108,25
33.4941587,126.5413368,22
33.4944638,126.542207,27
33.4928777,126.545513,79
33.4939207,126.5455167,22
33.4942901,126.5471999,24
33.4945725,126.5477047,12
33.4954908,126.5468938,20
33.4946856,126.5448594,21
33.4981313,126.528362,6
33.4982841,126.5283584,6
33.4982119,126.5284264,11
33.493368,126.5373512,5
33.4947576,126.5352977,91
33.4967902,126.5349279,150
33.4969043,126.533212,36
33.4916512,126.5350616,19
33.4943351,126.5336469,25
33.4956841,126.5314276,50
33.4980366,126.5263666,7
33.4974247,126.5256817,18
33.4958483,126.5296119,166
33.4883872,126.5265063,12
33.4887686,126.5274092,12
33.4883011,126.5254599,14
33.4878543,126.5249535,19
33.4884729,126.5246108,10
33.4887012,126.525045,15
33.4888998,126.525926,33
33.4889479,126.5275978,17
33.4895244,126.528612,10
33.489065,126.5283654,12
33.4891545,126.5284994,14
33.4879932,126.5225438,32
33.488012,126.5233377,13
33.4876335,126.5242226,13
33.4878067,126.5242216,14
33.4880062,126.5242205,14
33.4882662,126.5239553,13
33.488429,126.5238657,22
33.4884277,126.523513,14
33.4884393,126.5224483,12
33.4886916,126.5224468,12
33.4886941,126.5230673,14
33.4886954,126.5234201,15
33.4886672,126.5242168,11
33.4891435,126.5230648,14
33.4893062,126.5228859,14
33.4893243,126.5234168,15
33.4891631,126.5239494,9
33.4891442,126.5232412,13
33.4891571,126.5226218,8
33.4893006,126.5212065,11
33.4895745,126.522886,14
33.4895771,126.5234178,15
33.4884275,126.5211591,19
33.4880274,126.5215448,13
33.4886995,126.5206533,13
33.4905234,126.5270978,32
33.4906171,126.5274602,16
33.4909665,126.5268794,13
33.4910541,126.5267339,13
33.4901624,126.5265005,18
33.491581,126.5285651,35
33.4924749,126.5259821,11
33.4905213,126.5201005,123
33.4901391,126.5196656,16
33.4901184,126.5198345,11
33.4904569,126.5193691,23
33.4954711,126.5253971,7
33.5008785,126.5274706,11
33.5092043,126.5268442,10
33.5034403,126.5334331,5
33.502723,126.532282,1
33.5035012,126.5329862,3
33.5033608,126.5315108,5
33.5041379,126.5309075,3
33.5044235,126.5302602,18
33.5003218,126.5253354,6
33.5033395,126.5264294,6
33.5005566,126.5259292,22
33.5072286,126.5254689,46
33.5080306,126.5254252,10
33.5079465,126.5251807,4
33.5085272,126.5257769,12
33.5075632,126.526381,12
33.5087319,126.5269956,6
33.5085905,126.5269111,4
33.509086,126.5258181,6
33.5088422,126.5251786,5
33.5096917,126.5238836,9
33.5096083,126.5265003,14
33.5107179,126.5233726,67
33.5122143,126.5249141,10
33.5120664,126.5249028,20
33.5108176,126.5260869,119
33.5067098,126.527779,7
33.5034672,126.5285864,12
33.5047224,126.5265224,11
33.5046329,126.5266639,21
33.5024165,126.5289226,80
33.5134838,126.5265959,13
33.5099997,126.5314838,10
33.5087262,126.5322443,3
33.5066934,126.5352019,16
33.513326,126.5387569,5
33.5103266,126.5386719,13
33.5028391,126.5446163,21
33.5074984,126.5423477,1
33.5027592,126.545006,4
33.5015406,126.5440954,24
33.5028975,126.545289,1
33.5070609,126.5421616,8
33.5051385,126.5403034,3
33.5043826,126.5405513,4
33.5036113,126.5406928,4
33.5043705,126.5398233,1
33.5048477,126.5397748,3
33.5050105,126.5390595,4
33.5056134,126.5395779,4
33.5054018,126.5399262,2
33.5051787,126.5396472,1
33.5087559,126.5405444,5
33.5118352,126.5398159,4
33.5118352,126.5398159,3
33.513709,126.539653,2
33.5138948,126.5386119,7
33.5115045,126.5381342,6
33.509949,126.5372763,7
33.5082539,126.5346175,2
33.5122477,126.5367104,2
33.5134586,126.5354956,12
33.5115034,126.5318788,31
33.5077538,126.5313813,6
33.5069006,126.530059,4
33.5075719,126.5302966,1
33.5115251,126.5313623,29
33.5112808,126.5304216,2
33.5130022,126.532944,4
33.5122378,126.5365564,16
33.4998183,126.5467669,26
33.4999675,126.5453722,71
33.5003718,126.5443594,16
33.5112911,126.5437968,133
33.5106759,126.5441629,120
33.5048166,126.5419257,124
33.5083568,126.5404973,10
33.5094644,126.5375141,5
33.5100696,126.5365246,6
33.5101845,126.5363926,4
33.5117412,126.5417928,18
33.5134721,126.5390967,9
33.4994744,126.5494403,80
33.4980324,126.5463164,8
33.4992905,126.5463639,7
33.5073628,126.5307641,32
33.5087262,126.5322443,3
33.5105722,126.5305728,9
33.5101415,126.5305764,4
33.5103673,126.5308433,6
33.5099419,126.531376,6
33.5085798,126.5308338,27
33.5102602,126.5328778,8
33.5123169,126.5339474,7
33.5114974,126.528354,6
33.5105997,126.5279191,11
33.510359,126.5274035,5
33.5114165,126.5300376,3
33.5116502,126.5300729,3
33.5121044,126.5300425,2
33.5122407,126.5299873,1
33.5110325,126.5281701,2
33.5106951,126.5274431,6
33.5106255,126.5271409,2
33.5134838,126.5265959,13
33.5141197,126.5263797,19
33.513992,126.5237586,14
33.5147319,126.5268645,8
33.5120874,126.5282423,282
33.5022579,126.9435056,17
33.5137253,126.9573777,17
33.5137253,126.9573777,4
33.514385,126.9574268,8
33.5185198,126.9593186,14
33.5120499,126.959745,22
33.506091,126.9417745,67
33.5186894,126.9517869,14
33.4976321,126.9687165,29
33.497796,126.9685809,7
33.5079799,126.9537438,13
33.5125468,126.9597071,25
33.4971682,126.9684266,24
33.5093726,126.961805,36
33.9600793,126.2960756,4
33.9456663,126.3156068,6
33.9541396,126.332782,7
33.9600793,126.2960756,4
33.9414307,126.3197854,13
33.9634741,126.2958051,5
33.9412107,126.3211742,6
33.9592244,126.2960262,4
33.9429478,126.3214614,3
33.955008,126.3336059,4
33.9615228,126.2932683,5
33.9632009,126.2932513,5
33.9595259,126.2965499,4
33.9449884,126.3288633,30
33.9623885,126.2977869,23
33.365745,126.1972642,27
33.3084193,126.1772674,48
33.3031381,126.1796542,19
33.3032482,126.1793969,17
33.3649296,126.1960532,9
33.3605493,126.1956976,18
33.3644983,126.2002807,25
33.3452153,126.1838483,51
33.3449471,126.181818,7
33.3450508,126.1819066,8
33.3452067,126.1819497,8
33.3450989,126.1817729,19
33.3453242,126.1817331,12
33.3451694,126.1816903,83
33.3495799,126.1846468,17
33.3030201,126.1983569,27
33.3020244,126.1890109,27
33.2974323,126.1950497,11
33.3032578,126.1911553,25
33.5374422,126.637083,7
33.5499917,126.6946497,6
33.5371911,126.6400472,6
33.5426279,126.6742921,7
33.5388611,126.6759712,13
33.5132707,126.6712454,5
33.513268,126.6709072,5
33.5141628,126.6712812,8
33.534899,126.6183463,7
33.5402527,126.6679607,14
33.5383559,126.6676199,8
33.538846,126.6761705,12
33.5389733,126.6757029,9
33.5396705,126.6744826,10
33.5398372,126.6737815,10
33.546055,126.6618923,24
33.5404521,126.6736479,10
33.5423525,126.6722803,6
33.542473,126.6727221,25
33.5421474,126.6734059,7
33.5430165,126.6733569,4
33.5388663,126.6634172,25
33.5383226,126.6651987,8
33.5417705,126.6643203,5
33.5405245,126.6635022,15
33.5396613,126.6631583,7
33.5402159,126.663187,7
33.5451042,126.6617207,13
33.5448252,126.662191,10
33.5413406,126.6693165,221
33.5418444,126.6367522,14
33.5408114,126.637534,23
33.5397481,126.6367835,14
33.5399482,126.6388343,22
33.5389014,126.6373605,16
33.5390432,126.637525,12
33.5370605,126.6392286,73
33.5361684,126.6374213,83
33.5358447,126.6373263,46
33.5341534,126.635116,58
33.5338614,126.6351151,61
33.5471426,126.6493294,5
33.5478957,126.649846,3
33.5480648,126.6503448,73
33.5484209,126.650537,120
33.5473582,126.650812,8
33.5483863,126.6511853,22
33.5255706,126.6178297,150
33.5346828,126.6159132,7
33.5367878,126.6140659,16
33.5377236,126.6137619,7
33.5369423,126.6155144,7
33.5363074,126.6161734,7
33.537189,126.6216551,15
33.5496384,126.6949477,6
33.5499586,126.6955478,13
33.5501345,126.6954537,5
33.5499944,126.6947784,10
33.5497114,126.6929536,6
33.5581851,126.7545846,15
33.5197859,126.8862763,10
33.5545357,126.751906,39
33.5211308,126.8608332,1
33.5224671,126.8610409,8
33.5222965,126.8622296,8
33.5230458,126.8613796,24
33.5225611,126.8561397,2
33.5234072,126.8542526,5
33.525762,126.8560503,8
33.5259469,126.8558217,3
33.5245326,126.8536224,3
33.5248848,126.8538645,2
33.5245913,126.8529079,10
33.5252629,126.8540853,2
33.5257323,126.8544628,2
33.5261233,126.8541974,2
33.5262563,126.8547973,2
33.5264236,126.8543915,3
33.5267762,126.854633,1
33.5266219,126.8550179,3
33.5272799,126.8554212,3
33.5273326,126.8550258,2
33.5552969,126.8098976,18
33.5551269,126.8000791,17
33.5418352,126.8152467,214
33.5372602,126.8289148,16
33.5141751,126.8988825,113
33.5226716,126.8643443,124
33.5249521,126.8531791,66
33.4912424,126.8102477,196
33.5573037,126.7943496,34
33.5571038,126.7944163,9
33.5546414,126.7936569,11
33.5638772,126.7830662,20
33.5263998,126.8562007,6
33.5268905,126.8562701,20
33.523248,126.8545714,9
33.5244489,126.8547267,24
33.5247028,126.8561309,93
33.5261861,126.857297,15
33.5242848,126.8566849,44
33.5237646,126.855777,12
33.5228783,126.8571176,21
33.5534458,126.7144502,9
33.5535219,126.7133995,31
33.5583978,126.7626978,76
33.5581525,126.7466603,25
33.5559321,126.7471095,14
33.5565003,126.7467448,9
33.5552254,126.746266,14
33.5543812,126.7485492,16
33.5547109,126.7484163,18
33.5564244,126.7490985,12
33.5565556,126.7498531,25
33.5561302,126.7511398,10
33.5573218,126.7505436,16
33.5568016,126.7498899,8
33.5572942,126.7544188,8
33.4833331,126.4125269,8
33.4491447,126.4296375,9
33.4657783,126.4096967,26
33.4861235,126.4180649,26
33.4740076,126.3731182,19
33.477042,126.354079,12
33.470291,126.3811111,4
33.4702319,126.3680079,12
33.4578899,126.4153987,4
33.4580904,126.4161088,2
33.476521,126.3760778,14
33.4793321,126.3767341,9
33.4804532,126.3763817,2
33.4806341,126.3763404,6
33.4822099,126.3759833,5
33.4826941,126.3760786,11
33.4720995,126.3791651,14
33.4717052,126.3793225,4
33.4708619,126.3798484,10
33.4816528,126.4059988,8
33.4793315,126.4035201,5
33.4796335,126.4033249,12
33.4791121,126.4007473,8
33.4790236,126.4011502,10
33.4786818,126.4006399,7
33.4788179,126.4000791,5
33.4788451,126.4006838,4
33.4849841,126.4180786,14
33.486312,126.4191829,2
33.4867436,126.4186189,7
33.4861913,126.4168232,12
33.485792,126.4170107,9
33.4864654,126.4158408,5
33.4863148,126.4152751,4
33.4866069,126.4152093,4
33.4832718,126.4142794,3
33.4858973,126.4134137,1
33.4826558,126.4145584,14
33.4834994,126.4140549,11
33.482862,126.4135598,4
33.4834337,126.4127997,5
33.4832798,126.4095562,4
33.4835962,126.4092548,5
33.4835962,126.4092548,5
33.4814599,126.4070497,3
33.4819471,126.4069488,5
33.4688957,126.3917251,18
33.4671394,126.3371921,15
33.4671355,126.336781,12
33.4648338,126.3181547,19
33.4700113,126.3593574,45
33.4369297,126.3783457,27
33.4456353,126.3083005,29
33.4804996,126.4009759,24
33.4772565,126.3927879,10
33.4796335,126.4033249,17
33.4814524,126.4014237,4
33.4814725,126.4015562,4
33.4807871,126.4013159,25
33.4798514,126.4063365,16
33.4847728,126.4108216,25
33.4812148,126.4138325,18
33.4819444,126.4133156,11
33.4812997,126.4135375,27
33.4804523,126.4138427,16
33.4816583,126.4128025,17
33.4819253,126.4125155,12
33.4836259,126.4141923,9
33.4836448,126.4126547,12
33.4844805,126.4123309,14
33.4844051,126.4121613,12
33.4850569,126.4131787,15
33.4836423,126.4123279,16
33.4853623,126.4127355,23
33.4857652,126.4139086,16
33.482552,126.4147461,7
33.4831628,126.415111,6
33.4841725,126.415498,15
33.4843676,126.4166765,9
33.4843403,126.4177578,12
33.4845218,126.4169051,9
33.4849951,126.4170527,16
33.4849801,126.4173619,20
33.4848738,126.4176693,13
33.4850422,126.4175648,15
33.4851436,126.4172725,14
33.4854668,126.4180837,20
33.4852917,126.418149,16
33.4862267,126.4197478,6
33.4860231,126.419304,6
33.4862319,126.4190428,30
33.486827,126.4192898,14
33.4866499,126.4192842,13
33.486873,126.418425,11
33.4863557,126.4171939,10
33.4859569,126.4164264,18
33.4850266,126.4162927,18
33.4851364,126.4161977,16
33.4848204,126.4156624,24
33.4845392,126.4152431,14
33.484828,126.415065,15
33.4862947,126.4159109,16
33.4859874,126.4146221,35
33.4859219,126.4144106,11
33.450796,126.3884854,15
33.4413659,126.4063509,20
33.439902,126.4029597,8
33.4632302,126.329198,17
33.4641539,126.3171491,20
33.4651361,126.3165218,13
33.4652119,126.3200348,9
33.4654863,126.3195161,11
33.4644134,126.3188373,9
33.4630106,126.3179023,6
33.4746289,126.3652405,5
33.4735011,126.3650491,7
33.4559341,126.3697953,15
33.4619805,126.3685381,12
33.4690151,126.3681771,9
33.4719845,126.3667224,15
33.4722547,126.3671146,30
33.4743528,126.3661872,11
33.4525845,126.4090772,50
33.4385647,126.3302547,9
33.4447275,126.3004094,12
33.4457791,126.3006291,22
33.4396564,126.302349,13
33.4808099,126.3763869,22
33.4785042,126.375862,6
33.4630288,126.3342032,11
33.4699467,126.3406765,15
33.4030763,126.2543369,6
33.4283806,126.2664804,24
33.4135733,126.2693786,53
33.4240135,126.2657665,12
33.4281217,126.2674146,7
33.4272586,126.2702784,9
33.4125773,126.2671021,2
33.4093677,126.259868,36
33.3819839,126.2546073,17
33.3928056,126.2413213,5
33.3928519,126.2407674,15
33.3929265,126.2408952,10
33.3930848,126.240701,44
33.3976125,126.2430604,8
33.3977362,126.2433941,7
33.3967466,126.245008,37
33.3979662,126.2448461,25
33.4148061,126.2678807,33
33.4109991,126.2674246,10
33.4112873,126.2687027,17
33.4117521,126.268233,7
33.4149975,126.2706427,6
33.413395,126.2628457,10
33.4129715,126.2623552,31
33.4134198,126.2611363,2
33.4139001,126.2621283,30
33.4138694,126.2623741,6
33.414362,126.2618837,11
33.415945,126.2625377,6
33.4169464,126.2638374,8
33.4169588,126.2636417,12
33.4157407,126.2656516,31
33.4161776,126.2659504,17
33.4143822,126.2645531,4
33.4124838,126.2653233,124
33.4119054,126.2654529,7
33.4124462,126.2656249,14
33.4134504,126.2665437,5
33.4144369,126.2649542,17
33.4139891,126.2662358,9
33.414335,126.2676179,12
33.4147995,126.2695222,12
33.4036147,126.2516756,10
33.4047729,126.2516428,7
33.4058864,126.2577471,29
33.4049901,126.2562069,21
33.4276895,126.2680581,8
33.4259873,126.2694675,6
33.4172118,126.2643182,4
33.4205592,126.2733313,207
33.3888675,126.2262186,23
33.5062719,126.4699789,123
33.5034971,126.4671349,2
33.503458,126.4668452,3
33.5038531,126.4670334,4
33.5049376,126.4655439,12
33.5059331,126.4653145,23
33.5042401,126.4639366,31
33.5047519,126.4646055,13
33.5043018,126.466825,57
33.5027423,126.4679038,37
33.5038475,126.4694074,14
33.5037669,126.4698575,16
33.5044277,126.4711636,29
33.4965525,126.4521005,35
33.4942244,126.4608506,15
33.5024826,126.4596154,1
33.501177,126.4575952,1
33.494224,126.4607358,15
33.4911065,126.4584079,7
33.4986734,126.4577065,20
33.5025432,126.4577005,17
33.4975282,126.4495819,13
33.4960569,126.4502173,47
33.4936545,126.4433174,16
33.488003,126.4340439,9
33.4851069,126.4299496,47
33.4871222,126.4293145,35
33.478037,126.4504322,12
33.4849806,126.4335201,22
33.4857133,126.4319515,8
33.4881668,126.4328403,1
33.4881714,126.431701,9
33.4886189,126.4329967,10
33.4889051,126.4317196,3
33.4902057,126.4316984,4
33.4904065,126.4324562,7
33.4913084,126.4327345,9
33.4904139,126.4321774,15
33.4926748,126.4298367,8
33.4926352,126.4291851,3
33.4921524,126.4291542,14
33.492134,126.4286733,14
33.4921287,126.4281815,7
33.4931685,126.4352344,14
33.493054,126.435124,6
33.4929716,126.4326003,17
33.4846672,126.4295391,14
33.4851236,126.4312966,12
33.485377,126.4298242,21
33.4856434,126.4286537,49
33.4868021,126.4317608,193
33.4866655,126.4291953,19
33.4873398,126.4287005,9
33.4880129,126.4334669,28
33.4885157,126.4334761,73
33.4881814,126.4318967,14
33.4876999,126.429675,12
33.4878879,126.4289456,8
33.4880361,126.4293623,25
33.4900003,126.4340433,21
33.4898504,126.433213,14
33.4899295,126.4325769,40
33.4912641,126.4339773,41
33.4916495,126.432219,44
33.4919051,126.4312675,11
33.4917696,126.4311816,22
33.4910291,126.4288595,16
33.4906063,126.4285335,37
33.4915548,126.4299989,37
33.4863021,126.4822601,10
33.4933933,126.4771134,9
33.482851,126.4684597,14
33.4866094,126.4736452,18
33.4863408,126.4812605,13
33.4832777,126.4861271,13
33.4858749,126.4863632,42
33.491565,126.4796906,32
33.4809985,126.4704492,14
33.4854171,126.4824633,11
33.4852623,126.4814594,13
33.4911353,126.4760872,6
33.4919587,126.4758917,7
33.4879455,126.4771747,102
33.4858749,126.4863632,28
33.4857995,126.4856516,10
33.485624,126.485954,29
33.485674,126.4824738,31
33.4862804,126.4830261,23
33.4873113,126.4823471,25
33.4777489,126.4798492,30
33.479183,126.4817164,44
33.4788736,126.4798744,41
33.4815905,126.4868754,18
33.4823641,126.4845346,95
33.4789588,126.4747022,22
33.4790862,126.4745523,21
33.4787776,126.4762825,47
33.4804813,126.474691,12
33.4805738,126.4741482,16
33.4809659,126.473606,12
33.4808297,126.4737644,12
33.4811501,126.4738311,16
33.4810482,126.4737067,12
33.481227,126.474287,10
33.480783,126.4756014,9
33.4809326,126.4757201,28
33.4810655,126.4755154,18
33.4813839,126.4750331,17
33.481592,126.474335,15
33.4810777,126.4750368,11
33.4809775,126.4751779,21
33.4808528,126.4753507,27
33.4812981,126.4761383,20
33.481552,126.475618,49
33.4813132,126.475736,20
33.4811975,126.4759622,27
33.4799255,126.4769972,17
33.4802495,126.4761758,13
33.4803989,126.4762885,11
33.4803472,126.4772631,11
33.480331,126.4775801,64
33.4799927,126.4781784,14
33.4815487,126.4777658,15
33.4823761,126.4759331,19
33.4825142,126.4762325,12
33.4825911,126.476115,19
33.4832771,126.4768205,136
33.4830207,126.4778549,14
33.4824546,126.4786599,19
33.4834705,126.4775257,15
33.4839735,126.4775154,14
33.4835925,126.4784717,10
33.4836955,126.4787214,17
33.4841885,126.4786565,56
33.484802,126.4779371,37
33.4849028,126.4781843,41
33.4854762,126.4747532,160
33.481813,126.4719921,25
33.4817666,126.4712121,7
33.4825989,126.4705634,10
33.4826833,126.470673,10
33.483555,126.4701118,26
33.4889708,126.4750287,46
33.4906206,126.4731588,40
33.4836153,126.4743019,48
33.4825149,126.4718778,80
33.4841771,126.4714328,61
33.4886927,126.4823887,22
33.4872972,126.4798118,140
33.4867583,126.4789648,28
33.4863942,126.4777136,64
33.4874218,126.4784024,9
33.4870243,126.4786623,17
33.491132,126.4790689,14
33.4895973,126.476496,123
33.4902935,126.4768655,10
33.494924,126.4843702,10
33.4928358,126.4945663,17
33.4906082,126.4953154,10
33.4851735,126.4982389,22
33.4852057,126.4967611,12
33.4814725,126.4913712,12
33.4821397,126.4928014,38
33.4873493,126.4884384,8
33.4815668,126.4875257,16
33.4825277,126.499425,3
33.4832014,126.4999827,2
33.4832418,126.4986644,5
33.4838883,126.4981618,12
33.484388,126.4984174,4
33.4853638,126.5005866,4
33.4847634,126.4973367,18
33.4853196,126.4987088,7
33.4851836,126.4973289,10
33.4863295,126.4976778,9
33.4866171,126.497779,17
33.4866194,126.4976008,2
33.4867589,126.5006626,14
33.487429,126.501008,6
33.4869668,126.4987487,18
33.4880032,126.4997043,4
33.4869614,126.4971149,14
33.4879318,126.5009895,1
33.4878828,126.5006952,10
33.4882207,126.4977225,19
33.4893693,126.5005523,19
33.4887071,126.4990608,14
33.4901159,126.4983552,14
33.4908633,126.5008812,10
33.4900951,126.5006931,12
33.4904403,126.4995628,10
33.4914874,126.4977189,15
33.4918701,126.5014111,3
33.4919434,126.5010934,3
33.4918672,126.5003511,1
33.4925824,126.4990626,18
33.4930246,126.5014814,11
33.4925762,126.5014951,1
33.4927175,126.5001991,4
33.4932301,126.4990199,12
33.4927278,126.4988835,2
33.4869505,126.4935757,5
33.4884912,126.4956734,2
33.4885594,126.4934453,21
33.4901256,126.4939002,10
33.4905735,126.4966538,14
33.4921507,126.4963935,28
33.4923465,126.4937276,13
33.492627,126.4935881,14
33.4928726,126.4936166,5
33.4929487,126.4929838,11
33.4928543,126.4921405,6
33.4929819,126.4925297,5
33.4831874,126.488012,7
33.4826692,126.4873067,15
33.4837077,126.4882461,16
33.4831595,126.4874659,11
33.4878255,126.4877023,18
33.4878777,126.4858481,8
33.4880982,126.4870525,16
33.4881345,126.4862993,21
33.4932607,126.4853406,4
33.4902662,126.4849197,11
33.4902662,126.4849197,4
33.4922173,126.4803835,4
33.4924502,126.479677,5
33.4916056,126.5007571,14
33.4913716,126.5007289,21
33.4878206,126.4978661,18
33.4884477,126.4991231,9
33.4877919,126.4995586,11
33.4914034,126.4991188,26
33.4927296,126.4992913,58
33.4831611,126.4966751,13
33.4829638,126.4948249,26
33.4906896,126.4954227,8
33.4934619,126.4949237,18
33.4890345,126.491463,466
33.4903936,126.4890991,36
33.4910803,126.4860221,60
33.4933634,126.4872608,26
33.4934001,126.4854893,7
33.4916114,126.4823605,4
33.4769069,126.4885874,9
33.4776789,126.4892881,98
33.4783326,126.4892308,9
33.4783711,126.4903325,26
33.4799075,126.4913882,18
33.4786707,126.4905725,30
33.4801085,126.4922175,10
33.4811577,126.4907795,17
33.4812345,126.4880263,15
33.4815619,126.4879616,21
33.4867526,126.5068554,18
33.4889203,126.5138382,34
33.4956722,126.5201018,24
33.4898043,126.5151456,2
33.4921229,126.5114677,2
33.4924183,126.5112334,5
33.4979179,126.516913,29
33.497919,126.5185191,2
33.4977257,126.520244,32
33.4978984,126.5199695,19
33.4916289,126.5119355,18
33.4895617,126.5143536,10
33.4889308,126.5136995,7
33.489533,126.5125031,22
33.4965449,126.5205725,10
33.4995952,126.5135555,14
33.4749096,126.546591,9
33.483771,126.5444644,11
33.4902407,126.5490884,26
33.4746887,126.5475031,13
33.4935668,126.5411988,17
33.4540657,126.5716995,17
33.4783037,126.5528925,13
33.4933426,126.5410472,11
33.4920589,126.5421422,10
33.4919956,126.5423308,17
33.4929141,126.5414259,18
33.4916431,126.5443067,19
33.4923794,126.5444781,9
33.492711,126.5432949,19
33.4935492,126.542469,20
33.4717763,126.5508553,47
33.4721964,126.5506991,10
33.4721813,126.550854,10
33.4723557,126.5508527,7
33.3889435,126.2318909,13
36.48081974,127.261498,270
36.48519056,127.2621038,262
36.50130085,127.2364885,14
36.477651,127.2886718,61
36.48343751,127.2679595,71
36.477648,127.289592,61
36.503721,127.249759,163
36.511372,127.247876,271
36.59986255,127.3000256,25
36.599883,127.299338,149
36.60063524,127.297778,200
36.59884803,127.297507,51
36.502083,127.2594886,568
36.465293,127.281752,41
36.48657687,127.3023583,464
36.4981061076,127.3100046835,54
36.4758394,127.2769765,56
36.48859775,127.2585226,665
36.59986238,127.2276795,43
36.46840169,127.282307,55
36.48125005,127.2623967,270
36.51427158,127.2582387,13
36.5012893,127.2358746,14
36.48137667,127.2606046,33
36.52842168,127.3673136,21
36.60801006,127.2930005,12
36.6023591,127.2826619,38
36.6167035,127.2847418,49
36.5829588,127.2904448,13
36.5859156,127.2943109,15
36.5914303,127.2954557,38
36.5897515,127.2921139,9
36.59143398,127.2973612,29
36.50198043,127.2388442,18
36.5970124,127.2929002,16
36.59718139,127.2948157,28
36.6040541,127.2937427,19
36.6049246,127.2914987,21
36.6048758,127.2910161,23
36.60192428,127.2883287,10
36.6043613,127.292332,19
36.5949536,127.2996409,45
36.60282502,127.3032063,13
36.6064637,127.2989399,49
36.50735711,127.2317493,12
36.59686001,127.2974185,38
36.5975716,127.2971762,40
36.47658585,127.2562744,98
36.46193665,127.280204,108
36.52869512,127.3678869,15
36.52927377,127.368217,13
36.59695663,127.2968062,129
36.6071061,127.2934859,11
36.6050106,127.2909562,17
36.5995664,127.289066,6
36.51683709,127.2350177,16
36.6037189,127.2904399,11
36.6044805,127.2936375,6
36.60589417,127.2934734,4
36.6051481,127.2916974,9
36.5996042,127.2894163,11
36.6030928,127.2908008,17
36.6039083,127.2933385,8
36.6047987,127.2902572,12
36.6054656,127.2930825,12
36.6045048,127.2907768,16
36.49734559,127.2674606,208
36.6022069,127.291497,6
36.605094,127.2927184,10
36.6052085,127.2929447,21
36.5909599,127.2931045,17
36.5909418,127.2933655,32
36.5914934,127.2925297,25
36.59212688,127.2954506,4
36.5922536,127.2957203,22
36.46939307,127.2531644,180
36.48481709,127.2946232,58
36.25802029,127.263899073,18
36.2644225,127.25479,24
36.26240232,127.2584437,19
36.26599883,127.2605018,20
36.26604261,127.2592368,18
36.25233982,127.2684997,20
36.28791702,127.2380713,152
36.2719256319,127.2660914784,46
36.28852463,127.2385401,255
36.28662966,127.2406297,244
36.25027605,127.2699395,28
36.25190326,127.2722262,76
36.27256496,127.262743,113
36.27526153,127.2556945,60
36.27403894,127.2543558,68
36.27334477,127.2536461,70
36.27240106,127.2516822,110
36.28308149,127.2402787,27
36.28911295,127.2428262,178
36.28278469,127.2407433,12
36.27017506,127.2560205,22
36.27330466,127.2508741,12
37.22033838,126.9552000004,17
37.218006,126.9485114,50
37.22527062,126.9454152,214
37.226041,126.944892,186
37.2191071,126.9494624,22
37.2254454722,126.9245244856,26
37.2092135,127.0307786,60
37.20746237,127.0389807,49
37.2039980517,127.0352090927,133
37.20573873,127.0329528,313
37.086472,126.9040448,82
37.08525003,126.9098394,943
37.199008,127.023485,25
37.19990513,127.0236713,36
37.18502466,127.1018432,50
37.1990351167,126.8309821722,40
37.2145148042,126.7338465637,46
37.16513991,127.0997309,30
37.19411321,127.0735623,20
37.20695738,127.0623502,54
37.22523952,127.0749312,19
37.22251673,127.0765656,24
37.22224756,127.0756487,29
37.2225246,127.0691108,212
37.208356,127.071284,502
37.16902011,126.7037569,51
37.1698693505,127.1230802494,44
37.1723314814,127.1234513691,44
37.17333316,127.1136179,36
37.21375257,126.7357193,49
37.2473467,126.8733636,35
37.237552479,126.8740907608,68
37.16304408,126.6210473,221
37.18834623,126.6546208,44
37.185836,126.653033,62
37.20878344,127.0625918,9
37.20703825,126.9897771859,150
37.20668155,126.9909181,63
37.08452752,126.8188109679,124
37.2097464784,127.0061103809,142
37.21361603,126.9775326,128
37.20349018,127.1261584,34
37.20612954,127.1082559,52
37.20822681,127.0939804,50
37.20535433,127.1137334,125
37.2071976,127.1120458,72
37.1920662,127.0887715,128
37.19995765,127.0907034,566
37.2061440081,127.0731626974,156
37.11739979,126.9095752,280
37.11798049,126.9108822,28
37.13379307,126.9085743,89
37.13464478,126.9102486,60
37.1304030563,126.9080293,108
37.20419015,126.9987303,43
37.20501535,126.9967244,40
37.24509988,126.9502474,15
37.24381079,126.9467474,24
37.21878266,127.0360671,32
37.21926536,127.0383386,72
37.21362646,127.039849,156
37.2047774,127.1393009,34
37.08461535,126.8216062,24
37.0838191229,126.8144617022,44
37.16978679,126.6185897,189
37.1780953931,126.6226307,28
37.1612801315,126.6200807316,348
37.13031856,126.9222939,27
37.1308055,126.919245,80
37.20572515,127.0741421,60
37.07428235,126.7331546,81
37.13287685,126.9222189758,133
37.1345543,126.902803,68
37.10511417,126.9000177,55
37.11464152,126.9118559,382
37.13338946,126.8997254,48
37.13295812,126.9100209,20
37.13316301,126.9104201,32
37.19750418,127.0766596,21
37.21085245,127.0647531,57
37.18306198,127.1235247,63
37.18074042,127.1263822,102
37.17052179,126.7641832,162
37.17122891,126.7723577,190
37.20750948,126.7752629,39
37.21700419,126.9592153,213
37.17531004,127.0850676,111
37.16936867,127.082981,276
37.20222199,127.0979236,349
37.20554051,127.0744542,82
37.2010429,127.0734653,70
37.15861399,127.1046902,49
37.15945571,127.1008897,38
37.17354114,127.1234932,48
37.18355738,127.1072451,42
37.169647,127.1210899,32
37.1680068,127.1052233,321
37.19349104,127.0890273,64
37.1733444478,127.0895618978,98
37.16013545,126.9166017,109
37.20094921,127.0730005,52
37.20083002,127.0719537751,157
37.21674042,127.0322711,131
37.21444248,127.0542543,20
37.2035714,127.0518883,39
37.20979805,127.0604072946,25
37.20932089,127.0601427,24
37.19538226,127.0818447,141
37.20714514,127.0793292,56
37.21146656,126.828967,83
37.20947469,126.8165804399,82
37.1995125,126.8256618,10
37.20818355,126.8147073,40
37.199252,126.8253554,10
37.19899577,126.8259425,28
37.20419549,126.8291394,204
37.20863744,126.8261481,65
37.19572915,126.9896476,18
37.19334646,127.0736336,22
37.20039823,126.8290137,28
37.19952875,126.8274837,20
37.21642423,127.0546536,36
37.15954091,126.9085587,57
37.2104711532,127.065900675,102
37.16002784,126.9318217,34
35.69291885,127.917525,8
35.68622912,127.9067583,12
35.69093288,127.9127695,10
35.68756031,127.9187202,10
35.68583013,127.9076319,14
35.68797015,127.9078811,5
35.68573348,127.9041991,16
35.69033011,127.9107374,5
35.6906892,127.9127669,6
35.68503477,127.9227335,108
35.68831336,127.9216714,9
35.68331772,127.9148484,4
35.68956149,127.9124438,6
35.68719074,127.9094232,5
35.68843639,127.9104901,11
35.68855333,127.919614,8
35.69198205,127.9085805,13
35.69306318,127.9154004,7
35.67741057,127.9111444,11
35.68715042,127.9085087,11
35.69132509,127.9182812,19
35.68926471,127.9183493,7
35.68573818,127.9068337,9
35.68357994,127.916584,12
35.69014251,127.9113397,7
35.68803202,127.9120364,13
35.6841557,127.9200066,9
35.69011991,127.9100497,14
35.6884287,127.91481,50
35.68919161,127.9172956,9
35.68955118,127.9133881,7
35.68817736,127.9101472,15
35.68653854,127.9128489,28
35.68600473,127.9112194,35
35.68794238,127.913209,55
35.55481868,127.924857,160
35.69513581,127.9263505,248
35.77020671,127.7173898,68
35.73662049,128.0408983,100
35.7334596,127.7929677,400
35.7160163,127.9640633,30
35.69202671,127.8793554,18
35.68242997,127.9411861,10
35.69151035,127.9035779,25
35.71351895,127.991064,74
35.69887056,128.0220816,201
35.76092327,127.8336769,242
35.56771102,127.9259715,18
35.68633674,127.9142509,148
35.68856174,127.9060581,25
35.68744523,127.9041599,27
35.68502689,127.9144044,368
35.68648926,127.8943328,28
35.74358812,127.8381164,5
35.68901979,127.9144116,9
35.68945245,127.9131685,23
35.68669196,127.9088661,7
35.68669196,127.9088661,6
35.69014251,127.9113397,29
35.68448309,127.9084465,10
35.68702091,127.9231392,47
35.68542911,127.9214358,43
35.682597,127.9211193,60
35.68192092,127.9151401,28
35.68537873,127.9217565,56
35.68352986,127.9174556,84
35.68702091,127.9231392,109
35.68412698,127.9143797,106
35.68311338,127.9087291,211
35.68404307,127.904576,74
35.69432794,127.9195328,47
35.69282516,127.9073763,26
35.69140609,127.916273,76
35.69170363,127.9194942,44
35.45612937,128.528859,56
35.46720083,128.4472263,35
35.54179499,128.506589,182
35.53346458,128.5016011,28
35.38982642,128.4781048,25
35.539934,128.4940491,21
35.4582158,128.5240512,10
35.4595523,128.4763978,17
35.39595495,128.4701981,8
35.51129635,128.497959,11
35.43603491,128.5149515,50
35.53304707,128.5044452,5
35.54416135,128.4968897,122
35.385865,128.4693733,120
35.53767097,128.4902649,33
35.43010515,128.5511464,6
35.52322577,128.5037974,11
35.559579,128.5664654,40
35.53541913,128.5043669,48
35.53822867,128.5026948,27
35.38935178,128.4805005,52
35.50029938,128.490969,14
35.54054323,128.4910335,94
35.45791013,128.4731233,11
35.54104896,128.4988,15
35.5108257,128.4155792,7
35.45327232,128.5293671,13
35.44334061,128.4233494,10
35.45541,128.5257138,170
35.45747,128.5269364,48
35.54194405,128.4939207,53
35.39133,128.4792,21
35.54076252,128.4827,49
35.43755605,128.5890928,13
35.43748617,128.6053624,10
35.41269732,128.567761,18
35.38700965,128.4656625,71
35.53769321,128.4850391,100
35.55467706,128.4711927,30
35.42350087,128.6099364,12
35.38884031,128.4825793,40
35.56756946,128.4910202,30
35.53958514,128.498342,45
35.39184016,128.4836023,74
35.54143974,128.5022325,26
35.58809157,128.4812258,7
35.57493126,128.4372754,35
35.6132741,128.4721567,47
35.61254264,128.4699949,102
35.6284534,128.4929105,3
35.64484174,128.5246153,30
35.43101922,128.5927779,3
35.43459972,128.6017707,16
35.43177633,128.6318238,12
35.44264671,128.5872869,12
35.43707322,128.593434,16
35.43750899,128.5940456,1360
35.39063623,128.5426047,5
35.39905659,128.5462601,6
35.39005006,128.5423304,36
35.38592929,128.570354,13
35.44820441,128.5254813,10
35.45750253,128.5347916,12
35.45555885,128.5280985,11
35.45363319,128.5279207,16
35.45859753,128.5309352,26
35.45704192,128.5325981,50
35.45364274,128.5283052,20
35.45726421,128.5347037,16
35.4910469,128.5114138,12
35.54431283,128.4734646,22
35.52211848,128.3879884,10
35.54630638,128.4290948,15
35.57682327,128.3875293,50
35.48099858,128.5019076,16
35.56573796,128.5642444,20
35.38727752,128.4816506,10
35.38643232,128.4765483,11
35.38817573,128.4802096,22
35.39056354,128.4820461,11
35.38918233,128.4834996,90
35.38980727,128.4767453,4
35.39287852,128.4867797,30
35.3921728,128.4552078,8
35.44318147,128.4268974,27
35.38690629,128.4771376,82
35.53962738,128.4950513,47
35.54020353,128.4875159,70
35.53867869,128.502617,3
35.51987379,128.4980254,7
35.53245693,128.5037085,10
35.5392142,128.4987513,50
35.54036484,128.5033042,14
35.54173565,128.4992693,13
35.54349378,128.5002897,14
35.53883689,128.5025505,5
35.54248242,128.497613,14
35.5395572,128.5005662,30
35.53696971,128.4951472,5
35.54242132,128.502349,30
35.54191336,128.4989273,32
35.54007277,128.4973587,80
35.53982848,128.5013858,53
35.54166988,128.4915096,73
35.5464876,128.497173,25
35.5454113,128.4950539,39
35.5404086,128.5074735,304
35.54185091,128.5149056,77
35.55154117,128.4841398,50
35.54213907,128.4973643,62
35.51981162,128.5064926,400
35.51810563,128.5511616,300
35.51884919,128.5510913,50
34.84464623,128.4340495,29
34.84584766,128.4232531,202
34.8550285,128.4278626,87
34.8397931,128.4202281,455
34.84659034,128.4149812,15
34.84384752,128.4408691,238
34.82984394,128.4060523,80
34.83952456,128.4299689,27
34.84184256,128.4271016,123
34.84714751,128.4184868,62
34.84686892,128.4237468,154
34.88129712,128.4207613,20
34.84337096,128.4282503,78
34.84152026,128.4315429,47
34.8229012,128.415102,29
34.88934348,128.4187853,33
34.84673374,128.4256216,12
34.83284101,128.4128347,67
34.8429654014,128.426871639,30
34.8414889,128.4225329,18
34.85583524,128.4266091,18
34.86118485,128.4255213,27
34.85575784,128.4356966,37
34.86101061,128.4237924,33
34.85906753,128.4277523,45
34.84252408,128.4188373,18
34.85947816,128.4237735,75
34.84278999,128.4194028,24
34.83609021,128.411698,29
34.8431827,128.4202235,27
34.83542627,128.4107703,11
34.82831085,128.432905,207
34.84040881,128.4246267,159
34.84461551,128.4348633,29
34.82217124,128.4143554,84
34.823594435,128.4226329534,383
34.95814497,128.4207474,519
34.8510953,128.4289366,52
34.83689606,128.4136747,51
34.83301073,128.4126729,78
34.84450995,128.431449,50
34.8402724,128.3956726,44
34.85865921,128.4285048,12
34.84595248,128.4323735,39
34.85710942,128.4283035,18
34.88020968,128.422164,39
34.8811665,128.4190983,19
36.95566454,129.3804882,147
37.079048,129.284252,2200
37.09728438,129.3715577,300
36.743829,129.468713,20
36.993095,129.4005165,67
37.0563283959,129.4147679894,54
37.05822136,129.4278915,10
36.72809227,129.4407696,38
37.10116997,129.3663646,17
36.682712,129.456077,8
37.057638,129.425665,56
36.943468,129.367039,30
36.67927882,129.4476155,10
36.684397,129.4407395,12
36.681306,129.4547002,36
36.68623122,129.460368,30
36.685541,129.464409,30
36.689444,129.4574087,79
36.64482869,129.423042,35
36.678764,129.462945,124
36.6783712,129.4469613,198
37.060707,129.421316,50
37.059607,129.421699,24
37.059607,129.421699,38
37.043701,129.409344,104
37.042917,129.413005,47
37.040459,129.413916,97
36.720385,129.339259,58
36.72411072,129.345393,94
36.798431,129.452645,7
36.798431,129.452645,36
36.84338152,129.4330485,118
36.75328435,129.4672159,152
36.956548,129.359484,75
36.963937,129.3983354,70
36.958278,129.374835,563
36.95566454,129.3804882,138
36.96870242,129.401084,42
36.966554,129.380989,80
36.963937,129.3983354,11
36.842865,129.4337481,134
37.12588129,129.3708452,46
37.104865,129.3730882,20
37.104865,129.3730882,42
37.104865,129.3730882,25
36.726347,129.442421,34
36.989255,129.396614,100
36.9971891,129.403005,40
36.992248,129.4000949,43
36.99290147,129.3991278,454
36.994654,129.406559,119
36.99191817,129.4022802,151
36.678614,129.4390912,11
36.676891,129.443688,278
37.059607,129.421699,169
37.064148,129.419173,27
36.722437,129.342473,36
36.72549014,129.4417607,15
36.728099,129.441514,32
36.726032,129.4412285,52
36.990344,129.399236,50
36.99455149,129.398506,30
36.932527,128.912865,5
36.890924,128.742158,5
36.891104,128.736729,6
36.891865,128.741544,8
36.888823,128.739894,10
36.88324916,128.816813,11
36.891271,128.734266,11
36.839359,128.879975,12
36.937069,128.919225,15
37.044548,129.063512,16
37.044552,129.062014,16
36.815752,128.962155,17
36.857479,128.903327,17
36.894832,128.739143,17
36.889136,128.739429,18
36.891267,128.734701,19
36.891588,128.739632,20
36.856808,128.902776,21
36.952056,128.996743,21
36.893902,128.737211,21
36.817525,128.962822,22
36.833518,128.755058,22
36.938449,129.002805,23
36.910579,128.876099,23
36.816084,128.962084,24
36.888846,128.731191,26
37.045755,129.064608,27
36.885422,128.734459,30
36.890666,128.737078,30
36.858283,128.899503,32
36.889193,128.742136,32
36.884023,128.815746,33
36.891451,128.739805,34
36.858663,128.900499,38
36.887374,128.739206,39
36.900175,128.736463,42
36.891883,128.737202,43
36.889416,128.739052,43
36.937098,128.913642,43
36.888046,128.738822,43
36.887911,128.737917,45
36.888063,128.725514,47
36.891744,128.736683,52
36.931709,129.057595,57
36.891007,128.741133,60
36.888665,128.742824,63
36.858884,128.900696,96
36.890066,128.734857,113
37.012492,128.746323,130
36.936969,128.912926,133
36.786832,128.893252,134
36.890397,128.737935,285
36.66632258,129.1105844,131
36.55923178,129.1269268,23
36.830693,129.270169,52
36.838397,129.269422,48
36.61195684,129.0696114,23
36.7191563,129.0967466,68
36.718679,129.102553,10
36.663469,129.117524,24
36.658942,129.116877,79
36.65978281,129.1170133,85
36.66423521,129.1165135,10
36.55793456,129.1242948,22
36.765217,129.202568,18
36.702374,129.128765,20
36.59418413,129.0903656,26
36.594105,129.090393,11
36.59305783,129.090267,30
36.66716018,129.1141042,40
36.655339,129.147918,125
36.66194441,129.118027,30
36.615803,129.084696,45
36.660875,129.063304,15
36.661414,129.062462,17
36.608537,129.082023,57
36.66735774,129.1126844,146
36.3866110746,128.4350348741,21
36.3814144631,128.575458776,10
36.4942265165,128.4680187086,20
36.519222,128.358511,46
36.388084,128.405361745,7
36.376152,128.3828093129,12
36.2598001988,128.6795497846,45
36.3513220684,128.705118,21
36.40068209,128.8032646,17
36.2995241,128.5785714,39
36.37361789,128.3818607,27
36.23258499,128.7267849,16
36.4507909,128.3522703,10
36.4494689,128.3549187,14
36.45142149,128.353917,38
36.3846239,128.4394245,95
36.3860099,128.4336707,8
36.38504469,128.4390073,92
36.3783268,128.4439081,14
36.38628492,128.4357201,27
36.42471544,128.7684003,109
36.2519028,128.6857967,50
36.2567992,128.6807753,17
36.2542076,128.684051,51
36.2533708,128.6827075,65
36.2613309,128.6816703,40
36.3507847,128.703578,22
36.3511714,128.702892,14
36.3509563,128.7023755,31
36.3503516,128.7043372,52
36.34981262,128.7015499,13
36.35307486,128.7023539,16
36.35285646,128.6991944,51
36.3512034,128.6992469,11
36.35046504,128.7016585,8
36.347408,128.6975847,43
36.34689196,128.7035088,5
36.3447327,128.7001952,53
36.34993228,128.7047743,22
36.34645709,128.6982711,20
36.34783126,128.6987737,15
36.3476659,128.6976453,11
36.344631,128.6973985,98
36.3449019,128.6975337,45
36.3479325,128.6971395,11
36.35296608,128.6975002,12
36.3543995,128.696195,26
36.3546623,128.6977213,32
36.34949426,128.697223,129
36.36001151,128.6926656,49
36.3541317,128.6953924,19
36.3548873,128.6971824,10
36.3565812,128.6926215,10
36.3569557,128.6960046,20
36.35013854,128.6948478,40
36.350359,128.6954187,13
36.3508439,128.6979087,43
36.3508883,128.6960697,17
36.355509,128.6954609,187
36.03739679,129.3690025,15
36.03869865,129.3692948,6
36.0385062,129.3692175,7
36.04005613,129.3660775,13
36.04000846,129.3650828,12
36.03372872,129.368852,15
36.08871904,129.3882345,85
36.06129979,129.370114,34
36.01932627,129.3547968,200
36.02087161,129.3531763,20
36.02154769,129.3518864,10
36.0209756,129.353032,48
36.02237929,129.3527204,16
36.0230853,129.3591593,48
36.02439722,129.3579559,92
36.02332574,129.3569448,37
36.02856209,129.3606322,40
36.02901263,129.3639302,18
36.02990807,129.3640789,54
36.03004047,129.3650312,20
36.03059994,129.3660938,76
36.0309445,129.3637155,14
36.03209529,129.3663858,21
36.03346757,129.3645198,25
36.03278508,129.365341,31
36.03201184,129.364255,15
36.03125168,129.3635737,47
36.0318175416,129.3641014999,21
36.03748732,129.3693791,49
36.08846692,129.391734,247
36.11146548,129.3507669,21
36.05366112,129.3765129,12
36.15251588,129.0785947,50
36.16157634,129.0947773,54
36.03373764,129.3799254,6
36.03696854,129.3781981,42
36.03453278,129.3794108,115
36.04402136,129.374328,44
36.00329458,129.3473852,70
36.01492759,129.3599069,27
36.00558112,129.338933,188
36.00759664,129.3294754,51
36.03353479,129.3139894,20
36.02409876,129.3400887,86
36.02708391,129.3395318,168
36.01296616,129.35647,25
36.0201886,129.3646938,37
36.01802524,129.3686072,21
36.02618582,129.3721182,40
36.03522279,129.371373,74
36.01515573,129.3544715,20
36.04129527,129.3729894,119
36.02063441,129.3601987,10
35.99689574,129.565744,5
35.99163553,129.5506616,15
35.98964425,129.3558504,15
35.99692672,129.3556311,22
35.99758803,129.359408,17
35.99912549,129.3600396,26
35.99726915,129.3561285,28
35.99706741,129.3540555,19
35.99951611,129.3495512,28
35.99951781,129.3483652,12
35.99784297,129.3429851,14
36.00379662,129.3177207,24
36.00504737,129.3206612,25
35.98816061,129.4488236,35
35.98819584,129.446122,13
35.98836614,129.4502695,25
35.9882758,129.4494388,13
35.98763859,129.4441161,15
35.96604553,129.4175403,7
35.97601328,129.4142336,22
35.97599591,129.4127509,6
35.97591711,129.4106388,2
35.97636576,129.4168227,21
35.97640675,129.4127197,9
35.97643516,129.4104604,9
35.96376604,129.4032836,39
36.01351896,129.3433506,19
36.01354126,129.3394131,75
36.01278581,129.3376194,5
36.01088135,129.3349758,29
36.01232221,129.3364014,10
36.01479704,129.3427182,40
36.0230394,129.3397591,77
35.98310344,129.3631775,6
36.02649851,129.3765633,22
36.02909815,129.3747806,18
36.03022626,129.3750548,22
36.0338577,129.3806034,40
36.03191671,129.3774167,2
36.03131967,129.3732687,19
36.03225958,129.3729545,9
36.03239181,129.3747304,11
36.03349476,129.3738639,31
36.03219293,129.3734176,17
36.04033762,129.3772027,46
36.04195255,129.3740933,26
36.04033762,129.3772027,56
36.04330695,129.3738157,43
36.04156826,129.372836,41
35.97574877,129.3723729,31
35.98926785,129.403009,26
36.01339147,129.3700413,27
36.01394866,129.3670672,22
36.01763779,129.3679102,18
36.01441708,129.3680303,8
36.01811067,129.3671741,14
36.01824189,129.3691971,19
36.02255387,129.3702122,9
36.02358612,129.3730774,25
36.02370466,129.3734293,33
36.02295821,129.3703,10
36.02560936,129.3766257,36
36.02896674,129.372595,61
36.02594968,129.3724586,40
36.02607024,129.3727953,40
36.019282,129.3676462,40
36.02809859,129.36806,10
36.02976692,129.3737598,44
36.02940967,129.372508,39
36.02886794,129.3688442,35
36.00601477,129.3622909,37
36.00547796,129.3606362,40
36.00379635,129.3486783,23
36.01086033,129.3521441,26
36.01288607,129.3631474,17
36.013672,129.3581375,29
36.01172254,129.3562947,31
36.01385218,129.3572822,23
36.01443572,129.3564861,10
36.0131382,129.3516502,6
36.01548553,129.3545207,10
36.01571988,129.3659926,23
36.01473554,129.3671929,9
36.0145788,129.3660411,10
36.01368042,129.3644433,14
36.01323678,129.3631771,18
36.01452654,129.3643931,24
36.01603425,129.3631962,14
36.01420137,129.3582272,45
36.0137753,129.360241,21
36.01717528,129.3608868,29
36.01740457,129.3601599,24
36.01822868,129.3591272,6
36.01904185,129.3658136,24
36.01590279,129.3656449,23
36.01592485,129.3652211,19
36.02092654,129.3641929,32
36.0180107,129.3611648,56
36.01683837,129.3631836,25
36.02013956,129.3622902,30
36.01960632,129.3594324,9
36.01859943,129.3599238,6
36.02140954,129.3642534,40
36.02135925,129.3632811,18
36.02207128,129.3626377,11
36.02225666,129.3630147,8
36.02615478,129.3615943,30
36.02258574,129.3625238,5
36.0093372,129.3388454,7
36.00912881,129.3383782,10
36.00910843,129.3349127,5
36.00910917,129.3343378,4
36.00873735,129.3335127,9
36.00642736,129.3261184,31
36.00642736,129.3261184,4
36.00658221,129.3266448,2
36.00712774,129.328131,5
36.00743863,129.3277764,14
36.00705084,129.327943,116
36.00873065,129.3333153,4
36.00808188,129.3312618,27
36.00759664,129.3294754,18
36.00788927,129.3290075,21
36.01442986,129.3438023,47
35.98982629,129.555554,173
36.25194842,129.3732846,109
36.20060159,129.3682867,210
36.20097387,129.3704227,20
36.20175,129.3708474,13
36.20072612,129.371061,74
36.20454343,129.3710704,14
36.20482045,129.3711563,13
36.06338366,129.3933218,105
36.0704562,129.383624,71
36.13072756,129.3965711,353
36.13198433,129.3978166,570
36.06331866,129.3795406,638
36.04694956,129.3405365,100
36.04694956,129.3405365,126
36.14628708,129.2439135,26
36.20181653,129.3693112,31
36.05328505,129.3764885,353
36.06153949,129.3807528,41
36.06368765,129.3831796,100
36.03181754,129.3641015,21
36.07353428,129.3409224,405
36.03827625,129.3698876,49
36.03656345,129.3692565,169
36.03334173,129.3670105,171
36.03663294,129.3676497,128
36.22734645,129.3579738,19
36.25458991,129.3723714,12
36.0705816,129.2083203,20
36.07011733,129.2099885,9
36.07086303,129.2115228,89
36.07238906,129.2102624,25
36.07159419,129.2080532,56
36.20297416,129.3707961,5
36.05792198,129.3751996,13
36.05927138,129.3755817,7
36.05867554,129.3748279,5
36.06483539,129.3847723,10
36.10569632,129.3471604,36
36.10789348,129.3463041,40
36.11239744,129.3513023,26
36.11186562,129.3469504,37
36.11031631,129.3479408,5
36.11160899,129.3439491,33
36.1115257,129.3429209,8
36.07508674,129.3898709,77
36.08226564,129.3774076,9
36.03143209,129.3485747,25
36.02714877,129.3546648,20
36.02461884,129.354171,73
36.03471873,129.3597773,54
36.04397034,129.3483565,100
36.03998643,129.3539057,8
36.0526785,129.3635167,11
36.06242594,129.3695819,15
36.06420198,129.3710696,27
36.01696082,129.3513121,9
36.01603691,129.3534717,20
36.01702271,129.3523826,8
36.01803961,129.3504793,47
36.01885792,129.3579189,13
36.02002761,129.3571897,4
36.02204016,129.3561765,43
36.02095634,129.3592512,31
36.02129717,129.3600069,4
36.02261399,129.355274,61
36.02370098,129.3598893,20
36.02152255,129.3605812,36
36.02490481,129.3571789,24
36.02431127,129.3610951,26
36.02824273,129.3598293,8
36.02819924,129.3607565,10
36.03124234,129.3597725,24
36.03202106,129.3699789,34
36.04012973,129.368691,33
36.03984206,129.3678928,8
36.03710321,129.3656948,15
36.03693951,129.3661142,4
36.03948805,129.3665932,8
36.04025664,129.3668557,15
36.04068512,129.3687313,24
36.04447266,129.3696084,9
36.04255501,129.3680528,17
36.04491928,129.3697166,22
36.04532932,129.3682908,10
36.04513318,129.3678664,6
36.0446644,129.3632201,3
36.04999691,129.3724026,18
36.0488661,129.3684026,16
36.04814096,129.364809,23
36.04895533,129.3628653,38
36.05110298,129.3729839,12
36.05114061,129.3722269,6
36.05262867,129.3769816,25
36.05534313,129.3745431,22
36.05326582,129.3731241,30
36.05578196,129.3742496,22
36.06026336,129.3794771,185
36.04532932,129.3682908,12
36.03559876,129.3699914,11
36.03423793,129.3633267,30
36.03576732,129.3648775,59
36.03551175,129.3624742,57
36.03650035,129.3652889,60
36.03806556,129.3687234,8
36.03859339,129.3695012,13
36.04267196,129.3672776,14
36.04179346,129.3669147,12
36.01201004,129.3503424,40
35.99614754,129.3493178,30
35.95870289,129.4034424,10
36.01824734,129.3422459,24
36.01693498,129.3416596,28
36.02496237,129.3403514,83
36.03317431,129.374417,15
36.01894826,129.3702174,16
36.02059053,129.3687769,30
36.02627999,129.3685814,7
36.02888432,129.3699291,5
36.01217919,129.3513971,25
36.01343407,129.3494781,13
36.01406894,129.3500418,60
36.01505557,129.3523688,40
36.01499464,129.3550507,13
36.01641372,129.3617249,28
36.01772065,129.3586002,15
36.01849068,129.3579649,11
36.01836813,129.3584506,20
36.0180625,129.3588772,12
36.01917855,129.3615821,22
36.01872882,129.3438886,686
36.01540313,129.3542987,20
35.99946976,129.4200322,169
36.00458267,129.4630054,63
36.01351017,129.361667,54
36.02368451,129.3744243,42
36.02865564,129.3732733,181
35.99246902,129.4434615,20
35.98892933,129.4352998,13
35.92920292,129.3825342,48
35.92882034,129.3816142,130
35.89087678,129.524343,30
35.89103208,129.488975,100
36.02342835,129.4995035,30
36.02306528,129.4983565,12
35.98538485,129.4007387,26
35.99620832,129.5654998,55
35.98926152,129.5556114,74
35.9882685,129.5528864,128
35.98645257,129.5516919,94
36.07713935,129.5657781,122
36.07754873,129.5619619,10
36.08139077,129.5604679,51
35.88161867,129.5194477,58
35.87831454,129.5179995,22
35.89576007,129.4935725,18
35.99569918,129.3519023,48
35.96587197,129.4187928,37
35.97181933,129.4166703,32
35.97366514,129.4160016,23
35.96812342,129.4035496,50
36.01274902,129.3423612,26
36.01264931,129.3318622,255
36.01609779,129.3432077,10
36.01889277,129.3410981,23
36.01765759,129.3419924,25
36.04048757,129.3753676,31
36.0831334,129.409714,95
35.9959194,129.410595,21
36.016057,129.3433434,18
36.0943369,129.341773,60
36.0628394,129.3904034,260
36.1075287,129.3438836,39
36.07665809,129.3938123,140
36.1564974,129.3975327,80
35.99173147,129.442231,100
36.06427474,129.3846014,72
36.0190156,129.3403237,10
36.0820721,129.392533,12
36.03881552,129.3667729,40
36.03961511,129.3670769,19
36.03994822,129.3668469,16
36.03813882,129.3635529,13
36.0384399,129.3635772,16
36.03499235,129.3616939,81
36.03738034,129.3626335,17
36.03785584,129.3628299,24
36.03760189,129.362758,24
36.03619779,129.3630901,23
36.0362528,129.3641865,32
36.03721835,129.3647732,30
36.03780509,129.3622822,9
36.03873403,129.3622313,19
36.04047067,129.3655254,50
36.04061168,129.3649472,9
36.04032034,129.364802,12
36.03951929,129.3652209,13
36.03917505,129.3643642,10
36.03906569,129.3637626,33
36.03902942,129.3634946,9
36.03916847,129.3637581,45
36.0400542,129.3638605,30
36.03922094,129.3628349,28
36.04055503,129.3691636,41
36.04214029,129.3669799,18
36.04215262,129.3665095,12
36.04280097,129.3645586,15
36.04106045,129.3658047,28
36.04976798,129.3711002,12
36.03786612,129.369375,18
36.03116118,129.3643683,28
36.03462086,129.3691783,7
36.03475939,129.3693109,40
36.03497694,129.3699187,26
36.03410956,129.3686564,93
36.03417956,129.3703974,22
36.0339161,129.3687573,20
36.03375338,129.3679785,20
36.03327453,129.3676484,35
36.03354412,129.3663622,22
36.03521167,129.3647379,86
36.03467632,129.3648769,16
36.034752,129.3647855,15
36.03463684,129.3643001,24
36.03465612,129.3638457,20
36.03377806,129.3651723,22
36.03779602,129.3663046,17
36.03746439,129.3626181,14
36.03661685,129.3656717,16
36.03702757,129.3668518,15
36.03756898,129.3671935,30
36.03772785,129.3681491,20
36.03736,129.3680758,32
36.03752798,129.3688342,19
36.03786612,129.369375,18
36.03394719,129.3798211,37
35.2874128485,126.5765878934,300
35.3645913608,126.4363701847,16
35.3646583257,126.4375109327,128
35.3622595,126.4433795,44
35.3597276317,126.4449892945,46
35.3622595,126.4433795,10
35.3587408979,126.4438570903,38
35.3598977636,126.4401259589,42
35.3593838542,126.441353648,40
35.3591881956,126.4440280729,20
35.3598310651,126.4415246638,30
35.3598310651,126.4415246638,20
35.3609597304,126.4407077498,38
35.16863371,126.3603067,118
35.21146835,126.3735607,209
35.2117632118,126.3756544761,150
35.2117632118,126.3756544761,20
35.2117632118,126.3756544761,170
35.1996750767,126.5500476267,250
35.1996750767,126.5500476267,160
35.1996750767,126.5500476267,176
35.1996750767,126.5500476267,75
35.2165296371,126.5285047372,430
35.21184822,126.5179097,85
35.3975054209,126.4074878365,20
35.3957020264,126.448298283,50
35.3369530756,126.4327032783,145
35.3636518669,126.395640505,29
35.3636518669,126.395640505,45
35.3636518669,126.395640505,25
35.3636518669,126.395640505,27
35.3636518669,126.395640505,28
35.3636518669,126.395640505,43
35.3636518669,126.395640505,40
35.3636518669,126.395640505,22
35.3636518669,126.395640505,70
35.2699441599,126.5164799001,154
35.2786225291,126.5133140813,27
35.27014553,126.5033017492,25
35.290299061,126.4968436774,33
35.290299061,126.4968436774,30
35.290299061,126.4968436774,15
35.290299061,126.4968436774,136
35.290299061,126.4968436774,675
35.290299061,126.4968436774,255
35.2760268559,126.5106797291,18
35.2768260354,126.5046189244,43
35.277918024,126.5108747201,172
35.2747210338,126.4941124347,258
35.2760095273,126.499910642,40
35.274047234,126.5005892587,37
35.2777345531,126.5111400478,113
35.2781329549,126.5048640153,95
35.2730406582,126.5124155394,40
35.2742369842,126.5126804176,53
35.2754281831,126.5133898088,81
35.2765754919,126.5020128751,202
35.27350362,126.5030529,150
35.36038051,126.4331751,50
35.2764070475,126.5123211401,4
35.284378801,126.5006239233,32
35.27721892,126.5031894,51
35.27815788,126.5124824,18
35.02195104,126.5344216,51
35.17941069,126.6277914,57
35.138341,126.4937003,83
35.05813923,126.5226056,200
35.059385,126.521079,485
35.05529964,126.526509,2800
35.054102,126.514599,50
35.064125,126.520727,30
35.06351118,126.524006,30
35.06225737,126.5212079,50
35.060671,126.519971,90
35.06486706,126.5215424,67
35.6745969858,127.2714578016,4
35.61462837,127.2857153,15
35.6377184946,127.4078501651,140
35.54133754,127.3266755,52
35.65718388,127.2674691,110
35.61501533,127.2871301,40
35.60814,127.2814,28
35.5489297454,127.3330332677,77
35.545203375,127.3326779102,53
35.6755032569,127.2779561661,70
35.67405706,127.2752561,154
35.67229882,127.2760680349,13
35.6723753565,127.2746264925,7
35.6723753565,127.2746264925,74
35.60982997,127.282671,362
35.67364019,127.2705351,5
35.67724191,127.268648,17
35.67878053,127.2676801,49
35.67878053,127.2676801,18
35.673349,127.268993,21
35.62771068,127.3359785,80
35.62991857,127.3331064,37
35.6124995,127.2869773,48
35.6124995,127.2869773,37
35.65898791,127.1614216,38
35.660663,127.160419,18
35.61726375,127.2889986,392
35.54031249,127.3380001,20
35.53841484,127.3373377,201
35.68384735,127.1781552,15
35.61350604,127.2792762,55
35.63310203,127.3012578,350
35.5647114,127.3583343,41
35.56379001,127.357456,23
35.65468263,127.2228927,0
35.65351757,127.2204651,30
35.65706301,127.2236746,26
35.56977389,127.2012925,25
35.50948355,127.1576504,12
35.51019207,127.1570941,5
35.61268209,127.2795063,15
35.61268209,127.2795063,47
35.53794865,127.3275087,37
35.61268128,127.2795069,53
35.53845595,127.3278555,90
35.61268128,127.2795069,67
35.61268209,127.2795063,64
35.79348163,127.424737,21
35.79201698,127.4320037,27
35.79651854,127.4355142,22
35.79132953,127.4311591,121
35.78906921,127.4234361,46
35.79125388,127.424668,98
35.79221983,127.4297706,28
35.790684,127.425594,42
35.79202816,127.4256899,45
35.793209,127.425535,61
35.9288389497,126.9518396434,56
35.9590561721,126.9741273367,6
35.9364208929,126.9686062125,2
35.9561102182,126.9885953837,27
35.933148505,126.9647311075,17
35.9575156609,126.9984791719,28
36.0196272687,126.9565566714,11
35.951642762,126.977917825,30
35.9517572887,126.9803303278,30
35.9383364013,126.9590097988,14
35.9376389825,126.9589614117,20
35.9531502292,126.9795350666,29
35.9292546173,126.9521211081,33
35.9337939662,126.9584752714,58
35.9214929735,126.8767845104,39
35.9455337119,126.9438102805,36
35.9545001248,126.9704413646,26
35.9542900599,126.9936321555,55
35.9304727429,126.94780579,120
35.9380502704,126.9456878618,187
35.938767995,126.9474534584,20
35.9465319837,126.9359186377,27
35.9598462051,126.9725330097,19
35.9388565652,126.9434390259,180
35.9400726601,126.9422153098,48
35.9504590462,126.9388358193,59
35.9512306187,126.9393213841,48
35.9577902021,126.9777205641,93
35.9394137124,126.9523296337,75
35.945878744,126.9429386442,17
35.9371260541,126.9423158397,80
35.991758712,127.0518491819,50
36.0730842773,126.9694907074,77
35.9591375456,126.9802465751,150
35.9468744136,126.9587714315,233
35.9473298431,126.9478092682,48
35.9356255173,126.9430458691,10
35.940695708,126.952576975,5
35.9470475868,126.9695125217,5
35.950389662,126.9486501816,15
35.9463371706,126.949892354,10
36.0611701055,126.9115553924,8
35.9575742445,126.9384860322,59
36.0780756761,126.9595741497,44
35.9526536352,126.9749343466,24
35.9550898911,126.9713121857,13
36.005855789,126.9427494967,126
35.9386663861,126.9162658753,20
36.0786223512,126.9612997966,14
35.9615218528,126.979631509,20
35.9603410901,126.9738057738,16
35.9518788553,126.9394496027,32
35.9513658429,126.9397386725,26
36.09765829,127.4888673,16
36.18957618,127.4684572,25
36.10505207,127.4939662,27
36.10073716,127.4940057,50
36.09921024,127.4916319,40
36.09906286,127.4965093,198
36.10341126,127.4987459,126
36.09791321,127.5039918,714
36.09919988,127.4978246,127
36.1038073,127.4904353,60
36.1054365,127.4901926,142
36.10006627,127.4874419,9
36.1001586,127.4809854,8
36.0998683,127.4821348,260
36.11155576,127.4913931,177
36.11410383,127.4918531,173
36.10996068,127.4932675,24
36.09995125,127.4928883,31
36.1079332,127.4914958,12
36.1062107,127.4966586,24
36.10693187,127.4929448,39
36.10096508,127.4892683,25
36.10563927,127.4846613,41
36.10605824,127.4959944,16
36.10780371,127.4912952,12
36.10649689,127.4866403,26
36.19459045,127.4602613,20
36.10044514,127.488745,51
36.10360256,127.5059123,33
36.19135009,127.471944,60
36.10938421,127.4901821,23
36.09645168,127.4904641,28
36.10076097,127.4856122,37
36.105231,127.479476,31
36.10289732,127.4844348,33
36.0997194,127.494622,20
36.78740257,126.4443297,14
36.76301289,126.4488569,25
36.78332314,126.4622381,16
36.78253854,126.4455744,14
36.82785705,126.4463212,18
36.76711895,126.4482032,16
36.76510734,126.4506007,9
36.76296404,126.4481165,28
36.76879712,126.4388419,55
36.78541485,126.4673284,37
36.78511852,126.4591232,10
36.77701332,126.448769,11
36.77028766,126.43808,41
36.77619337,126.4644636,35
36.7729276,126.4512204,25
36.71012755,126.5488219,47
36.75404252,126.4254389,32
36.93980813,126.4317522,29
36.71496618,126.3923061,20
36.77342677,126.4584071,20
36.78216822,126.4512345,13
36.77151102,126.4493188,15
37.00079536,126.4520602,29
36.74549939,126.4488689,60
36.78432264,126.4490445,47
36.77422745,126.4486291,18
36.93978986,126.4315776,47
36.77157705,126.4498793,46
36.71446668,126.5471546,26
36.77244882,126.4490325,20
36.77266515,126.4488713,24
36.77134036,126.4514854,15
36.77161432,126.4473636,16
36.76877427,126.4650605,21
36.7793417,126.4665603,19
36.77051757,126.4513706,19
36.77373503,126.4506035,20
36.78065738,126.4505996,78
36.78352327,126.4447037,18
36.77936452,126.4572439,10
36.78488208,126.4409589,20
36.77376588,126.4511975,319
36.7779366,126.4502305,22
36.77913776,126.4619752,22
36.78625836,126.4545329,23
36.78099021,126.4570089,13
36.78697946,126.4555436,10
36.78637749,126.4459158,51
36.96676863,126.3364529,33
36.78637749,126.4459158,21
36.77436426,126.4532427,5
36.77502528,126.4531953,14
36.77419971,126.4530437,9
36.93988956,126.4300526,46
36.93907465,126.4291388,16
36.93782849,126.4255202,30
36.93960444,126.4266048,16
36.77883594,126.4541735,29
36.77267171,126.4497805,17
36.77346198,126.4508339,17
36.77385218,126.4497476,30
36.77957545,126.4559957,33
36.77258508,126.4548042,31
36.78547199,126.4531827,16
36.78882316,126.4603789,31
36.77536151,126.4600083,30
36.77696785,126.4603528,32
36.74672755,126.4475202,40
36.77944762,126.4653656,20
36.94085026,126.4395331,44
36.65985845,126.5314114,15
36.7868191,126.5082012,26
36.78814432,126.5077126,12
36.78906991,126.5070337,14
36.78906991,126.5070337,20
36.83788931,126.462273,18
36.78251362,126.4501048,14
36.66588049,126.5332475,52
36.66606942,126.5329181,24
36.86459289,126.4340036,21
36.78147584,126.45253,48
36.80005397,126.441524,82
36.78033994,126.4620774,20
36.78102577,126.462098,23
36.78347068,126.4508246,49
36.78299961,126.4556425631,31
36.77853648,126.4520696,63
36.77898251,126.4399718,24
36.71296384,126.5444957,38
36.7929213,126.5058551,29
36.77473315,126.4619736,35
36.71390476,126.5442785,42
36.77607217,126.459919,22
36.93920307,126.4337548,89
36.77274347,126.4534236,77
36.78065718,126.4514139,62
36.77930565,126.4513239,56
36.77907074,126.4491229,65
36.78174228,126.4494027,61
36.78437012,126.4442971,35
36.78230459,126.4534535,54
36.7826748,126.4515419,17
36.78337622,126.4512888,9
36.78014518,126.4579225,14
36.77742762,126.4597382,10
36.7643271192,126.4476985767,42
36.76697429,126.4494236,8
36.76690886,126.4501432,25
36.94107033,126.4263471,41
36.77700985,126.4554891,12
36.77794783,126.461174,8
36.99992254,126.4530338,9
36.77869739,126.4610781,9
36.99923076,126.4532404,133
36.7111636,126.5451989,60
36.78289498,126.4534894,30
36.78156769,126.4467916,21
36.84723729,126.4589172,136
36.84759836,126.4574295,228
36.85501035,126.4602174,45
36.85535335,126.4587993,102
36.8591213,126.4807707,40
36.8612245,126.4793226,136
37.00677935,126.4426662,50
36.78194025,126.4531728,6
36.82015747,126.3659446,43
36.71315659,126.3917107,27
36.71144286,126.5398362,186
36.79328337,126.3683494,60
36.76357007,126.447537,20
36.76531071,126.4500504,35
36.76529938,126.4519032,30
36.81139649,126.5841564,13
36.60747882,126.415931,69
36.60646176,126.4230808,70
36.82289034,126.4504789,49
36.77990656,126.4588993,50
36.76820267,126.4535253,40
36.77367605,126.4673067,36
36.71579901,126.5447689,50
36.77988921,126.4597113,21
36.7767743,126.4542291,4
36.78133071,126.454324,4
36.97166002,126.4109323,26
36.77054112,126.4576678,10
36.77530865,126.4573432,5
36.78168085,126.4481235,15
36.77264145,126.4491182,10
36.83029109,126.4485816,40
36.77497156,126.4577607,6
36.77577353,126.4566465,20
36.77326126,126.4512132,60
36.79016699,126.4571258,10
36.7713219,126.4539965,15
36.77637804,126.452554,20
36.82687374,126.4447206,10
36.8269589,126.4464568,8
36.82728979,126.4441117,6
36.77408033,126.4539403,10
36.93831386,126.4346048,10
36.77003453,126.4506489,40
36.76674406,126.4636942,40
36.94065853,126.4255904,21
36.77866888,126.4530151,7
36.77009915,126.4575139,20
36.77044947,126.4624437,5
36.71444037,126.5464448,11
36.82660295,126.4459224,8
36.82647822,126.4451591,5
36.82646972,126.4450042,6
36.76713571,126.4480486,7
36.76602257,126.4478126,10
36.76633569,126.4507812,17
36.76506717,126.4509556,9
36.84288536,126.4445874,139
36.77434637,126.4384892,19
36.7721834,126.4481925,10
36.77454778,126.4454108,7
36.76917523,126.4705231,41
36.76809669,126.4468225,42
36.78580884,126.4609268,11
36.7697687,126.4514703,16
36.79008628,126.4597556,14
36.77368603,126.4562198,13
36.77429116,126.4533748,12
36.7803936,126.444984,10
36.78268234,126.4476146,16
36.93844393,126.4372557,50
36.77081468,126.4584887,17
36.70808663,126.5492573,43
36.82835373,126.4471452,37
36.9413114,126.4289342,10
36.77188091,126.4473334,6
36.77634603,126.4431345,18
36.77876657,126.467135,7
36.78867526,126.4554277,10
36.82793518,126.445482,18
36.93883244,126.4272856,7
36.93959434,126.4317958,4
36.82708271,126.4464422,14
36.82757972,126.4466476,19
36.82698797,126.4450618,7
36.82687221,126.4445473,8
36.93958755,126.430216,12
36.783112,126.4606248,12
36.77017755,126.4632161,59
36.76787343,126.4602697,93
36.77130775,126.454231,63
36.6258179,126.3671319,60
36.93950049,126.4287432,25
36.77696742,126.4451766,5
36.78161713,126.4676191,62
36.9392236,126.4343946,12
36.93988956,126.4300526,19
36.93832975,126.4287122,25
36.82795649,126.444681,22
36.9394255,126.4285322,19
36.77888022,126.4538264,14
36.77659655,126.4483972,15
36.78009234,126.4614454,17
36.93930212,126.4323807,16
36.77559859,126.4598098,13
36.78332314,126.4622381,10
36.4856018711,127.7199502837,26
36.4835233504,127.719613684,43
36.4830674416,127.7189061252,75
36.4839552423,127.7205883107,22
36.4992081064,127.8027076,101
36.5000329608,127.8031958,18
36.4924554815,127.7924742924,212
36.5027525632,127.7978390388,21
36.51697181,127.8152921,116
36.4895416,127.5977644436,18
36.3961075032,127.7313540821,12
36.3958929523,127.732459325,34
36.48536711,127.7121896,19
36.4824448932,127.7203024143,20
36.48070776,127.7200836,114
36.48663466,127.7216224,97
36.48670303,127.7265581,12
36.48750851,127.7155444,8
36.48587985,127.7180104,40
36.4883576,127.7174879,16
36.48607094,127.7171319,7
36.48411117,127.7160921,2
37.10124695,129.0105764,27
37.10114312,129.0100055,23
37.16656549,128.9927465,12
37.1773358,128.9793649,44
37.17638519,128.9791853,55
37.17547577,128.9815262,28
37.17634042,128.9833806,46
37.16713707,129.0350302,32
37.16713707,129.0350302,32
37.16883825,129.0370166,121
37.11727155,129.0460318,10
37.11629505,129.0384673,19
37.11728633,129.0397963,74
37.11483357,129.0369596,15
37.11120323,129.0358604,23
37.09296812,129.0422636,10
37.09917855,129.0492946,47
37.0948994,129.0396319,5
37.10340833,129.0235773,17
37.10367378,129.0227743,65
37.10470484,129.0127212,22
37.17934921,128.9769662,28
37.16068735,128.9901189,7
37.10342569,129.0076444,11
37.17914351,128.9850259,8
37.16111252,128.9837359,17
37.16124507,128.9833791,20
37.17395014,128.9945769,20
37.17827968,128.9846843,19
37.17705864,128.9843263,10
37.17823087,128.9875151,32
37.15408119,128.9899506,14
37.16905188,128.9941075,18
37.17813611,128.9824282,16
37.17755719,128.9876581,16
37.17231342,128.9931021,5
37.17012519,128.9926728,11
37.17052461,128.9934965,20
37.10741685,128.998827,10
37.17302557,128.9903229,16
37.17134009,128.991602,35
37.17117887,128.9949238,49
37.16674399,128.9921716,36
37.17200869,128.9901312,46
37.1714144,128.9927815,27
37.1719572,128.9914473,35
37.17498458,128.9927881,46
37.17586199,128.9902313,45
37.1751845,128.9885423,36
37.1778968,128.9880201,60
37.17426606,128.9924165,40
37.14936651,128.9903229,24
37.16712283,128.9914104,46
37.10097439,129.0059579,37
37.1310592,128.9564218,139
37.13151797,128.9593539,18
37.14594878,128.9865614,34
37.1520758,128.9897877,17
37.1541607,128.9899637,31
37.15594774,128.9885693,7
37.15854059,128.9879394,12
37.16124507,128.9833791,26
37.1601932,128.9900224,13
37.17582449,128.9933884,47
37.17722583,128.9904699,22
37.17596264,128.9867044,35
37.17875977,128.9806967,21
37.17940194,128.9816494,35
37.16421677,128.986554,21
37.353014,127.93491,48
37.35706615,127.9448967,34
37.33412332,127.9303015,50
37.33928448,127.9257687,121
37.33714674,127.9288536,38
37.33559485,127.9286019,36
37.33683174,127.9267174,42
37.33648868,127.9272642,31
37.34210787,127.9658294,30
37.34392983,127.9288868,24
37.34481442,127.9308137,817
37.3443695,127.9319815,109
37.34650792,127.9293723,159
37.34911764,127.9467233,905
37.34822006,127.9476701,50
37.34753108,127.9497636,33
37.34843602,127.948379,19
37.35021397,127.9476576,40
37.35075254,127.9464252,16
37.35064117,127.9461104,17
37.378338,127.87441,72
37.327938,127.920969,77
37.330669,127.933615,189
37.336902,127.936614,178
37.325325,127.983871,89
37.34963844,127.9473767,35
37.35046998,127.9474616,35
37.34762205,127.9492677,16
37.3254316,127.9564215,180
37.33093279,127.9476554,57
37.33005835,127.9492916,64
37.34335612,127.9531299,34
37.34066389,127.95575,25
37.35031257,127.9461383,28
37.34227568,127.9563752,23
37.34710196,127.9539866,44
37.34473233,127.9549821,17
37.34682326,127.9520437,27
37.34733392,127.9508259,9
37.35214593,127.9473445,18
37.35254934,127.9471767,27
37.35306745,127.949227,34
37.35321999,127.949098,31
37.35211221,127.9504739,25
37.35144676,127.9511318,13
37.34886445,127.9532207,48
37.35005806,127.9520836,11
37.35152477,127.9509659,14
37.3518516,127.9512052,14
37.34954688,127.951712,24
37.34962856,127.9516648,32
37.35048531,127.9511091,44
37.35057002,127.9506026,21
37.34812716,127.9522593,37
37.35217946,127.9480211,15
37.3205,127.8304,20
37.38264,127.9522,49
37.35499,127.9166,25
37.3428,127.9569,46
37.35477,127.8916,114
37.33309,127.9318,62
37.31884907,127.9620383,36
37.3795703,127.9367006,48
37.35250958,127.9512322,106
37.35127695,127.9483647,42
37.36377278,127.8339687,344
37.38373578,127.948739,32
37.35533837,127.9552877,10
37.3714956,127.9400885,124
37.34301479,127.9544876,52
37.34967309,127.954326,370
37.31884907,127.9620383,32
37.3180657,127.9664811,27
37.32693581,127.9899242,50
37.34082026,127.9225325,20
37.33877795,127.9308996,57
37.33994671,127.9324695,45
37.3399048,127.9329774,49
37.34574795,127.9590469,6
37.34597176,127.9581992,25
37.34868041,127.9581784,12
37.39607882,127.9517871,11
37.38254182,127.944074,36
37.39698386,127.9492546,15
37.38032126,127.9503809,49
37.36785094,127.9381319,23
37.35908183,127.9379642,301
37.35412278,127.934968,197
37.35336054,127.9396712,38
37.33958833,127.955937,22
37.32026072,127.9584088,20
37.33178359,127.9530926,48
37.32143746,127.9492926,6
37.33058116,127.9574134,62
37.33004162,127.9445348,6
37.23010605,128.079484,29
37.23036406,128.0819261,28
37.32052208,127.9412695,54
37.16631265,127.8696963,50
37.16965456,127.8825885,60
37.30224146,127.9199636,31
37.30129239,127.9196653,30
37.20817299,127.7508701,60
37.36232536,127.8393974,10
37.42459282,127.9631646,29
37.41069601,127.9554687,44
37.41102352,127.9595357,26
37.3238919,127.8302476,26
37.3116032,127.8188047,82
37.30685609,127.8147406,229
37.35352271,127.9446832,115
37.37157,127.8781,99
37.35193,127.9471,26
37.34310612,127.9825393,43
37.3337964,127.9302032,165
37.35270033,127.9468741,51
37.34665495,127.931194,88
37.35468179,127.9468242,84
37.496011,127.4151524,13
37.4874165,127.5427691,46
37.47447488,127.6392899,54
37.4810794,127.4789611,30
37.4806772,127.4780305,158
37.592842,127.3487134,24
37.6024227,127.3537152,88
37.6042729,127.3556179,130
37.6042729,127.3556179,50
37.606573,127.3487121,26
37.5433507,127.3234427,30
37.5433507,127.3234427,61
37.4864252,127.4935139,49
37.5536654,127.708306,88
37.55645438,127.710995,215
37.5385551,127.6729639,41
37.47447488,127.6392899,67
37.5296893,127.5003173,34
37.51904141,127.4569402,158
37.5220123,127.4585154,83
37.52187156,127.4582171,55
37.51814667,127.4560295,50
37.54869832,127.6201081,56
37.49446904,127.6061582,27
37.48870765,127.5996709,40
37.50920175,127.4491672,70
37.51122354,127.5331978,167
37.4933197,127.5037569,35
37.4974069,127.4851141,80
37.4807135,127.5899135,47
37.4835312,127.5922239,361
37.5452852,127.5830317,204
37.4262079,127.5378111,24
37.53669293,127.3169083,782
37.53669293,127.3169083,12
37.5368524,127.317452,96
37.5428738,127.3193788,220
37.5418656,127.3194307,60
37.5434963,127.3201685,150
37.54509455,127.3209568,60
37.5447056,127.3286197,50
37.5425794,127.3253177,60
37.48345861,127.5936866,237
37.48674601,127.5957605,103
37.498311,127.4865448,104
37.5054253,127.476333,12
37.4909252,127.4925352,32
37.49042383,127.496012,273
37.49112976,127.4916865,87
37.4926547,127.4882722,98
37.4916431,127.4910586,193
37.813219,127.511974,57
37.7341610687,127.4182030944,165
37.8294,127.5112661752,14
37.7368975007,127.4176567293,61
37.8262659353,127.5136,43
37.735126,127.417841,3
37.839084,127.50502,3
37.837187,127.508008,5
37.825892,127.512159,11
37.813346,127.510194,27
37.902596,127.457147,28
37.927431,127.492673,96
37.821448,127.350356,40
37.820462,127.349654,16
37.9227345557,127.3939454742,66
37.733169,127.413478,51
37.8163713382,127.3488538325,20
37.7375649093,127.423554,10
37.738375,127.423278,18
37.731831,127.411538,23
37.739169,127.422919,20
37.736006,127.417864,38
37.678829,127.491629,60
37.678915,127.490109,18
37.818487,127.514695,24
37.836202,127.507147,24
37.82923,127.512227,20
37.814714,127.509545,18
37.833645,127.509865,41
37.831657,127.515009,24
37.830176,127.510312,27
38.0187209319,127.4426741282,52
38.0408591102,127.4508737386,18
37.817188,127.350043,77
37.86425,127.348703,319
37.769568,127.452592,50
37.735197,127.424674,66
37.677992,127.494179,96
37.830606,127.512024,24
37.82897059,127.515853614,80
37.832231,127.511921,18
37.830525,127.512494,10
37.828568,127.513849,12
37.826688,127.515237,15
37.835727,127.509045,21
37.835727,127.509045,21
37.834078,127.509718,27
37.832774,127.509701,27
37.827614,127.511738,30
37.009738,127.0994,23
37.04279,127.051824,56
36.993406,127.084289,105
36.987913,127.113626,57
36.98861,127.112957,84
36.988899,127.085971,165
36.990667,127.084345,63
36.997417,127.085408,191
37.042138,127.052722,22
37.042138,127.052722,25
37.042138,127.052722,16
37.042138,127.052722,56
36.996784,127.087831,109
36.996784,127.087831,132
36.99083203,127.0915001,425
36.99747,127.088739,96
36.994832,127.089358,311
37.080839,127.049948,113
37.079531,127.049504,48
37.079667,127.053791,20
37.080514,127.053381,47
37.075577,127.053881,70
36.987751,126.927959,53
36.988092,126.929342,30
36.964495,127.045635,32
36.95375772,127.0638292,24
37.000651,127.076797,25
36.990077,127.103998,13
36.990046,127.105441,5
37.0066,127.0884,25
37.006265,127.015626,21
37.064403,127.067464,47
37.06987849,127.0597551,127
37.06228155,127.0596328,13
37.077785,127.042234,25
37.034182,127.096951,21
37.077191,127.059696,11
37.073707,127.055711,13
37.087265,127.060358,145
37.083646,127.054256,16
36.984987,126.92965,78
36.989646,126.926015,31
36.989171,126.927549,23
36.983541,126.927551,63
37.079234,127.061289,41
37.03982203,127.0496566,127
37.082141,127.058051,54
37.080519,127.057543,51
37.056223,127.056556,58
37.057421,127.055509,43
37.0651,127.061473,55
37.067049,127.062068,152
37.071056,127.065243,73
36.978432,126.922439,26
37.042138,127.052722,56
36.978633,126.920088,60
36.979281,126.919939,51
36.977006,126.9266,52
36.979092,126.9270249,37
36.983331,126.932936,34
36.9907,126.928235,62
36.953164,126.8533996,34
37.05702309,127.0514,136
37.036688,127.043009,42
37.036396,127.043831,39
37.038515,127.045625,72
37.040402,127.048309,18
37.041456,127.049807,38
36.987067,127.103939,13
36.988641,127.100885,5
36.989609,127.115718,30
36.992356,127.072721,24
36.995436,127.067058,50
36.987539,127.087415,25
37.009738,127.099482,25
37.00101512,127.1151508,64
37.00303591,127.1153766,112
37.009033,127.094689,24
37.079936,127.053591,14
37.073468,127.048653,51
37.072469,127.051371,14
37.074524,127.053986,15
37.122896,127.075803,131
36.988211,126.924977,11
36.987763,126.929645,36
37.034154,126.943132,128
36.988275,126.844828,109
36.98862,126.841843,203
36.987067,126.849988,352
36.984516,126.851185,135
36.974836,126.851524,212
36.97427,126.847295,247
36.961736,127.046041,60
36.957193,127.046009,136
36.993417,127.087884,63
36.990834,127.091501,143
37.079042,127.054367,30
37.07718336,127.0536549,14
37.077722,127.058481,16
37.034034,127.097013,27
37.082085,127.049461,42
37.081726,127.050655,12
37.080116,127.054001,43
37.008076,127.077378,39
37.001385,127.075591,32
37.004466,127.080547,38
37.018689,127.068472,43
37.064345,127.060748,45
37.057385,127.063612,60
37.060724,127.054114,9
37.059748,127.066301,14
37.069602,127.061685,56
37.069025,127.063473,21
37.069025,127.063456,30
37.069013,127.063449,22
37.070564,127.057077,30
37.073539,127.048084,14
37.067967,127.062923,14
37.067967,127.062923,14
37.067967,127.062923,14
36.990412,127.088125,43
36.989014,127.102267,68
36.989763,127.113627,26
36.992312,127.082044,55
36.997576,127.088225,11
36.997576,127.088225,47
36.997576,127.088225,24
36.997128,127.090351,15
36.996621,127.092871,25
36.997814,127.094718,12
36.996802,127.105011,32
36.994625,127.098455,34
36.994807,127.098416,25
36.995095,127.101603,66
36.99237,127.1074,21
36.993361,127.113042,39
36.993315,127.118342,41
36.992804,127.118704,23
36.996583,127.137809,16
36.999517,127.151223,15
37.011794,127.082363,149
37.069013,127.063449,57
37.066901,127.061383,56
37.065628,127.061611,19
37.081443,127.055629,11
37.078972,127.053003,22
36.988745,126.929495,16
36.958763,127.046395,156
36.957444,127.053478,13
36.990935,127.095641,17
36.990513,127.098496,21
36.992817,127.088118,35
36.992817,127.088118,31
36.997418,127.083087,98
37.057003,127.055069,79
37.056846,127.056585,27
37.010338,127.093889,32
36.996287,127.102567,67
37.019082,127.0685,30
37.05513,127.055038,61
36.979127,126.922469,23
37.51275697,126.7639108,500
37.50256527,126.7990254,2116
37.51610089,126.7851697,89
37.4820821,126.7689102,222
37.50612373,126.7441496,85
37.50612373,126.7441496,232
37.50512627,126.8156845,192
37.49673142,126.7875109,218
37.49798434,126.7990372,86
37.49858841,126.7964151,119
37.52834566,126.7960282,216
37.52902628,126.7964999961,102
37.50905312,126.7456206,394
37.51294184,126.7487467,348
37.50358103,126.7653372,503
37.48863732,126.7706575,197
37.52432193,126.81865,52
37.48250368,126.7665632,118
37.48004487,126.7999459,239
37.50358103,126.7653372,240
37.49478307,126.7542142,182
37.46671543,126.8210704,93
37.46105888,126.8255451,49
37.51704947,126.7931946,45
37.51704947,126.7931946,35
37.51294184,126.7487467,300
37.52976855,126.7961418,44
37.52749267,126.7942852,80
37.50169867,126.7807467,19
37.48194532,126.8125161,50
37.51733433,126.8022264,85
37.50057615,126.7548643,55
37.47973727,126.7725239,23
37.48040889,126.7724291,85
37.48176077,126.7963389,201
37.515398,126.769334,87
37.52640782,126.786072,12
37.51305355,126.7524197,22
37.47312336,126.7980215,216
37.4988765,126.7858138,50
37.50136759,126.7653372,982
37.49435496,126.7650906,82
37.517477,126.793071,65
37.47406135,126.7945696,171
37.52507796,126.8052103,67
37.52320508,126.804522,19
37.49256614,126.7851685,48
37.49196283,126.7873052,140
37.53095851,126.7801918,75
37.52847869,126.7763141,47
37.52430823,126.783626,144
37.52774244,126.7872585,57
37.50338451,126.7602276,96
37.48918808,126.7847153,160
37.48750222,126.788992,40
37.49037002,126.785375,125
37.48088576,126.7796892,272
37.50263731,126.7642912,54
37.53173507,126.822038,85
37.48495406,126.7553402,36
37.48876611,126.7562608,65
37.48693007,126.7530347,106
37.50165929,126.7472818,51
37.50165929,126.7472818,131
37.48490721,126.7969623,113
37.47665332,126.7986999,175
37.4792504,126.7935932,116
37.46826843,126.7964148,150
37.4949907,126.777159,140
37.476752,126.766661,47
37.48834656,126.7517233,111
37.48796915,126.755755,241
37.49226244,126.7648876,79
37.49070496,126.7630199,49
37.52627922,126.7660186,193
37.5261451,126.771003,112
37.52179615,126.7704426,85
37.48825919,126.7750284,92
37.49392814,126.7794,63
37.48337716,126.7858525,69
37.483582,126.783051,48
37.46705747,126.798461,25
37.4903736,126.7565986,211
37.48906703,126.7516827,115
37.50199006,126.7749401,500
37.50431604,126.7621845,64
37.49292106,126.7947798,88
37.49036857,126.774945,148
37.49082055,126.751742,86
37.508747,126.787717,101
37.52278016,126.7934843,39
37.49271508,126.784216,69
37.4858079,126.7657029,103
37.50811334,126.7737091,62
37.50854641,126.808288,34
37.50150188,126.7737011,131
37.47555067,126.792342,11
37.481669,126.7728995,65
37.52669874,126.8208159,81
37.52669874,126.8208159,34
37.50752146,126.7792043,145
37.53406545,126.8172755,46
37.53689951,126.8215324,43
37.48924474,126.7551048,69
37.49760101,126.7761716,94
37.49743651,126.777231,124
37.50254358,126.7753156,59
37.49083565,126.7517147,145
37.50283021,126.7671552,110
37.428469,127.143157,18
37.428811,127.148061,15
37.429119,127.132692,8
37.428871,127.132021,13
37.428685,127.134309,19
37.461744,127.168526,14
37.455309,127.162341,18
37.455716,127.16269,22
37.458714,127.165251,10
37.459434,127.16589,14
37.460791,127.167258,14
37.43101,127.154592,19
37.431331,127.157281,14
37.429041,127.133821,12
37.429431,127.139451,29
37.432441,127.157391,20
37.429931,127.126631,15
37.440645,127.154859,114
37.467685,127.138412,122
37.43748,127.141945,635
37.375356,127.143939,99
37.462569,127.171524,70
37.463701,127.168538,20
37.390332,127.098531,104
37.366648,127.12851,142
37.390875,127.0779,229
37.371093,127.11221,103
37.389048,127.098591,132
37.449054,127.158354,14
37.447459,127.157645,17
37.441664,127.148493,14
37.437458,127.139875,32
37.436381,127.138351,30
37.436937,127.138785,22
37.453387,127.16023,10
37.453351,127.159145,7
37.454261,127.160291,31
37.450477,127.158994,7
37.453387,127.16023,35
37.462437,127.168351,24
37.445721,127.157813,30
37.449645,127.155665,57
37.457606,127.159098,185
37.429731,127.125431,24
37.429531,127.125711,25
37.429511,127.125491,13
37.461663,127.155973,123
37.458695,127.158636,152
37.446331,127.157831,26
37.44866,127.159022,27
37.453062,127.160916,10
37.445576,127.163549,15
37.446375,127.16474,12
37.445631,127.162621,13
37.440713,127.148265,36
37.441029,127.148962,33
37.441485,127.150242,23
37.443111,127.153741,14
37.443322,127.154405,18
37.443767,127.15535,17
37.433587,127.131005,14
37.433809,127.132067,14
37.433755,127.131593,30
37.434576,127.135833,40
37.434935,127.137276,48
37.435942,127.138991,51
37.436381,127.140051,48
37.436697,127.140624,42
37.438968,127.172547,210
37.434862,127.171173,50
37.433205,127.16806,46
37.433131,127.164079,20
37.432881,127.162491,19
37.431911,127.169711,20
37.431318,127.169267,17
37.431276,127.170632,10
37.443671,127.172221,135
37.444641,127.176881,74
37.444074,127.178536,22
37.429838,127.149781,13
37.429251,127.147527,19
37.4554,127.160857,112
37.451632,127.152324,107
37.457055,127.155486,147
37.453617,127.15389,116
37.456662,127.15072,222
37.461738,127.127224,275
37.454669,127.129084,196
37.456592,127.126801,221
37.449712,127.145716,84
37.438821,127.139525,66
37.442757,127.150995,66
37.4418,127.136976,275
37.447105,127.143993,95
37.445114,127.133235,134
37.44718,127.129216,116
37.44707,127.13798,107
37.447347,127.140558,164
37.442288,127.126662,151
37.451234,127.13858,90
37.450645,127.132699,116
37.443631,127.119431,109
37.436849,127.133917,119
37.435349,127.134086,165
37.438147,127.133322,229
37.437253,127.126955,100
37.439153,127.129691,180
37.463756,127.127865,133
37.443391,127.142358,174
37.448393,127.149023,151
37.428262,127.103875,45
37.467915,127.12713,74
37.45906,127.10581,33
37.44197,127.14791,74
37.457605,127.159098,96
37.44111,127.12103,120
37.445534,127.147844,181
37.450655,127.148052,159
37.42891,127.120151,218
37.428909,127.120119,717
37.434879,127.14482,382
37.43258,127.142777,253
37.436671,127.155099,153
37.435885,127.166118,283
37.440857,127.164823,110
37.44306,127.169506,127
37.450486,127.159943,133
37.446271,127.166525,52
37.447889,127.164401,285
37.450717,127.168131,194
37.454915,127.163172,209
37.452693,127.171883,289
37.453195,127.169027,132
37.456686,127.172195,230
37.453847,127.163825,94
37.454545,127.164979,104
37.456667,127.165178,142
37.45661,127.16983,132
37.438909,127.168461,250
37.450802,127.164692,150
37.444374,127.157159,240
37.44014,127.156803,123
37.440643,127.154865,250
37.441092,127.159092,551
37.457578,127.165818,221
37.448481,127.149151,603
37.439195,127.148499,74
37.42814,127.131962,151
37.428054,127.12779,100
37.419696,127.132074,57
37.412069,127.129173,109
37.411756,127.128165,120
37.411659,127.131784,208
37.376945,127.139984,202
37.35922,127.124509,118
37.365753,127.107329,218
37.339711,127.109411,75
37.350862,127.106861,81
37.366796,127.127962,130
37.379279,127.118856,519
37.39577,127.11114,282
37.384261,127.123721,514
37.393624,127.110748,747
37.392331,127.078018,67
37.385453,127.111993,204
37.3029355951,127.0474431295,52
37.25959894,127.0465078,292
37.24558288,127.04174289,57
37.3114532696,127.0541754673,33
37.28335668,127.0719185,229
37.2940626616,127.0517297227,64
37.27588505,127.0662683,396
37.25331525,127.0739484,305
37.28351029,127.0772467,245
37.26713341,127.0454804,222
37.26961675,127.0550603,200
37.2984455634,127.0435348018,46
37.2482419536,127.0446642623,62
37.277697173,127.0502133837,49
37.299177397,127.0442300382,35
37.28265077,127.0200791,340
37.2634535,127.0286621,90
37.2634535,127.0286621,364
37.2634535,127.0286621,212
37.28386229,127.0104322,73
37.28766805,126.989095957,142
37.2734279835,127.0015088434,40
37.2789217879,127.0021642775,159
37.2769076478,127.0433469164,173
37.2865189636,127.0144079967,163
37.29134418,127.0279964,87
37.27178632,127.023842,80
37.27438661,127.0305873,56
37.28706781,127.0320999,119
37.2809334,127.0194508,63
37.28508836,126.9862825,136
37.27321263,127.0153514,243
37.25489793,127.0304237,779
37.25763416,126.9718985,256
37.2787033,126.9758424,67
37.2413083522,127.0335579688,271
37.2444036623,127.0351468107,92
37.261139424,126.9904924111,100
37.25018811,127.0207006,51
37.26568452,126.998785,129
37.24341416,127.0145079,136
37.23051924,127.0218832,244
37.2381349151,126.9885846708,205
37.25910245,127.0188254,66
37.23952389,127.0306259,204
37.2990071867,126.9716982775,44
37.3146687601,127.0007371587,70
37.28988748,127.0158124,497
37.30008654,126.9703313,191
37.29761545,126.9714256,118
37.29757718,126.9991131,43
37.2931485668,127.0139655678,212
37.29757718,126.9991131,50
37.30128763,126.9686162,160
37.29757718,126.9991131,61
37.29513422,126.9911147,56
37.29757718,126.9991131,76
37.29757718,126.9991131,104
37.30154124,127.0318348,360
35.5452044973,129.0131096644,71
35.6053460229,129.0748162497,399
35.5647863083,129.2513703658,139
35.4367642779,129.3092132596,14
35.55621708,129.1140219,59
35.39969049,129.2521844,67
35.40710612,129.2640532,10
35.40826936,129.2840295,30
35.56360875,129.1268628,128
35.49168908,129.3046781,46
35.52585137,129.2519959,48
35.41449283,129.2848079,141
35.45393464,129.2977676,67
35.56296713,129.2240388,60
35.56065745,129.2283371,146
35.44138877,129.3048957,11
35.43938044,129.3052887,8
35.43972834,129.3036422,8
35.4908685,129.3041717,47
35.60206682,129.0742999,119
35.56215565,129.230592,20
35.56565234,129.1210156,26
35.44068323,129.3036638,52
35.57142009,129.2432418,114
35.43829812,129.305446,6
35.43827716,129.3062412,6
35.43727967,129.3131383,8
35.44038637,129.3044024,6
35.44051996,129.3045971,6
35.44101987,129.3051352,6
35.43909088,129.3148784,44
35.4360162,129.3098929,131
35.56744419,129.0226106,123
35.57802759,129.0272627,213
35.43004782,129.3108892,179
35.52828026,129.2399591,32
35.52985333,129.2332582,12
35.57121777,129.2439191,24
35.41296931,129.2761823,28
35.38112791,129.3413268,351
35.71386104,129.1994791,4
35.4399466,129.3335317,23
35.66685676,129.1738649,170
35.65595129,129.2215153,31
35.66961403,129.1710032,77
35.62730922,129.4401783,16
35.55517598,129.3519132,18
35.62870301,129.4407978,34
35.63717032,129.3542467,21
35.62946822,129.3533797,14
35.5892647,129.3694184,5
35.63587059,129.3564557,93
35.56974647,129.3568911,41
35.54247089,129.389202,4
35.53081191,129.3964235,35
35.66283939,129.3426976,67
35.60671969,129.3561829,14
35.65725899,129.3414918,34
35.6350444,129.3561294,58
35.66157968,129.3423981,20
35.62853705,129.356446,11
35.60172556,129.3590485,64
35.63641454,129.3534761,24
35.63454753,129.3557456,14
35.58975603,129.3653832,6
35.63247485,129.3585978,25
35.63186622,129.4400319,29
35.54886982,129.3849456,30
35.61209471,129.3722145,256
35.54237304,129.3867272,96
35.60946498,129.3736591,57
35.60853614,129.3718638,134
35.63954937,129.3531809,44
35.53856199,129.3881773,214
35.63587031,129.3512312,87
35.63687541,129.3527515,103
35.62401087,129.3563012,28
35.6296778,129.3546637,10
35.62822843,129.4397376,14
35.63031764,129.3532372,10
35.62570612,129.3541712,15
35.58942782,129.3649539,129
35.54735475,129.3849748,14
35.58344321,129.3672647,57
35.62829829,129.3555607,10
35.64363845,129.3559049,3
35.62560771,129.3600036,11
35.62902993,129.3380066,21
35.53619799,129.3928486,50
35.54830907,129.3863762,57
35.59084605,129.3693851,8
35.59280056,129.3619873,6
35.59136093,129.3730031,95
35.58215529,129.3659344,6
35.5837709,129.3688337,8
35.56725723,129.3684981,46
35.57101718,129.3761765,145
35.5797053,129.3735198,80
35.63966297,129.4404854,24
35.62861439,129.441322,8
35.62964058,129.4409545,15
35.62696281,129.4420146,58
35.62652755,129.4421804,28
35.62419271,129.4435381,7
35.61346487,129.4527765,60
35.58024039,129.4526783,9
35.57232731,129.4520377,43
35.63911046,129.3302993,20
35.63767564,129.3051601,100
35.63903145,129.3040586,38
35.64126797,129.3024161,70
35.63850965,129.3122241,44
35.63873848,129.3152757,73
35.63432481,129.3157305,35
35.65350912,129.3503632,38
35.64981299,129.34136,24
35.64792521,129.3419567,71
35.64583876,129.354012,14
35.6637812,129.3523832,40
35.66127115,129.3522416,40
35.65603843,129.354882,30
35.65470756,129.3564611,30
35.62071386,129.3571725,90
35.62361611,129.355738,16
35.62537824,129.3524729,42
35.62504928,129.3516071,35
35.62120611,129.3552333,245
35.62860713,129.3555527,6
35.6242135,129.356597,5
35.62733757,129.3576671,8
35.62606205,129.3557914,16
35.63192961,129.3521425,15
35.63033344,129.3496124,55
35.64185391,129.3686417,16
35.63738466,129.3678954,34
35.64062434,129.3666228,109
35.65204992,129.364678,27
35.64687016,129.3631104,141
35.61567643,129.4489488,11
35.64144556,129.4409815,89
35.63065241,129.4380924,182
35.62581857,129.440087,88
35.53572449,129.3897071,23
35.58732473,129.3614666,15
35.58705916,129.3600945,19
35.59100542,129.3603362,21
35.58815405,129.3662548,15
35.58987038,129.3719998,141
35.5877981,129.3704225,38
35.58815405,129.3662548,14
35.58119679,129.3681077,27
35.58431283,129.3691258,15
35.58518249,129.3656576,34
35.58645869,129.3655541,19
35.58435738,129.3664238,33
35.58384704,129.3671986,4
35.58384704,129.3671986,63
35.58154972,129.3641238,78
35.56606998,129.3750574,15
35.54407702,129.3131125,32
35.54548305,129.3151114,34
35.53379381,129.2949069,203
35.53800266,129.3417565,50
35.5382457,129.3456294,119
35.53824616,129.345629,99
35.55057663,129.3077368,253
35.55127654,129.2596308,143
35.54374491,129.3564258,64
35.54655327,129.3235429,91
35.54268484,129.3416308,158
35.54134746,129.3083496,103
35.52243019,129.333212,75
35.54270668,129.2611949,95
35.54321805,129.3107583,138
35.54151019,129.3094932,42
35.5448823,129.3105333,31
35.5357876,129.3426382,30
35.5306618,129.3085996,40
35.55056362,129.2734278,32
35.53587484,129.3422793,74
35.53077556,129.3105599,72
35.54373848,129.3295209,208
35.50352018,129.3833184,218
35.55236273,129.2755367,170
35.53715684,129.2873469,250
35.5369182,129.3316161,275
35.51947399,129.3377713,84
35.5400934,129.3296233,106
35.54576679,129.3218752,30
35.50284876,129.3742653,117
35.5402428,129.2600818,53
35.53416566,129.3224796,24
35.52127526,129.3364182,35
35.547826,129.2773906,121
35.51305508,129.3379729,29
35.5471484,129.2828525,71
35.53395449,129.308651,23
35.55080064,129.2668442,25
35.52644566,129.3201734,106
35.5355867,129.3095958,66
37.45815049,126.725933,43
37.46122578,126.7129232,11
37.46554856,126.7011308,6
37.46138096,126.7278079,16
37.46023781,126.7281583,3
37.4621657,126.7264527,10
37.46162946,126.7185154,6
37.42214547,126.7293332,10
37.43734644,126.7462635,12
37.43424603,126.7512982,59
37.43171895,126.7517582,19
37.390312,126.725611,26
37.39242304,126.727779,35
37.45925947,126.7154465,21
37.46140184,126.7161385,29
37.4679749,126.7121016,25
37.46608374,126.7006355,17
37.4467694,126.6968895,18
37.45186949,126.6952754,21
37.45316384,126.7213949,10
37.45186067,126.7158791,142
37.45970285,126.7045922,19
37.4515184,126.6977566,13
37.46501613,126.7182786,148
37.40142081,126.7394011,101
37.42002784,126.7109883,225
37.4155683,126.7043672,62
37.43289931,126.7518515,25
37.43576551,126.747578,34
37.43722084,126.7446158,23
37.44974634,126.7555654,10
37.45092415,126.7538468,25
37.45185192,126.7512545,22
37.4649799,126.7158923,10
37.46618522,126.7156912,14
37.44335536,126.7667421,14
37.46103803,126.7263249,13
37.46321862,126.7271696,6
37.46193123,126.7264341,3
37.46383655,126.728493,8
37.46424183,126.7276383,4
37.46452914,126.7275431,7
37.46700389,126.7386586,5
37.46548856,126.7379509,17
37.45274703,126.7220123,4
37.45313379,126.7219492,6
37.4538948,126.7223318,5
37.44551953,126.7053305,7
37.46409624,126.7249957,8
37.45986399,126.7036818,5
37.41936044,126.7284199,23
37.43200198,126.7107667,22
37.46112738,126.7312856,83
37.43278622,126.7127282,231
37.44985895,126.6951633,10
37.45354611,126.7276999,50
37.4556812,126.6968357,29
37.46284742,126.7236605,12
37.44600864,126.7415764,17
37.44584145,126.7410025,16
37.44762374,126.7366103,17
37.45689639,126.6960132,22
37.4649799,126.7158923,45
37.46459562,126.7261855,53
37.46798048,126.7059836,32
37.46283977,126.7096667,33
37.45347927,126.7214008,24
37.45080252,126.7121952,30
37.45053393,126.7223324,11
37.45693686,126.716188,10
37.44564867,126.7076766,22
37.45756042,126.7263612,27
37.46418526,126.7099375,10
37.45890021,126.7726153,483
37.44852592,126.6952091,60
37.46506766,126.7173377,49
37.44557489,126.7396621,12
37.45586316,126.7302441,12
37.45896298,126.7260775,10
37.46005154,126.7317898,29
37.4522584,126.7234899,44
37.44868764,126.6935336,11
37.39942366,126.7262153,31
37.38812967,126.7042731,198
37.39776864,126.7263887,43
37.40144005,126.7319075,96
37.40005933,126.7342348,115
37.39760612,126.7354632,423
37.44826291,126.7300432,43
37.44928563,126.7277332,83
37.45045837,126.7261876,174
37.45387256,126.7252821,131
37.45128504,126.7260576,138
37.40827038,126.6997001,94
37.46199512,126.728185,15
37.39885089,126.7400489,23
37.45719741,126.7730135,135
37.44620791,126.6959183,29
37.46326912,126.7135139,58
37.45657664,126.7253864,58
37.45839481,126.7277034,31
37.45593704,126.7329329,14
37.44901751,126.6943055,16
37.44674201,126.7049144,31
37.44674201,126.7049144,3
37.39900219,126.7379876,46
37.45237284,126.7333034,145
37.45536104,126.7196056,18
37.45134115,126.7029472,14
37.44777318,126.6955838,130
37.4458041,126.7017008,29
37.47163519,126.6217414,5
37.4664395,126.6335959,5
37.46553162,126.6372085,6
37.46578078,126.6373655,9
37.46474104,126.6391384,13
37.46511108,126.6387523,2
37.46548365,126.6382248,6
37.4655985,126.6366882,8
37.46660835,126.6369229,43
37.44307764,126.6231146,47
37.44936976,126.5978044,70
37.44800115,126.622109,45
37.44218438,126.61728,46
37.44800115,126.622109,49
37.44800115,126.622109,28
37.45758397,126.6043972,50
37.46914317,126.6384887,6
37.46637847,126.6383528,6
37.46672574,126.6387717,14
37.46559035,126.6384956,16
37.43169473,126.6238225,7
37.43303678,126.6197392,46
37.43303678,126.6197392,34
37.46509549,126.6360214,44
37.44442351,126.6222218,17
37.46766155,126.6302168,5
37.46736843,126.6321444,5
37.46733171,126.630666,6
37.4683036,126.6350247,11
37.46770767,126.6357827,5
37.46662097,126.6340065,5
37.46933782,126.6338169,18
37.46930778,126.6345902,15
37.46842419,126.6367333,5
37.46935734,126.6366383,10
37.47032492,126.6371898,16
37.4704239,126.6377365,9
37.47070157,126.6366137,5
37.46868666,126.6400599,21
37.4700272,126.6388281,86
37.46827128,126.6385788,18
37.46682286,126.6375323,6
37.46702827,126.6375268,8
37.46799259,126.6370202,3
37.46830605,126.6369916,8
37.46892658,126.6371966,8
37.47693012,126.6185718,5
37.47790615,126.6183678,9
37.4745162,126.6232948,35
37.47308103,126.6287566,4
37.4783688,126.627826,4
37.47787232,126.6235505,5
37.4789068,126.6269992,4
37.47612035,126.6268288,3
37.47721729,126.6291077,6
37.47571123,126.6296707,18
37.47216051,126.6340563,25
37.47247394,126.6282441,24
37.46979113,126.6323993,4
37.47117766,126.6320715,28
37.46909134,126.6333614,13
37.47955473,126.6222125,11
37.47970508,126.6206578,8
37.48030713,126.6208248,5
37.48069717,126.6210761,38
37.4801593,126.6253253,6
37.48039099,126.6245147,10
37.48059047,126.6237765,5
37.48040581,126.6246412,27
37.47033481,126.5974804,86
37.47147168,126.5962888,23
37.46788014,126.6053151,79
37.46788014,126.6053151,10
37.47855672,126.6156014,21
37.46788014,126.6053151,13
37.47877173,126.6185579,36
37.45549582,126.6018268,220
37.4692074,126.6286006,4
37.46812412,126.6288399,6
37.47420666,126.6234332,35
37.473838,126.625719,32
37.4705883,126.6237378,71
37.4731039,126.61904,109
37.47076338,126.6275291,37
37.4725381,126.6235252,27
37.47996879,126.6198407,95
37.48009974,126.6202154,30
37.47798202,126.6195432,16
37.47823185,126.6187822,10
37.47827333,126.6193518,5
37.48007965,126.6211755,14
37.47034893,126.6359454,9
37.46700706,126.6415771,60
37.46631591,126.6378074,10
37.46890033,126.6407154,12
37.45998591,126.6374975,101
37.4655811,126.6380357,37
37.46682825,126.632925,13
37.46702422,126.632982,10
37.46880798,126.6328979,8
37.46836472,126.6338126,22
37.4674203,126.6337607,10
37.4661154,126.6365978,14
37.46688431,126.6360382,39
37.44611111,126.6010854,93
37.45058625,126.6004817,19
37.47353416,126.6277612,15
37.47283289,126.6323191,17
37.47379456,126.6321943,73
37.47711266,126.6295009,102
37.47590775,126.6268389,70
37.47153624,126.6308467,57
37.472221,126.6270319,59
37.46974989,126.635455,3
37.4708464,126.6326953,25
37.470046,126.6340621,2
37.4697452,126.6340058,4
37.4701448,126.6335008,2
37.4694662,126.6338658,3
37.46887503,126.6355274,21
37.4703278,126.6354643,4
37.47408104,126.6213401,159
37.47902422,126.6186244,30
37.47877173,126.6185579,9
37.47902422,126.6186244,100
37.47809317,126.6149164,16
37.4766206,126.6004132,16
37.4749436,126.6016875,20
37.47525477,126.601345,61
37.47541558,126.6016908,39
37.4751514,126.601951,24
37.47743131,126.5985286,136
37.47605364,126.6183546,186
37.47507754,126.6287196,40
37.47346239,126.6305391,49
37.4788123,126.6266091,10
37.49428854,126.481847,224
37.510818,126.5241062,103
37.37915292,126.4329017,180
37.45590978,126.3715102,186
37.44476466,126.3760481,138
37.47248808,126.6224741,22
37.47248808,126.6224741,23
37.47329178,126.6236051,19
37.47464348,126.6270758,10
37.47249269,126.6250516,3
37.4728737,126.6247332,9
37.47173179,126.6215193,18
37.47232356,126.6206165,19
37.47248658,126.6217795,9
37.47205911,126.6224446,26
37.47440655,126.6217003,3
37.47427289,126.6216015,13
37.47408104,126.6213401,3
37.47318976,126.6232574,14
37.47366391,126.6171594,46
37.45989456,126.6082508,78
37.45636214,126.6065376,11
37.45368797,126.6076275,11
37.45579478,126.6071599,15
37.45267739,126.5986095,32
37.4504837,126.6043008,43
37.44713399,126.5963744,80
37.44713399,126.5963744,26
37.44713399,126.5963744,23
37.44904199,126.5936473,59
37.46689738,126.6278829,23
37.46821127,126.6282965,12
37.46826681,126.6289975,12
37.47083943,126.6230974,21
35.83136808,128.5467748,21
35.84536724,128.5454512,23
35.85389864,128.555605,9
35.85520784,128.5343696,12
35.82529707,128.5490266,7
35.83763755,128.5541247,4
35.83212584,128.5112683,60
35.83159757,128.5169903,80
35.81285253,128.5381687,36
35.81133504,128.5387063,21
35.85284299,128.5419163,16
35.828572,128.5217032,60
35.84000097,128.5430018,20
35.82221803,128.5025227,110
35.83451819,128.5508827,22
35.7971687379,128.549598,65
35.7989339469,128.5490602512,169
35.80593,128.547771455,11
35.794562,128.5492154363,54
35.7969951042,128.547165,79
35.8410144734,128.5431666804,99
35.82227037,128.5489586,26
35.85356845,128.5441484,40
35.8540262,128.5445723,30
35.83043787,128.5589668,10
35.8479592667,128.5193476887,19
35.862045,128.507262,64
35.85619026,128.5217463,35
35.84736898,128.5472845,20
35.82763282,128.5571935,20
35.83487748,128.5496786,24
35.83071054,128.5526773,14
35.82759605,128.5586358,27
35.85353809,128.4925045,32
35.8324569,128.4983037,20
35.8412959,128.549098,45
35.84851376,128.5473368,17
35.81107876,128.5333328,4
35.80461599,128.5190683,15
35.81768611,128.5235428,15
35.80737863,128.5559509,132
35.83826171,128.4806615,40
35.85525859,128.5701447,16
35.7927202883,128.5298916752,90
35.794736,128.5294779969,22
35.7942957545,128.5305267796,10
35.7998762822,128.5292373748,13
35.84678,128.543717,26
35.85035291,128.5689874,22
35.83499758,128.5410372,22
35.82489404,128.5479051,10
35.83166838,128.5026096,30
35.8331546,128.5135098,80
35.84425262,128.541353,7
35.83160964,128.5053107,30
35.85220463,128.4772608,20
35.83345015,128.5114139,65
35.83338021,128.5035061,45
35.83368572,128.4980506,40
35.85894336,128.5689751,20
35.85796545,128.5700567,16
35.85708686,128.569644,6
35.8252149974,128.5543991372,10
35.844225,128.552943,30
35.842995,128.551852,30
35.818444,128.546868,59
35.8077887548,128.5596393017,47
35.8078863405,128.5582329242,195
35.808548,128.5505307632,58
35.8335408865,128.5362992672,34
35.8357652064,128.534769348,18
35.834286,128.541122,10
35.855674,128.572189,17
35.856607,128.572436,40
35.8500059065,128.5501247196,62
35.85193,128.55296,23
35.8557263216,128.5695848442,40
35.8570694575,128.5733266449,8
35.85959,128.570909,33
35.831249,128.5580188422,5
35.831036,128.558507,10
35.829328,128.5551162673,22
35.8255087217,128.5538294871,27
35.8552550147,128.5349859,119
35.85621688,128.5610395075,6
35.85693525,128.5605855215,7
35.856208773,128.5617040595,9
35.809492,128.5486629292,26
35.809194,128.5190651614,23
35.812021,128.52273,45
35.8576958849,128.5334951528,23
35.8572999105,128.536397,35
35.8584052141,128.5227430861,22
35.855156,128.52194,20
35.8622433394,128.5250658428,35
35.8586986645,128.49907,14
35.8570489929,128.4978828149,32
35.8322442934,128.547581158,42
35.7948944135,128.5505661005,55
35.83678164,128.539248,10
35.83211042,128.5461542,26
35.83045474,128.6030891,133
35.832126,128.5656916,89
35.84713174,128.571494,20
35.84899938,128.5767758,15
35.8426232,128.5788178,19
35.83606386,128.5949019,12
35.833683,128.571189,11
35.8541661,128.6038808,10
35.83648958,128.5794024,32
35.8462317,128.589628,25
35.8533357,128.6042843,5
35.83254423,128.5982178,179
35.83790855,128.594761,17
35.8455454,128.6007662,33
35.8432165,128.5983833,70
35.844968,128.5924992,31
35.85305729,128.5989767,28
35.85578511,128.587569,11
35.85579085,128.589581,10
35.83218085,128.5678893,24
35.8509827,128.5787884,34
35.846556,128.597236,5
35.8404153,128.560434,22
35.8385016,128.5761934,12
35.84556112,128.5957812,36
35.843874,128.601848,12
35.84526906,128.5740434,16
35.84093821,128.577694,10
35.836031,128.5743386,35
35.83701933,128.568436,23
35.8527892,128.5938469,48
35.85840069,128.576429,43
35.849558,128.5736995,61
35.83407147,128.558243,53
35.836169,128.5591306,98
35.82991311,128.6033925,75
35.85511649,128.5893588,29
35.84280862,128.5972092,36
35.868108,128.5292601,3
35.88149984,128.5322859,16
35.86146303,128.552253,41
35.88566755,128.570914,11
35.86197935,128.551888,30
35.86351194,128.5632779,28
35.86195437,128.562026,58
35.86347344,128.558681,76
35.85982639,128.561781,31
35.86171573,128.5506908,76
35.86103344,128.560083,33
35.8678521,128.5289992,21
35.88847051,128.5452155,121
35.88879474,128.5487738,109
35.885874,128.5753391,23
35.88053078,128.5777546,53
35.8862321,128.5624536,103
35.8862321,128.5624536,17
35.87355027,128.54868,39
35.86576414,128.5574327,35
35.86918652,128.5662087,35
35.8684511,128.5658219,21
35.86751782,128.5662447,67
35.87973677,128.5655853,14
35.87176112,128.5525817,22
35.87379548,128.5540141,44
35.8684101,128.5612302,24
35.86796443,128.5609543,37
35.87727188,128.5778452,57
35.88815488,128.5535145,79
35.88655447,128.5503535,96
35.86715755,128.5447075,37
35.87101669,128.5728105,42
35.869229,128.5728764,16
35.87597604,128.5660678,15
35.88012316,128.5671826,43
35.88018801,128.5677443,32
35.87124163,128.5654733,34
35.87159754,128.5532165,17
35.8862321,128.5624536,39
35.8862321,128.5624536,160
35.88277903,128.5630792,68
35.88100172,128.5688019,16
35.88335605,128.5689242,26
35.86722262,128.5510421,186
35.8641104,128.5433335,89
35.86312705,128.5335732,47
35.87553864,128.5729594,46
35.8817917,128.5698889,19
35.87809316,128.5701114,26
35.859328,128.5496035,54
35.86900755,128.5481281,25
35.88298938,128.552069,504
35.88161266,128.5607022,13
35.88232758,128.5614542,159
35.88210702,128.5634999684,25
35.8605594,128.5516583,77
35.88713971,128.5693522,37
35.886826,128.5705527,14
35.86248561,128.5707592,32
35.85762495,128.549997,95
35.86117679,128.5653193,47
35.85932516,128.5476652,150
35.85889951,128.5597691,73
35.86023698,128.5589447,38
35.85662447,128.5498622,51
35.85682079,128.5458873,20
35.88519181,128.5523655,110
35.88543505,128.5529004,52
35.8892084,128.5539884,55
35.88795844,128.5535554,12
35.887654,128.5536259,16
35.88521112,128.5534714,74
35.87519411,128.5761551,26
35.2798638,129.0742432,47
35.2798638,129.0742432,52
35.21857591,129.0935978,32
35.22773109,129.0923915,72
35.22040586,129.1114731,38
35.2209451,129.1094916,81
35.21718268,129.1054011,33
35.2168088,129.1016901,22
35.2175281,129.1034884,26
35.2192505,129.1061743,38
35.2149949,129.098963,29
35.2138787,129.1038695,106
35.21944676,129.0961752,31
35.2160512,129.0953033,79
35.21829209,129.0970619,85
35.21810034,129.0992917,22
35.2798631,129.0742632,114
35.2933789,129.1116203,38
35.24701759,129.094722,107
35.2715838,129.0887885,11
35.2717971,129.0894366,88
35.27166663,129.084858,169
35.247916,129.0893642,43
35.2718193,129.0869705,46
35.23899704,129.094208,75
35.21611589,129.1039615,145
35.21689273,129.0941282,70
35.2296176,129.0893411,182
35.22964675,129.1518458,290
35.22497776,129.1515028,154
35.22081459,129.146627,301
35.20918836,129.1159308,109
35.19424621,129.1323064,232
35.19571685,129.1273916,264
35.17553721,129.1962056,79
35.18056289,129.2050866,168
35.17688155,129.1759429,34
35.17085105,129.1663429,39
35.17881234,129.1679709,78
35.15768031,129.1825416,52
35.16098302,129.1715271,98
35.15793728,129.1532207,70
35.18102448,129.2054768,46
35.17985694,129.2005259,144
35.1619382,129.1917743,113
35.20561177,129.121611,29
35.16166095,129.1596093,16
35.16192298,129.1643314,15
35.15924291,129.1569186,18
35.16361783,129.1574508,73
35.15965373,129.1630047,57
35.16230577,129.1585552,11
35.20780901,129.1237642,13
35.1784728,129.1971284,14
35.16100069,129.1604326,19
35.22156408,129.1520749,3
35.16156122,129.1576921,20
35.17430239,129.1818179,297
35.19930983,129.1319426,3
35.16223403,129.1557888,6
35.1636178328,129.1574507637,74
35.19228343,129.1267189,114
35.23250093,129.1457464,79
35.167825,129.178074,20
35.18624334,129.121459,7
35.20709646,129.125643,27
35.22409615,129.1528972,12
35.18496576,129.1217113,12
35.16072447,129.1710001,11
35.16163416,129.156327,12
35.20719898,129.1279839,3
35.20575261,129.1249737,12
35.21146287,129.1258383,14
35.22059681,129.1499353,4
35.22396259,129.146839,7
35.20626727,129.126303,12
35.15941086,129.1705394,8
35.19305311,129.129782,28
35.19286959,129.1292215,23
35.1595262,129.155049,8
35.18086721,129.197956,8
35.16279067,129.1619095,49
35.19480056,129.2065201,10
35.16027127,129.1553825,5
35.19286209,129.1315781,14
35.16197013,129.1594377,20
35.16074935,129.1583867,15
35.1612494,129.1604834,19
35.15710433,129.1525931,78
35.17372164,129.1966722,8
35.20076218,129.120082,7
35.18922851,129.1236041,7
35.15782146,129.1729286,4
35.18417336,129.1233022,5
35.229109,129.1611168,20
35.20772329,129.1243483,8
35.20303289,129.1192471,11
35.20290438,129.1188839,19
35.18623246,129.1263634,5
35.16691615,129.1599477,9
35.18375905,129.1259803,4
35.16341368,129.1653768,158
35.16143898,129.1591505,16
35.1833602,129.2042323,18
35.16747119,129.1596998,5
35.22671978,129.1477775,12
35.21967318,129.1527163,6
35.18506588,129.1269232,5
35.18158127,129.2036316,7
35.20525571,129.1255353,13
35.23090171,129.1530403,13
35.17430132,129.1737361,45
35.18239043,129.1997463,15
35.18231331,129.200985,101
35.18082607,129.2016783,30
35.18077639,129.2006535,26
35.22231893,129.1496924,6
35.18536711,129.1261143,37
35.17295765,129.131585,399
35.20184202,129.1239478,33
35.1732131,129.172426,7
35.18252522,129.2044966,10
35.16683624,129.1607997,24
35.1851902,129.1261074,21
35.18684535,129.1259517,10
35.17157892,129.1759117,10
35.20037245,129.1313545,7
35.16023416,129.159398,20
35.173709,129.1771468,14
35.22751158,129.147256,7
35.2314525,129.1536118,30
35.16778016,129.161215,3
35.18107167,129.1980511,5
35.16737478,129.1597887,5
35.22787065,129.1464758,12
35.16718249,129.1594797,29
35.19596682,129.1180908,10
35.21985669,129.1530278,7
35.17658669,129.1264896,290
35.16190854,129.1672589,33
35.16058049,129.1838891,6
35.16861669,129.1718465,20
35.18063874,129.1260695,2
35.1727031,129.1745661,19
35.20525658,129.1248747,12
35.16819252,129.1966096,3
35.15909839,129.1564351,89
35.23011735,129.1570364,15
35.17047575,129.1721731,3
35.15938748,129.1535111,20
35.22182901,129.1526616,15
35.16881937,129.1563468,16
35.18688187,129.1241932,13
35.16218543,129.1773373,363
35.15980603,129.1587259,149
35.22022418,129.1527375,14
35.16147538,129.1627111,43
35.15945791,129.1539637,14
35.16096716,129.1668836,35
35.15924612,129.1563448,40
35.16826816,129.1638854,43
35.16005397,129.1711588,120
35.16313992,129.1635613,99
35.16094323,129.162617,24
35.18573467,129.1990227,11
35.18166658,129.2057897,8
35.18130674,129.198221,7
35.18687439,129.1252504,13
35.2004074,129.1203123,14
35.20757877,129.1213594,81
35.17325948,129.1821639,352
35.16901183,129.172154,18
35.18755196,129.2034486,18
35.16821772,129.1702956,13
35.20253149,129.1197364,5
35.18376164,129.1999432,4
35.16152903,129.1630879,66
35.15924612,129.1563448,108
35.15964313,129.1575361,9
35.18375523,129.2002387,13
35.19023506,129.1174634,8
35.16098415,129.1700917,15
35.16021916,129.1606128,9
35.16227693,129.1593745,23
35.1673571,129.1596098,10
35.20864273,129.1241096,13
35.16790825,129.1273173,49
35.15401381,129.1510145,127
35.14721452,129.029831,39
35.15973252,129.0551543,12
35.14579543,129.0194537,67
35.1864407,129.0485185,29
35.15371912,129.0634983,27
35.14867928,129.0533226,86
35.1422231,129.0618871,27
35.15072727,129.0297645,33
35.15130998,129.0241527,119
37.537679,126.850354,109
37.551884,126.855038,32
37.5338224,126.8410246,9
37.534301,126.861044,202
37.553032,126.848514,298
37.541816,126.844323,228
37.52906,126.848898,252
37.537235,126.837039,512
37.572662,126.835236,202
37.5443203,126.848448,100
37.536046,126.852432,58
37.541769,126.834727,99
37.5438705,126.839922,26
37.544352,126.840763,27
37.543454,126.842258,13
37.536016,126.839155,86
37.549799,126.861316,110
37.539744,126.849772,98
37.5314204,126.839874,99
37.538511,126.84884,59
37.5421344,126.8510719,56
37.5545411,126.8258394,36
37.532988,126.837414,29
37.528779,126.847886,249
37.529024,126.849947,304
37.554165,126.8524896,47
37.550966,126.849532,29
37.561217,126.844636,49
37.560599,126.847619,60
35.42497219,129.3123241,121
35.4406832331,129.303663768,52
35.5636087508,129.1268627566,128
35.3811279068,129.3413267926,351
35.5258513727,129.2519959308,48
35.55727556,129.2521549,76
35.5621556522,129.2305920336,20
35.5629671265,129.2240387775,60
35.5606574501,129.2283370833,146
35.571476,129.2432418,115
35.4360162,129.309886,131
35.430054,129.3108892,179
35.56086068,129.1289372,339
35.572548,129.241447,231
35.4144928262,129.2848078834,141
36.64535868,127.494827,8
36.64682951,127.4944059,4
36.64120527,127.4878576,67
36.64330909,127.4847976,3
36.64394057,127.484718,6
36.66331831,127.5432245,22
36.6647092,127.5404875,35
36.66557631,127.5390957,45
36.66335791,127.543657,12
36.6620502,127.5420769,105
36.65918515,127.5413267,17
36.65989781,127.5415259,82
36.63887262,127.5104595,135
36.64473228,127.5119608,35
36.63391628,127.5013831,12
36.64153013,127.4950697,32
36.64296571,127.4948372,11
36.64510506,127.4937765,10
36.64385264,127.4938451,12
36.64412581,127.4948057,5
36.64681823,127.4959135,32
36.63441367,127.4970339,24
36.63320506,127.4960003,10
36.625921,127.4902398,8
36.62793779,127.4881837,41
36.62742206,127.4886262,151
36.63208252,127.493066,18
36.64034748,127.5123907,31
36.64254664,127.5121926,21
36.66357796,127.5431248,15
36.63236256,127.6546393,15
36.59672191,127.5078438,40
36.6309627,127.5469955,46
36.62549145,127.5159723,13
36.62202948,127.5148002,19
36.62010449,127.5129684,20
36.62659084,127.5187717,18
36.61930522,127.5023504,9
36.61951111,127.4990823,24
36.62663195,127.5125221,15
36.62888701,127.5007104,10
36.6396342,127.4704695,150
36.63944944,127.4804915,5
36.6438899,127.4812636,5
36.64074991,127.4758249,8
36.64017224,127.469196,200
36.62300892,127.4868799,10
36.61497568,127.4462065,23
36.61893296,127.4953069,146
36.64029648,127.4891994,57
36.64071906,127.4892118,60
36.63341637,127.4871093,146
36.6348939508,127.4853646871,46
36.62762012,127.4880797,76
36.63214154,127.4982484,5
36.64574681,127.4954487,30
36.60495481,127.5159464,10
36.6225321,127.4942563,15
36.63524684,127.5030496,5
36.63262432,127.6529454,60
36.63755683,127.4579306,15
36.63165011,127.4733671,22
36.63093386,127.4682652,14
36.63061029,127.4677035,15
36.63344606,127.4728527,10
36.63279237,127.4723217,40
36.6363177,127.4708914,20
36.60350786,127.4756877,80
36.61124872,127.4648545,74
36.61245363,127.4682105,8
36.63099942,127.4671549,7
36.63617377,127.4658639,5
36.65114882,127.4822635,4
36.65448055,127.4866733,34
36.65448055,127.4866733,26
36.660466,127.4793188,71
36.64752424,127.4823034,20
36.64752424,127.4823034,123
36.64752424,127.4823034,53
36.64752424,127.4823034,36
36.64638444,127.4871244,2
36.65080631,127.4919808,14
36.64997823,127.4899559,16
36.65149462,127.4873034,11
36.65251317,127.4875441,9
36.65215209,127.4863745,20
36.65295333,127.4862979,12
36.65282592,127.4856757,4
36.65448055,127.4866733,36
36.6493416,127.4831569,11
36.64976943,127.4813596,8
36.64342179,127.4846531,10
36.64643258,127.4746637,25
36.63853459,127.4555664,16
36.63853459,127.4555664,22
36.63853459,127.4555664,13
36.64136913,127.4618753,6
36.63973214,127.4583522,12
36.64007392,127.4512273,107
36.64163287,127.4531261,112
36.64247397,127.4511127,139
36.64643104,127.4806899,84
36.64804827,127.4787224,4
36.64858678,127.4777379,18
36.64643258,127.4746637,28
36.66923837,127.4924585,34
36.66840214,127.4924766,21
36.66980749,127.4913526,20
36.66882601,127.4909307,9
36.66980749,127.4913526,10
36.67021717,127.4888037,21
36.6651305,127.4777011,5
36.67163084,127.4972309,92
36.69480754,127.4831892,26
36.67273465,127.4928033,60
36.62582197,127.4282984,18
36.62796479,127.434857,20
36.61977716,127.439319,12
36.65275565,127.4884261,16
36.65575958,127.48732,36
36.65724712,127.4839918,17
36.6573937,127.4809078,4
36.65668452,127.4826879,8
36.65937923,127.4803083,6
36.65953296,127.4810443,7
36.65797288,127.483571,11
36.65879506,127.4797406,15
36.65625783,127.4820896,54
36.65879506,127.4797406,10
36.65582229,127.4814946,9
36.65667512,127.4772846,13
36.64875423,127.4820475,50
36.65875111,127.4759398,18
36.66117741,127.4763612,7
36.660466,127.4793188,7
36.66491237,127.4967907,259
36.66558683,127.4953716,14
36.66558683,127.4953716,13
36.66774008,127.489702,25
36.66965116,127.4965194,34
36.65525108,127.4865041,10
36.65376693,127.4830928,11
36.65448055,127.4866733,44
36.65407305,127.4779078,37
36.66306742,127.4905268,56
36.65963854,127.5001726,17
36.65855613,127.4877174,13
36.66222024,127.4877494,13
36.65295333,127.4862979,2
36.65515294,127.4869012,6
36.65448055,127.4866733,34
36.65275565,127.4884261,1
36.64305894,127.490239,20
36.63952937,127.4908367,29
36.63907536,127.4905142,30
36.63748588,127.4904868,25
36.65052952,127.5157473,255
36.63659898,127.4212228,12
36.62796479,127.434857,60
36.62793779,127.4881837,46
36.6365398156,127.4761488211,25
36.61456071,127.4897389,101
36.62084473,127.4850715,40
36.63808058,127.4583036,6
36.63471873,127.4691347,4
36.62411487,127.4856635,3
36.59163469,127.4695583,111
36.56087433,127.4345458,21
36.61571543,127.4908536,94
36.61560568,127.4901758,34
36.63143189,127.5038838,5
36.62797363,127.5022173,19
36.62432393,127.4956203,89
36.63384496,127.4977664,17
36.63299907,127.5007778,8
36.63291945,127.4967437,7
36.63152962,127.4828732,23
36.63175402,127.485307,16
36.63286913,127.4907066,10
36.63222979,127.4891037,14
36.66365472,127.5421503,57
36.63416515,127.4864845,18
36.6376457,127.4856795,18
36.63724865,127.4866548,25
36.64295204,127.4859557,46
36.64192876,127.4868061,28
36.64241939,127.4882469,35
36.6442321,127.4901982,26
36.64142668,127.4852543,49
36.60888266,127.5027909,193
36.63336712,127.4834927,61
36.61808249,127.5048156,19
36.61746661,127.495964,15
36.61746661,127.495964,7
36.64127728,127.4280081,39
36.64006777,127.4264275,22
36.67638814,127.4473087,392
36.63566433,127.4840819,60
36.63594266,127.4816624,247
36.6326795,127.4756275,20
36.6376121,127.4776988,15
36.64186561,127.4820362,20
36.64186561,127.4820362,30
36.64186561,127.4820362,50
36.64164909,127.4727222,20
36.64198812,127.4737135,2
36.64164909,127.4727222,8
36.64198812,127.4737135,2
36.62049981,127.4921623,17
36.6221681,127.4920251,40
36.62799375,127.4753931,10
36.630231,127.5042768,45
36.61714929,127.5056626,24
36.60933675,127.5041534,95
36.64280002,127.471228,58
36.64872538,127.4765868,8
36.64977022,127.4643673,10
36.65292404,127.4692564,53
36.64197089,127.4666564,12
36.64446865,127.465377,7
36.64522981,127.4626858,34
36.64540856,127.4608184,49
36.64502072,127.4321825,57
36.62987109,127.4438506,47
36.61136489,127.3258553,19
36.69152467,127.4148166,142
36.69331465,127.4168847,144
36.65843368,127.3679187,22
36.65951807,127.3682583,14
36.64476052,127.4762316,36
36.65896376,127.4250019,100
36.67776799,127.3889791,45
36.61719001,127.4276511,15
36.61712269,127.4273178,15
36.64869475,127.4744406,7
36.64429711,127.4648706,8
36.64906299,127.4631422,433
36.64785862,127.4177682,90
36.61266041,127.4372365,12
36.62572826,127.4322025,410
36.61961848,127.426499,13
36.65060897,127.4192031,89
36.64163443,127.4250453,340
36.63919369,127.4557497,20
36.6269094,127.4469478,34
36.62747354,127.4260319,34
36.62390386,127.3171826,7
36.64045845,127.3469139,33
36.61307026,127.4241467,15
36.64259838,127.4323494,559
36.6646172,127.4523774,8
36.66022523,127.4226939,50
36.63699704,127.4519078,17
36.6455885,127.4656415,48
36.64765543,127.4550285,48
36.64068225,127.4635542,33
36.64864259,127.4764692,31
36.62225731,127.3175925,143
36.62729098,127.4469603,4
36.63037036,127.4321742,48
36.6631266,127.5079896,32
36.67822529,127.4986012,111
36.67135487,127.5022554,58
36.6999986,127.4785077,64
36.6468611551,127.4667265856,33
36.63058105,127.4275016,80
36.64797285,127.4862205,11
36.64846019,127.4863937,23
36.64973212,127.4837347,61
36.65356305,127.478558,9
36.66011291,127.4896266,8
36.65542883,127.486571,5
36.66195862,127.4791633,5
36.66222248,127.4759008,17
36.67689435,127.476025,6
36.66537193,127.4827543,4
36.69048344,127.4792902,243
36.6561956312,127.4923823595,1258
36.6597296339,127.4873306212,26
36.6500015018,127.4864986548,40
36.66217429,127.4890003,22
36.6492632,127.4861265,47
36.65322221,127.4857934,73
36.66470151,127.4995685,125
36.66295641,127.4881559,9
36.66116016,127.4781362,5
36.64836219,127.4874854,10
36.6721645,127.464402,8
36.66135317,127.4882562,4
36.63860979,127.4447506,50
36.64028975,127.4471141,113
36.64084067,127.4427054,63
36.64237535,127.4462424,175
36.64264686,127.4444569,102
36.64034679,127.4438617,50
36.64057253,127.4402896,60
36.64264686,127.4444569,171
36.64713549,127.4632786,21
36.64764236,127.4618195,32
36.64764236,127.4618195,5
36.64764236,127.4618195,18
36.6457667,127.437215,82
36.64899257,127.4462815,25
36.6476067,127.4445466,31
36.64648684,127.4376663,43
36.64848109,127.4384872,73
36.64848109,127.4384872,68
36.64849796,127.4290278,44
36.64736721,127.432196,16
36.65352875,127.4534339,47
36.65816488,127.4564036,9
36.65652151,127.4505065,137
36.62616946,127.4437706,17
36.62616946,127.4437706,16
36.62616946,127.4437706,21
36.62616946,127.4437706,17
36.62953881,127.4466609,22
36.62509866,127.4434524,10
36.62935747,127.4431206,33
36.63244739,127.4479088,36
36.63577846,127.4527841,18
36.63577846,127.4527841,16
36.63577846,127.4527841,5
36.63883311,127.4422281,12
36.63883311,127.4422281,29
36.63883311,127.4422281,8
36.64084067,127.4427054,52
36.64034679,127.4438617,51
36.63816797,127.437473,21
36.64101354,127.4313729,22
36.64101354,127.4313729,10
36.64849796,127.4290278,99
36.64736721,127.432196,17
36.65073593,127.4262868,6
36.65073593,127.4262868,57
36.65073593,127.4262868,77
36.62599603,127.4351856,25
36.62615773,127.4346813,12
36.62992304,127.4343048,13
36.62898723,127.4364717,16
36.62886362,127.4330332,43
36.63009524,127.4324987,9
36.63093084,127.4311625,17
36.63093084,127.4311625,18
36.61625601,127.4738929,16
36.62152746,127.4701134,20
36.6211849,127.4732788,30
36.6211849,127.4732788,8
36.61275395,127.4857747,41
36.61395938,127.492123,46
36.61395938,127.492123,35
36.61729131,127.492473,20
36.62389597,127.4903533,3
36.61859643,127.4554296,20
36.61228212,127.4485353,10
36.62507152,127.46476,20
36.62260024,127.4473442,10
36.6105177,127.4855296,21
36.58624651,127.4873098,15
36.59505569,127.4967413,12
36.61430121,127.4655179,20
36.61435609,127.4676133,24
36.63017697,127.4732303,30
36.63256102,127.4567858,10
36.63322546,127.4602183,36
36.63408669,127.4629568,13
36.63142957,127.460132,10
36.63359417,127.4588944,30
36.63970889,127.4672131,15
36.6370332,127.4637001,17
36.63559793,127.4593135,20
36.63212613,127.473859,5
36.63184377,127.4821151,40
37.4557742783,127.2291065765,50
37.4065320068,127.2508361249,28
37.4063486122,127.2499259945,64
37.4042706078,127.2554665554,15
37.4057833809,127.2553619045,21
37.4064038485,127.2468113356,58
37.4546713622,127.3375608007,30
37.4222080218,127.2560224253,35
37.4245580453,127.2562864629,18
37.4207468,127.2381327,20
37.3652352398,127.1588036,138
37.399389,127.244339,21
37.351463607,127.2070728318,4
37.3673360438,127.3017182076,27
37.40873225,127.2155605,29
37.4071693388,127.2535668928,10
37.3815511088,127.2296319271,13
37.34891091,127.339854,150
37.40782556,127.2537387,200
37.37087769,127.2469166,29
37.352496,127.2143198,9
37.33834184,127.3226349,16
37.40747587,127.2540133,32
37.37821381,127.260592,6
37.42002703,127.2570753,89
37.3512566023,127.3445315896,93
37.41622156,127.25337,26
37.40025141,127.2532569,100
37.36129181,127.3198302,43
37.3839575,127.2997765,37
37.4029164,127.2554477,17
37.43328652,127.2623216,29
37.35974644,127.2450185,13
37.41249394,127.2610466,15
37.46440231,127.250235,35
37.40962976,127.256929,5
37.35055475,127.3374932,26
37.40879655,127.257694,202
37.40905119,127.2395952,8
37.44814148,127.2624065,141
37.32833752,127.3938366,46
37.41671885,127.2579775,16
37.41408142,127.2627961,8
37.40941753,127.2590095,109
37.4084176,127.2593257432,12
37.41496839,127.250359,35
37.41604441,127.2624953,10
37.41861912,127.2574734,17
37.35127663,127.3427071,112
37.40590994,127.2599482,103
37.41491316,127.2584013,10
37.41134548,127.2618373,240
37.34998974,127.3369569,66
37.41409063,127.2555745,229
37.40004,127.243639,20
35.41262473,128.1216313,83
35.4092206,128.120723,5
35.41284885,128.1177755,80
35.40791149,128.1214551,55
35.4133739,128.1228684,10
35.41415572,128.1217157,54
35.41202441,128.1231136,34
35.4140528,128.1209357,11
35.41135373,128.1230803,35
35.413134,128.1241275,32
35.5587898,128.2661343,9
35.5401928,128.112269,144
35.5408421,128.1167452,111
35.5406942,128.1129601,137
35.5406942,128.1129601,40
35.52276044,128.0169205,34
35.52508682,128.0183107,20
35.52325805,128.0170652,5
35.52493691,128.0154293,10
35.5157283,128.0461313,3
35.54043114,127.9890811,2
35.52143222,128.0147071,2
35.52143222,128.0147071,26
35.43601434,128.0335763,18
35.43670818,128.0344446,10
35.4348177,128.0330224,23
35.4899405,128.0188853,13
35.48311046,127.9993622,50
35.48163664,127.9820476,262
35.48698442,127.9856823,240
35.48038249,128.0060306,60
35.46888277,128.0019325,85
35.5587957,128.2709173,40
35.5622919,128.1556866,18
35.5662446,128.1603121,14
35.5688143,128.1556861,23
35.569809,128.1663467,72
35.56233626,128.1571329,24
35.5610333,128.1550796,18
35.5629126,128.1647646,19
35.5617264,128.1550378,7
35.62784763,128.0446772,32
35.62784763,128.0446772,94
35.6293648,128.0437612,40
35.6239506,128.040175,5
35.62632985,128.0418885,27
35.62771773,128.0420807,8
35.62777971,128.0429493,24
35.56356324,128.1654348,15
35.5707791,128.1627263,200
35.56109253,128.1613211,20
35.56514775,128.1581184,10
35.56727745,128.1658988,5
35.56767232,128.1669819,22
35.6579039,128.1120746,7
35.6172438,128.0323895,19
35.7086048,128.1608265,125
35.70551693,128.1673091,28
35.704337,128.1674632,144
35.70521639,128.1676233,111
35.7057948,128.1684208,137
35.73138934,128.1057891,3
35.7627289,128.1387509,5
35.76297455,128.139577,10
35.76094561,128.1374299,59
35.76793249,128.1359547,28
35.7675798,128.1331185,541
35.76471703,128.1369348,60
35.76490907,128.1357768,133
35.76708836,128.1319281,52
35.731575,128.1081442,5
35.77958406,128.1281018,8
35.77510291,128.1261044,53
35.76330977,128.1388078,33
35.65869052,128.1155837,30
35.65840704,128.1130271,30
35.57488561,128.2878487,5
35.5747035,128.286894,35
35.57493481,128.2848024,65
35.58042227,128.2829415,77
35.55657331,128.2719213,52
35.55657331,128.2719213,30
35.55733135,128.263564,24
35.5579296,128.2683299,45
35.5573989,128.2680623,5
35.55959331,128.2654655,29
35.5588697,128.267139,87
35.5602138,128.2678036,51
35.5591714,128.266315,30
35.5601604,128.2665485,27
35.55867723,128.2638142,14
35.5589523,128.263341,7
35.5592283,128.2630689,10
35.6111922,128.1962554,4
35.57235439,128.2180099,6
35.57235439,128.2180099,27
35.7058054,128.1659194,14
35.61516118,128.3591181,11
35.51566076,128.1744089,20
35.51621997,128.173666,6
35.51669802,128.1742555,18
35.5535769,128.1624055,25
35.55822189,128.1655287,98
35.5419831,128.2791416,25
35.5479151,128.2800463,6
35.5476496,128.2787897,17
35.5477276,128.2782969,13
35.5607011,128.3217053,23
35.57062499,128.3422842,45
35.5568165,128.3190123,12
35.5599961,128.3172314,31
35.6273686,128.3241181,4
35.61516118,128.3591181,2
35.61523379,128.3594775,8
35.4141376,128.1232306,88
35.4397573,128.1460456,2
35.44013165,128.171649,3
35.4408496,128.1451327,5
35.44129189,128.1454099,27
35.56781477,128.1573936,38
35.4140588,128.1211219,20
35.56223258,128.1538105,57
35.56154375,128.1533466,49
35.56480253,128.170505,66
35.56792811,128.1567534,143
35.56680884,128.1671615,23
35.56963625,128.1524887,31
35.56582793,128.1578168,50
35.56633217,128.1576481,70
35.5619031,128.1595912,66
35.56592718,128.1649134,44
35.56639436,128.166343,348
35.56872766,128.1606531,17
35.56088238,128.1533855,154
35.5663279,128.1617271,68
35.56781933,128.1605037,18
35.56810894,128.1609775,68
35.56698135,128.1639074,29
35.5628487,128.1616539,26
35.5649604,128.1598159,34
35.5643593,128.1643818,12
35.5676525,128.1620497,21
35.56737831,128.1642887,47
35.56942349,128.1628168,13
35.564539,128.1580941,28
35.5677801,128.161024,5
35.56295359,128.1600682,38
35.56547978,128.1620966,12
35.5646356,128.1600469,16
35.5629576,128.1610805,5
35.5636032,128.1636411,9
35.5694763,128.1599066,20
35.5676238,128.1565116,21
35.5659645,128.157082,50
35.5630822,128.1554327,11
35.563123,128.1586981,27
35.5657034,128.1561438,4
35.57041257,128.1586381,7
35.5655334,128.1558897,2
35.5652272,128.1556906,2
35.56496786,128.1657951,4
35.5628451,128.1575503,9
35.5633771,128.157452,11
35.5630885,128.1575508,2
35.5657708,128.1604243,11
35.5654194,128.1603022,24
35.5680081,128.1592877,3
35.566831,128.156135,2
35.5654834,128.1596735,3
35.5664964,128.1569838,3
35.5653027,128.166591,8
35.5611827,128.1604813,4
35.5644384,128.1557342,7
35.5616781,128.160725,15
35.5625349,128.1603626,4
35.5676879,128.1625242,5
35.5688252,128.154484,9
35.56666234,128.1586501,10
35.56917614,128.1552383,81
35.56677788,128.1592842,42
35.5674076,128.1631634,13
35.56725246,128.1623023,14
35.56826173,128.1626183,28
35.56275306,128.1626304,25
35.31011222,128.5167026,56
35.31341782,128.4946724,6
35.34421812,128.5037159,6
35.33151152,128.4972299,24
35.35331659,128.4267639,45
35.26154859,128.3478306,29
35.24169664,128.3222481,13
35.26263216,128.3089007,7
35.29760604,128.3000906,6
35.28040771,128.3975977,82
35.27661375,128.4081554,96
35.22862996,128.3601407,20
35.26087183,128.3466662,34
35.24209207,128.4227251,64
35.27896241,128.4044179,12
35.27661375,128.4081554,52
35.2823651,128.3971812,120
35.27981581,128.4103896,124
35.27327768,128.4210551,20
35.2823651,128.3971812,200
35.3193980185,128.3838853484,39
35.31919638,128.385773,33
35.3051496,128.5189874,59
35.27341712,128.5228923,206
35.27671941,128.410333,185
35.28299074,128.4042852,48
35.27903438,128.4100068,27
35.32867624,128.3877871,73
35.2632112,128.4468724,40
35.26026336,128.4444291,60
35.3058552,128.5205026,54
35.3795177,129.152446,104
35.37501664,129.151049,120
35.41456428,129.1718978,34
35.416869,129.174649,62
35.37209211,129.149848,32
35.416371,129.171054,52
35.369792,129.147156,111
35.316003,129.067462,35
35.345277,129.025878,18
35.33123144,129.001409,23
35.33053248,129.0102221,132
35.354387,129.0303768,40
35.3627949,129.0353435,49
35.37322405,129.0272848,25
35.3747754,129.0301407,20
35.31978767,129.0650965,45
35.3193241,129.067697,41
35.4129348695,129.0583456,64
35.3803646,129.0569719,48
35.35862703,129.0481082,64
35.30642288,129.0093864,72
35.33238277,129.0028636,56
35.35686985,129.0265647,18
35.41233762,129.0571997,16
35.41457381,129.0583154,9
35.34135795,129.0355625,23
35.34227083,129.0389576,22
35.339818,129.035406,70
35.32798301,129.0004109,11
35.30999304,128.9804328,13
35.3599614,129.0478092,25
35.344249,129.0374501,12
35.332817,129.000937,22
35.3412234,129.0388335,10
35.3437588,129.025279,25
35.3447502,129.0268615,19
35.306688,128.986463,35
35.3157773,129.0132134,93
35.32300484,129.0191763,120
35.34105833,129.0281202,326
35.349923,129.041733,42
35.34188929,129.0357183,23
35.34149787,129.0370502,21
35.343339,129.037007,118
35.34736367,129.0377926,62
35.34689651,129.0400165,26
35.34490299,129.0380397,33
35.34479257,129.0389277,91
35.37539443,129.1491675,15
35.3854765,129.1503119,16
35.376551,129.149646,19
35.3786173,129.1542986,4
35.3840632,129.1398976,136
35.4159111,129.171257,6
35.41904505,129.1436433,91
35.41562488,129.1523717,120
35.41774357,129.1528027,115
35.42086203,129.1512158,82
35.42032256,129.1560769,86
35.37526979,129.149311,96
35.371201,129.149043,130
35.410843,129.167343,169
35.3678738318,129.0625125,10
35.3371773346,129.021081848,55
35.4141399416,129.0605018167,35
35.4147287129,129.0594742519,73
35.3881321,129.0496618,8
35.3437298,129.0262285,15
35.3464174,129.027488,4
35.3673127343,129.0603652439,98
35.32728628,129.0333479,37
35.3649188092,128.9183157329,54
35.3268742,128.9966136,70
35.3322265225,129.0002236752,40
35.3332987389,129.0013489469,38
35.3728364492,129.0267842516,44
35.3732240486,129.027284783,32
35.37283645,129.0267843,10
35.3604906691,129.0440769762,10
35.36049067,129.044077,25
35.3417743555,129.0367580361,17
35.34274031,129.0358971326,8
35.3399405,129.0348579,40
35.3392771638,129.0363537587,24
35.34329627,129.0390113,9
35.3451982612,129.0397112887,10
35.33968248,129.0364198,32
35.3426719708,129.0418017125,29
35.34986783,129.0372636,20
35.34967666,129.0382049,10
35.3498678322,129.0372636036,7
35.3482013272,129.0384772578,5
35.34820133,129.0384773,30
35.3480719028,129.0369576747,29
35.34564246,129.0357950628,10
35.34564246,129.0357950628,14
35.3463328708,129.040215655,11
35.34820133,129.0384773,17
35.34320227,129.0347998,13
35.33968248,129.0364198,29
35.345703225,129.0388040905,11
35.34564246,129.0357951,27
35.3448908382,129.0361989905,18
35.19346404,128.0804185,155
35.1783327,128.090578,47
35.1832349,128.069423,27
35.17022698,128.0646668,44
35.1722862,128.0619921,107
35.174419,128.062024,52
35.173597,128.0657984,27
35.194001,128.059766,16
35.19205397,128.0889487,44
35.1739782,128.0900387,41
35.17689207,128.1434258,13
35.1857233,128.122196,11
35.19203228,128.1209676,97
35.1847231,128.1204149,26
35.17614412,128.148101,9
35.17539558,128.1483395,13
35.1754626,128.1477345,13
35.17573195,128.1485146,10
35.18361786,128.1191841,24
35.190211,128.122233,38
35.19001133,128.1232312,45
35.19001133,128.1232312,55
35.178637,128.064552,17
35.180034,128.065602,17
35.19207246,128.0847401,11
35.193951,128.082574,13
35.19697451,128.0874961,18
35.19322795,128.0695078,28
35.183124,128.0688994,91
35.18213217,128.0711191,57
35.1870583,128.0705248,38
35.195101,128.087891,15
35.196805,128.086706,20
35.194439,128.079192,19
35.177647,128.110741,42
35.178299,128.108216,50
35.178563,128.105296,17
35.199532,128.080515,29
35.19722527,128.0826229,11
35.182306,128.113184,53
35.180172,128.110349,19
35.180108,128.111271,12
35.18608843,128.1195717,76
35.18253401,128.1138012,25
35.184071,128.115548,31
35.180937,128.111964,13
35.19576433,128.0762091,28
35.191716,128.081155,14
35.19126436,128.0818576,10
35.19129099,128.0818576,12
35.192138,128.083253,19
35.194692,128.0812226,11
35.196051,128.081906,58
35.192941,128.081311,13
35.192941,128.081311,8
35.192941,128.081311,8
35.18092171,128.0893331,9
35.1581497,128.105212,54
35.159973,128.106665,25
35.18130961,128.0695584,26
37.49174596,130.9099829,98
37.48315539,130.9076885,50
37.48494497,130.9041943,107
37.48156337,130.9097085,41
36.0514130924,128.5539452652,46
35.98866533,128.5544107,14
36.0037715682,128.5766282318,24
36.02054305,128.6299604,120
35.98150831,128.5774993,10
36.0020725312,128.3882442572,96
36.04280159,128.3698877,10
36.0343429,128.3645776,10
36.03489159,128.3655584,12
36.02736287,128.350652,9
36.0204156729,128.3838660961,51
36.03034134,128.3621827,107
36.04729281,128.5186173,94
36.01931139,128.5893112,127
36.02079127,128.5909281,42
35.99098236,128.5519303,100
35.92951531,128.5099837,32
35.97044637,128.4897782,36
35.89765666,128.5003318,18
35.95543781,128.486607,40
36.0667909,128.4009751,129
36.07405963,128.4147107,10
36.07409825,128.4143868,17
36.0760760819,128.3953828941,36
36.08133224,128.4039858,64
36.0776855211,128.414300975,216
36.0786342555,128.4085416006,141
36.0754429,128.407451,33
36.07607425,128.4066892,17
36.07854157,128.4021192,30
36.06749293,128.297883,20
36.06861861,128.3464719,35
36.06722636,128.3482323,20
36.06307669,128.3335672,26
36.07266889,128.3409003,124
35.9895656911,128.3988661928,63
35.9865717692,128.4128213579,123
35.9793543,128.4028494,19
35.978601956,128.3983586107,62
36.00387065,128.4124591,25
35.99627704,128.4031789,270
35.9820392419,128.3966875131,10
35.9923992642,128.399484599,21
35.9877956996,128.3975633106,34
35.98919593,128.39768,4
35.9880739,128.4003281,37
35.99522245,128.396511,85
35.9758274,128.3995016,44
35.98957566,128.3974541,25
36.01051567,128.4241916,10
35.97413136,128.4268576,150
35.96810551,128.4116148,64
35.96339328,128.4207249,20
35.96935675,128.4258735,56
35.96358473,128.4132088,53
35.96641436,128.4170036,25
35.99117185,128.396526,12
35.9891151645,128.398414781,12
35.9856710625,128.3950937177,6
35.98669721,128.405838,35
35.99070932,128.3971207,60
35.98811836,128.412971,44
35.99134719,128.4032253,45
35.99398403,128.4009004,85
35.98669563,128.4082127,30
35.98447222,128.3996738,45
35.99552723,128.4000734,162
35.99189307,128.4000114,197
35.98149252,128.5767378,70
35.9201119,128.2825875,231
35.9221246,128.2837306,116
36.0138759,128.2970361,54
35.90636658,128.1344133,17
35.91407807,128.2851311,129
35.9171512,128.2907491,42
35.9182941,128.2934325,40
35.9216189,128.2783076,18
35.922265,128.2791258,8
35.9169276,128.2852814,117
35.916133,128.2891984,80
35.91525096,128.2808918,80
35.91378526,128.2829294,200
35.91884179,128.281426,5
35.9208532,128.2856441,13
35.91307892,128.2567841,430
35.9182616,128.290175,168
35.9477607,128.2169303,26
35.91930867,128.2841971,135
35.9190428531,128.2837855586,54
36.5286677,129.0438783,19
36.45701395,129.0721834377,4
36.390411,129.139927,30
36.39107406,129.139433,36
36.5286677,129.0438783,15
36.32843519,128.9867216,49
36.39053523,129.1413053146,454
36.38957702,129.1348857,700
36.4356028412,129.0295664882,44
36.2897129797,129.019501325,20
36.43617486,129.026556,50
36.44421955,129.0318086,25
36.52846601,129.048361,20
36.52914746,129.046539,18
36.28720108,128.955907,22
36.28978803,129.0160862,39
36.43241106,129.0557186,147
36.52760895,129.0457018,56
36.43442891,129.0575595,20
36.43343136,129.0550479,21
36.52749261,129.0452811043,106
36.4351472326,129.0521198532,47
36.4351163,129.052185,24
36.27514916,128.8970675,45
36.28814077,129.0175028,38
36.43574,129.0530156,104
36.52832412,129.0449366,95
36.39152586,129.1398627,26
35.82736567,128.7273657,63
35.82857716,128.7266793,261
35.83293036,128.74243,181
35.91172188,128.8272398,37
35.90901762,128.8202758,52
35.82788116,128.723316,15
35.8159924,128.7340605,26
35.81497555,128.7344025,55
35.82140884,128.7302804,45
35.82701244,128.7309448,49
35.82701244,128.7309448,26
35.83897925,128.7288301,44
35.90611734,128.8201279,30
35.90638824,128.8211367,58
35.90686354,128.8227856,88
35.89303456,128.8352091,104
35.82737941,128.7135218,190
35.82361059,128.8266874,52
35.80197381,128.743778,12
35.80759081,128.7328634,148
35.91661583,128.8179805,122
35.81456413,128.7214069,34
35.82926115,128.7170184,41
35.82582695,128.7428752,33
35.83147094,128.746028,9
35.82595772,128.7414296,389
35.89853824,128.8281627,15
35.83897925,128.7288301,42
35.87562068,128.8223326,20
35.86479467,128.7931951,61
35.899057,128.8254918,6
35.82351992,128.7190983,21
35.91611348,128.8219502,26
35.81954237,128.733223,13
35.873031,128.8228014,45
35.81467894,128.728211,24
35.8176821,128.7279443,35
35.81869649,128.7273854,24
35.83907929,128.7817163,123
35.81179639,128.7392815,38
35.82256829,128.8439001,18
35.82098784,128.7400281,20
35.98786785,128.7362541,10
35.85197963,128.7648253,52
35.84594634,128.7620835,9
35.76631945,128.7270986,24
35.81374744,128.7393869,49
35.81451734,128.7303643,17
35.87128467,128.8279378,39
35.91333714,128.81938,52
35.91201335,128.8177726,56
35.98551689,128.7487927,547
35.98551689,128.7487927,10
35.98581171,128.7487901,20
35.81670639,128.8234107,84
35.91532654,128.8204892,104
35.82016795,128.7355199,110
35.82054874,128.7362592,78
35.82978606,128.7195273,63
35.83362328,128.7394501,150
35.91581755,128.8160711,8
35.84097914,128.7467916,22
35.84003203,128.7478306,20
35.91024395,128.8223263,57
35.91125593,128.824769,41
35.87870943,128.8184776,23
35.87451936,128.8091266,22
35.87530988,128.8072194,10
35.87510271,128.8129772,19
35.87522488,128.8134199,20
35.87522488,128.8134199,3
35.91652486,128.8189711,37
35.91733144,128.8259978,4
35.83230074,128.7279141,6
35.90921139,128.816268,7
35.86455704,128.8346267,18
35.86455704,128.8346267,58
35.80936862,128.757959,30
35.91495431,128.8248675,6
35.91721391,128.8246127,29
35.91724285,128.8265421,5
35.91618569,128.815738,15
35.8874999,128.7932239,47
35.91581755,128.8160711,16
35.91131567,128.8162442,15
35.90985088,128.8137614,15
35.91032302,128.8131727,23
35.85974027,128.8247678,34
35.85974027,128.8247678,46
35.86651448,128.8283698,190
35.87354555,128.828441,92
35.87054762,128.8246494,58
35.86888665,128.8215654,52
35.87210606,128.8273654,81
35.86887509,128.8315578,79
35.87629305,128.8289933,144
35.87482991,128.8303841,162
35.86553365,128.7952522,29
35.90686354,128.8227856,21
35.88414638,128.8194615,32
35.88226749,128.8180154,106
35.86140244,128.8274216,154
35.86140244,128.8274216,68
35.86140244,128.8274216,66
35.85974027,128.8247678,78
35.86455704,128.8346267,42
35.86455704,128.8346267,43
35.86455704,128.8346267,31
35.87503692,128.8154824,41
35.87270308,128.8170476,55
35.87334916,128.8338115,174
35.86600364,128.8218297,102
35.86600364,128.8218297,42
35.86651448,128.8283698,51
35.86651448,128.8283698,69
35.86651448,128.8283698,31
35.86651448,128.8283698,263
35.86651448,128.8283698,170
35.86651448,128.8283698,42
35.86651448,128.8283698,19
35.86651448,128.8283698,146
35.82827087,128.7228307,53
35.82780488,128.7318779,14
35.82701244,128.7309448,11
35.83255525,128.7397992,34
35.82338698,128.7326751,4
35.82599455,128.7311893,2
35.82555979,128.7310838,19
35.82694951,128.7314212,16
35.82869951,128.7323513,17
35.8311475,128.7338503,9
35.83292924,128.7336686,8
35.82863998,128.7308402,19
35.81370528,128.8168908,2
35.81627052,128.8228223,25
35.81627052,128.8228223,28
35.82605928,128.819772,217
35.82181707,128.7186228,11
35.82181707,128.7186228,63
35.82119,128.7237082,47
35.82818777,128.7252569,6
35.82559323,128.7289226,29
35.81137196,128.7328627,32
35.81262163,128.7319636,50
35.81762848,128.732581,5
35.81738344,128.7351738,6
35.81999117,128.733461,22
35.81833006,128.7337975,43
35.81890965,128.7341651,11
35.81890965,128.7341651,8
35.81828802,128.7341116,9
35.8171973,128.7352016,6
35.81624843,128.7388578,26
35.81842555,128.7449778,26
35.81691766,128.7448204,10
35.81631818,128.7461031,3
35.81746596,128.7470295,64
35.82016051,128.7478399,7
35.8163691,128.745524,11
35.81311184,128.7422579,14
35.82154066,128.7561231,20
35.82272113,128.7550797,11
35.82152315,128.7392672,41
35.81679919,128.740242,3
35.81772324,128.7427246,20
35.81488196,128.7367817,70
35.81367545,128.7378638,59
35.81486732,128.7388201,11
35.81185098,128.7596236,6
35.81561145,128.7617864,42
35.81561145,128.7617864,17
35.81652947,128.7605831,68
35.81511493,128.7542581,5
35.8077884,128.7543923,84
35.8126351,128.7548267,33
35.80862545,128.739318,8
35.80455022,128.7393883,7
35.80463103,128.7365228,27
35.79970968,128.7362582,14
35.76698121,128.7271816,11
35.76735823,128.7261235,8
35.82180088,128.748364,20
35.85974027,128.8247678,96
36.59602344,128.1978627,69
36.586674,128.1860632,24
36.59748581,128.1984902,106
36.58789046,128.1878109,63
36.58992828,128.1967625,88
36.5872484592,128.1862286192,191
36.5869234,128.187405,210
36.6453768536,128.062416,10
36.6469822064,128.0606802769,29
36.73458691,128.1076219,80
36.59476772,128.1975463,28
36.75250327,128.0802131,915
36.7542947,128.0791903,438
36.75998459,128.0769258,327
36.76067578,128.0761432,324
36.59378659,128.1986693,44
36.5963460202,128.200532291,39
36.59548934,128.2028036,60
36.59300142,128.1987278,37
36.592371,128.1987921,21
36.60104936,128.2044137,35
36.59673209,128.204198,47
36.5942054,128.1969132,130
36.59545005,128.198914,35
36.59817914,128.2017177,39
36.60153397,128.202173,47
36.60099065,128.2063689,39
36.59548934,128.2028036,47
36.59535921,128.2006786,74
36.59407391,128.2018037,170
36.58610576,128.192314,42
36.59773666,128.2014004,44
36.59322307,128.1978602,35
36.58859055,128.1931748,57
36.58626465,128.1880251,8
36.58696327,128.1906517,80
36.5961698,128.200341,6
36.58860227,128.1829687,74
36.59331466,128.1931943,14
36.5969549,128.1988298,11
36.59593193,128.2023601,6
36.5980137,128.1987198,16
36.60108203,128.2031329,18
36.6009156,128.2045069,15
36.6004715,128.1991057,17
36.59989661,128.198971,11
36.59881651,128.2021165,18
36.59091567,128.196837,39
36.59190836,128.1995831,13
36.59159294,128.1893282,23
36.58985275,128.19263,17
36.58784344,128.1963856,49
36.59951295,128.1969253,58
36.59511248,128.1916842,33
36.59231206,128.2000109,128
36.5882568,128.197468,44
36.5860042,128.1960741,34
36.58597907,128.1938801,13
36.5907201,128.1981767,195
36.41979759,128.1638417,27
36.39434662,128.1513813,25
36.39740949,128.149698,19
36.40442623,128.1616421,76
36.567621,128.1782832,70
36.41072179,128.1531766,71
36.42408954,128.1738524,267
36.414342,128.158567,20
36.40971054,128.1634401,40
36.41525193,128.168897,60
36.42709068,128.1515376,58
36.41363033,128.159818,88
36.3383034,128.129111,32
36.53449327,128.0721855,15
36.5701103,128.1811622,19
36.388715,127.955668,22
36.41249583,128.1615147,222
36.39720498,128.1494602,15
36.4438171,127.9517374,20
36.46829754,128.2096039,5
36.34115071,127.9611812,42
36.41099341,128.155045,116
36.42247106,128.1629489,32
36.56608461,128.1815433,12
36.41402692,128.1604731,16
36.41691469,128.1628943,22
36.5674454,128.7162093,7
36.570325,128.7299024,3
36.5717806,128.7085923,34
36.5622881,128.7126927,4
36.56995235,128.7338129,7
36.5554528,128.7495326,14
36.5682107,128.7060583,11
36.5554528,128.7495326,14
36.5798466,128.5706447,34
36.5682401,128.7060947,11
36.564664,128.731862,97
36.5654539,128.732965,300
36.56648004,128.7359394,28
36.54166975,128.4657509,17
36.54027566,128.797727,10
36.56793131,128.7003312,133
36.56472794,128.7040809,30
36.56615762,128.7269169,10
36.56650732,128.7251557,19
36.56587693,128.7069432,11
36.56020141,128.7121494,8
36.57718988,128.7162989,7
36.55921902,128.7119099,3
36.56591953,128.7126642,9
36.55320302,128.7649915,8
36.57104882,128.7199179,2
36.56262433,128.7856864,8
36.56913234,128.7297654,8
36.57403596,128.5817582,15
36.57208048,128.7122259,13
36.56914109,128.7119565,6
36.56253695,128.748049,6
36.5702229,128.7163956,3
36.57218661,128.7180514,8
36.57229417,128.7149799,6
36.57107671,128.7152926,15
36.57111943,128.7216503,8
36.56249183,128.7131801,8
36.57031416,128.7162129,5
36.55046861,128.786315,38
36.56623227,128.7198055,10
36.57802356,128.7317952,20
36.61611979,128.767154,34
36.56410301,128.7342538,16
36.55044438,128.7321897,30
36.5629114,128.7259588,13
36.55970545,128.7195154,30
36.57797354,128.7103505,8
36.57154365,128.7131318,20
36.57041807,128.7114175,28
36.56674259,128.7091525,14
36.56224573,128.7141752,35
36.56224573,128.7141752,16
36.56224573,128.7141752,19
36.5699227,128.7207227,11
36.58741522,128.7418506,39
36.56098463,128.7175023,62
36.55916286,128.7212373,108
36.55322262,128.7556927,36
36.55609766,128.7537095,24
36.55996577,128.7443966,57
36.56521264,128.7365234,18
36.56427754,128.7335956,13
36.56511335,128.7446908,62
36.56722666,128.7327697,13
36.57421051,128.6811378,110
36.5649345,128.7382389,21
36.57140052,128.7153962,10
36.56572558,128.7385592,9
36.57172595,128.7167287,10
36.56111313,128.7280365,4
36.55689196,128.7633158,30
36.56818304,128.7302592,552
36.57889909,128.7645861,138
36.56706477,128.7377034,8
36.56620119,128.7077511,5
36.58059275,128.7332239,13
36.55084409,128.5294195,278
36.72862054,128.8402918,189
36.56816305,128.7761329,639
36.57674613,128.7582418,334
36.56050653,128.7306335,46
36.55254425,128.7203603,200
36.55754111,128.7083374,365
36.55867597,128.7296916,300
36.55766248,128.7213272,446
36.54920372,128.7000941,1000
36.56146314,128.7253251,13
36.56888333,128.7306904,12
36.56970327,128.7302287,17
36.55885304,128.752357,123
36.57131315,128.7176643,22
36.57279156,128.7178304,23
36.56980893,128.7063776,22
36.57105927,128.7136947,7
36.57205615,128.7172681,5
36.56917849,128.7056778,17
36.56846524,128.732731,30
36.56297787,128.7237306,197
36.56551873,128.7135799,39
36.56504669,128.726554,118
36.5594707,128.7501623,113
36.57790005,128.573615,119
36.5733987,128.6761196,303
36.5636648,128.7220242,22
36.56148936,128.7014073,316
36.56327039,128.7230519,8
36.56328177,128.722661,12
36.56366074,128.7226139,10
36.5634492,128.7217896,9
36.56398284,128.7322777,9
36.5650744,128.7343336,10
36.56722666,128.7327697,10
36.56507427,128.7228117,13
36.56464943,128.722977,12
36.56531588,128.7260539,15
36.56432465,128.7244198,15
36.56507193,128.7246774,14
36.56631649,128.7245327,13
36.56550134,128.7331494,6
36.56488203,128.7277368,23
36.56479973,128.726189,9
36.5650878,128.7261743,5
36.56619629,128.7278451,4
36.56464171,128.7292753,14
36.56464171,128.7292753,7
36.56417702,128.7311107,12
36.56568877,128.7314758,10
36.56604656,128.7318255,12
36.56568877,128.7314758,9
36.56587172,128.7294777,8
36.56617745,128.7281176,13
36.12602744,128.1261498,65
36.12607787,128.115789,42
36.11696956,128.1335169,16
36.12239605,128.100857,23
36.12588976,128.0940684,41
36.12279924,128.1343977,21
36.13484552,128.1213246,16
36.11866056,128.1251592,44
36.12491821,128.1083604,22
36.11582593,128.0180969,789
36.11960253,128.145382,31
36.132396,128.096825,63
36.114961,128.1235129,26
36.122577,128.1209796,13
36.19069523,128.2298522,20
36.11948846,128.0892451,47
36.0993889,128.1159515,31
36.11138959,128.1224533,17
36.12281373,128.1257368,57
36.13517833,128.0955596,13
36.11665981,128.1252833,36
36.12372186,128.1113355,63
36.1191825,128.1237406,43
36.11966671,128.1258885,8
36.11747888,128.1251407,59
36.1183394,128.1229399,34
36.12544313,128.1111219,50
36.1191521,128.1244723,17
36.13477015,128.0975975,25
35.807947,129.069167,24
35.839035,129.202672,15
35.842116,129.216721,73
35.843834,129.210374,199
35.84256,129.203486,25
35.800077,129.14067,670
35.85933,129.225064,240
35.875164,129.233164,4
35.86052,129.3121,7
35.811808,129.24151,122
35.848472,129.2247,34
35.842653,129.186499,229
35.859483,129.224633,25
35.854484,129.207059,31
35.843531,129.183888,82
35.84306,129.21508,46
35.842218,129.210693,13
35.843632,129.209977,82
35.844864,129.206147,49
35.834794,129.22657,56
35.83591,129.217787,111
35.864311,129.211654,26
35.856198,129.224724,17
35.840799,129.203396,17
35.844228,129.212071,21
35.842753,129.215258,41
35.845154,129.210014,58
35.843166,129.216272,10
35.845753,129.214507,11
35.846925,129.216018,16
35.833078,129.21396,115
35.83055,129.133874,29
35.881652,129.221682,300
35.893749,129.049733,30
35.793894,129.275746,19
35.835327,129.210806,35
35.821018,129.125114,38
35.871651,129.217194,21
35.864795,129.216489,99
35.675111,129.462925,27
35.838906,129.076169,4
35.835704,129.07907,24
35.806426,129.502502,15
35.85758,129.160467,22
35.817838,129.235556,20
35.847228,129.102221,8
35.813204,129.012793,13
35.812001,129.172325,20
35.800077,129.14067,670
35.933514,129.253601,6
35.892659,129.049717,7
35.846132,129.112217,13
35.787738,129.422323,5
35.840992,129.249924,10
35.834796,129.202326,500
36.017023,129.207611,22
35.918862,129.077456,10
35.896036,129.265889,14
35.828176,129.187547,22
35.892565,129.043644,9
35.81435,129.102886,38
35.824534,129.107464,15
35.767142,129.194363,21
35.82962,129.140718,15
35.850327,129.101958,17
35.858403,129.224664,20
35.715894,129.32487,34
35.855269,129.2052,76
35.832465,129.206547,894
35.787357,129.128023,8
35.859587,129.193622,92
35.849478,129.218407,20
35.856936,129.078728,18
35.83427,129.114478,11
35.819313,129.15095,13
36.051395,129.24604,14
35.833572,129.117438,19
36.044721,129.250153,6
36.054764,129.249643,17
35.976348,129.284,13
35.824497,129.13062,10
35.87205,129.094813,18
35.892966,129.073202,11
35.994314,129.206955,16
35.832002,129.254677,7
35.844592,129.092553,8
35.899433,129.04985,20
35.88862,129.240524,14
35.884631,129.041977,53
35.921617,129.075003,82
35.970756,129.248897,7
35.715894,129.32487,17
35.996127,129.276875,16
35.887667,129.180858,14
35.676089,129.462046,5
35.864629,129.086569,21
35.899539,129.164172,13
35.833495,129.140768,21
35.877455,129.03764,30
35.887604,129.077311,14
36.059596,129.249191,16
35.987402,129.273765,23
35.822677,129.508595,10
35.887272,129.038327,11
35.82489,129.213173,22
35.816801,129.148094,16
35.896028,129.267232,10
35.891299,129.072771,20
35.897275,129.27272,12
35.951659,129.250603,24
35.86127,129.315431,72
35.82894,129.188503,12
35.82166,129.211437,11
35.990206,129.221069,45
35.850653,129.261571,34
35.861297,129.032089,10
35.862466,129.033734,30
35.851968,129.26405,96
35.87524,129.322129,135
35.837408,129.209954,17
35.888068,129.240159,16
35.846224,129.220148,148
35.826398,129.209369,17
35.789407,129.243538,21
35.827576,129.207969,20
35.990247,129.225713,48
35.746898,129.038757,24
34.31587537,126.7531374,12
34.31472323,126.7551807,20
34.31458719,126.7557681,18
34.31518464,126.760166,30
34.31512312,126.7580805,52
34.31464732,126.756671,27
34.31563656,126.7536267,25
34.31401899,126.7557682,10
34.31167172,126.7578937,14
34.31095435,126.7584712,14
34.31239598,126.7550095,56
34.31097244,126.7549613,92
34.3133974,126.761013,36
34.3133974,126.761013,25
34.31186387,126.7588881,16
34.31342775,126.7577405,20
34.31392394,126.7560225,31
34.31607492,126.7491712,145
34.31700893,126.7455346,27
34.3244165,126.7479384,5
34.31516071,126.7571691,30
34.31626969,126.7532364,8
34.31698558,126.7492058,30
34.31667144,126.7416714,175
34.31667144,126.7416714,57
34.31686607,126.7402582,135
34.31704454,126.7380938,7
34.3139819,126.7545314,8
34.31505863,126.7534549,8
34.31161698,126.7394459,67
34.31097244,126.7549613,194
34.31110434,126.760529,26
34.31018505,126.7600435,5
34.31059221,126.7583704,10
34.31534742,126.7425232,9
34.31157362,126.7545434,24
34.86828549,126.6113263,30
34.869335,126.610323,130
34.84544674,126.6435982,16
34.86503787,126.748904,30
34.76273614,126.6346915,85
34.753385,126.6594212,150
34.75653201,126.6291224,163
34.75653201,126.6291224,550
34.72562385,126.5656447,200
34.72642556,126.570108,25
34.724234,126.568679,20
34.72434198,126.570245,22
34.77579115,126.4574519,130
34.745963,126.469251,85
34.890545,126.692852,120
34.889349,126.6911445,64
34.8902703,126.6926245,20
34.889985,126.693292,12
34.868583,126.607068,40
34.75352132,126.4702054,78
34.79321808,126.685283,557
34.79496133,126.6969599,155
34.798958,126.6982921,20
34.79676029,126.7027454,39
34.800133,126.6968885,120
34.80535349,126.7031429,46
34.80004413,126.6994421,70
34.798806,126.6970992,51
34.79907696,126.699096,30
34.79377036,126.6974387,30
34.79793115,126.6979549,180
34.80060862,126.698056,32
34.80073528,126.7003973,60
34.77763888,126.722181,250
34.804227,126.7025689,200
34.806348,126.702588,151
34.80724914,126.7012957,95
34.80613178,126.701489,58
34.80761586,126.7023348,88
34.79914356,126.695488,135
34.79810401,126.6949776,10
34.800133,126.696889,90
34.800242,126.6976928,30
34.79968037,126.6981496,128
34.86678738,126.609012,195
34.86863013,126.6109777,30
34.869433,126.607846,20
34.8678592,126.610763,40
34.77879587,126.452476,50
34.718216,127.083358,14
34.7198767,127.081709,6
34.77830098,127.0891915,54
34.76586034,127.0756154,12
34.77021742,127.0790364,24
34.76842473,127.0800702,18
34.77149318,127.0800208,240
34.80136438,127.0884606,15
34.79730102,127.0707749,14
34.84168832,127.3667238,105
34.83783734,127.3607294,234
34.83359181,127.3450425,24
34.84870505,127.3520322,52
34.84827843,127.3395668,11
34.84572417,127.3426702,5
34.84717937,127.3416545,90
34.85095498,127.3454518,10
34.76251731,127.1698875,28
34.76371105,127.0758172,16
34.70050445,126.9855072,163
34.77759655,127.0890258,125
34.71611641,127.0204587,19
34.66687855,127.0837125,69
34.66876321,127.0853422,13
34.77972568,127.1967264,13
34.76221168,127.1687574,22
34.80854696,127.2473738,30
34.96651026,127.1612771,96
34.92906665,127.1729641,12
34.89338578,127.1313015,26
34.87061356,127.187108,15
34.82935285,127.1520727,10
34.77867961,127.1983579,24
34.7614777,127.1701474,7
34.78012481,127.201448,9
34.76290779,127.1690282,5
34.77914523,127.1992349,40
34.75785296,127.2212806,66
34.66994157,127.0873772,44
34.70468757,127.1910827,40
34.70951318,127.1968371,122
34.70631725,127.1967364,50
34.76346826,127.2121009,73
34.77417491,127.0865911,32
34.77055347,127.0833582,68
34.775085,127.0958232,130
34.7737547,127.0940848,390
34.73753691,127.1881608,110
34.76945647,127.0801782,58
34.76718547,127.0819269,80
34.84203182,127.3452964,80
34.698588,127.0122256,252
34.69887415,127.0636446,79
34.71117551,127.0878004,11
34.67103832,127.0905002,212
34.84799759,127.3407159,13
34.8446866,127.3423729,30
34.84277759,127.3429554,20
34.84006858,127.3560183,11
34.84203182,127.3452964,80
34.7198767,127.081709,171
34.76514165,127.0774542,266
34.7697591,127.0900078,20
34.767101,127.0819268,203
34.69384505,127.0120663,132
34.7074096,127.0899271,20
34.66876321,127.0853422,427
34.84718261,127.3433192,38
34.84483143,127.3434362,10
34.76732457,127.0807115,54
34.77025968,127.0805701,93
34.7737547,127.0940848,56
35.81643779,127.1103087,124
35.81296672,127.101358,30
35.81515404,127.10374998,32
35.82774683,127.1051531,42
35.81698805,127.1049332,36
35.81761757,127.1101793,43
35.81968124,127.1049814,20
35.81762512,127.1078221,48
35.82175841,127.1029617,20
35.81516099,127.1078072,62
35.82175841,127.1029617,33
35.78843975,127.1934117,62
35.79668383,127.1217145,194
35.75808408,127.0866859,56
35.82072861,127.1391426,13
35.82690168,127.1423128,70
35.82131357,127.1548778,20
35.82034046,127.1536255,25
35.81717372,127.1234251,45
35.81836023,127.1427168,14
35.8346134,127.1198279,75
35.8117215,127.145011,117
35.82411965,127.1471435,66
35.8225592,127.143692,40
35.84075454,127.127127,638
35.8411407,127.13159,158
35.85730635,127.1440769,828
35.86745757,127.1475373,30
35.84330766,127.1097145,30
35.8422224,127.1105578,30
35.84609945,127.1099445,29
35.84668632,127.1097816,26
35.8401503,127.1147087,19
35.8413385,127.1112829,23
35.84772155,127.1105185,29
35.85595728,127.1062538,8
35.85993412,127.0985552,76
35.84412192,127.1645497,64
35.8363209,127.1647506,88
35.84159498,127.149582,11
35.84304016,127.1453078,26
35.84663099,127.148226,26
35.84295217,127.1509582,15
35.83552649,127.1546105,32
35.85002702,127.1593866,28
35.83757174,127.1684072,69
35.87131635,127.0759714,26
35.86980889,127.080543,45
35.87332179,127.1264799,52
35.82632995,127.1626078,62
35.82547138,127.1716413,88
35.83152828,127.1729686,73
35.8315861,127.1706002,70
35.85503223,127.1060562,30
35.86493827,127.1152586,17
35.86135501,127.1180041,17
35.86832995,127.1124085,156
35.86823532,127.1164314,82
35.86452264,127.1181062,13
35.86938833,127.1281282,32
35.84213528,127.1758765,69
35.84873934,127.0772524,50
35.84478267,127.0738994,65
35.84271867,127.0715576,26
35.8414222,127.074826,54
35.84280186,127.0787618,66
35.84751636,127.1587548,13
35.84419534,127.1240375,33
35.83961627,127.1411636,24
35.8750205,127.0566879,52
35.83294201,127.1347196,68
35.83202671,127.1370205,77
35.84607526,127.1210473,41
35.84320142,127.1287033,17
35.82094133,127.1245751,256
35.81832443,127.152854,171
35.81825047,127.1536774,293
35.8747018425,127.0759,39
35.8553390781,127.1082695624,16
35.8724021252,127.1266805921,28
35.8799135661,127.1338,59
35.812090638,127.1148,21
35.79465231,127.1068278,51
35.7998416,127.1077472,33
35.80236016,127.1099424,11
35.80167377,127.1067859,83
35.80159239,127.1010959,44
35.81660036,127.1566663,72
35.80062313,127.1686811,636
35.82253558,127.1517254,28
35.7958792,127.1367028,13
35.796128,127.1436245,25
35.82238396,127.1377288,7
35.82019013,127.1150821,16
35.81757823,127.1152257,75
35.80135808,127.0931304,84
35.81288955,127.1220368,33
35.82128952,127.1451912,183
35.81426835,127.1404782,11
35.79910194,127.1135686,30
35.80646526,127.1509425,17
35.80929601,127.1490068,27
35.83452064,127.1090515,29
35.83541434,127.1114012,28
35.83159158,127.1144504,131
35.80559814,127.1491444,16
35.81644796,127.1076418,120
35.81298102,127.0949926,17
35.81722291,127.0966722,32
35.82381149,127.1029489,33
35.82167786,127.1013438,29
35.82063188,127.0961614,30
35.81316648,127.1096218,24
35.81759828,127.1032854,25
35.81516209,127.1101742,50
35.82849728,127.0978168,27
35.82023782,127.1400439,48
36.44611677,126.8028074,44
36.41232927,126.9484181,19
36.45198544,126.8071383,41
36.44898308,126.8041206,30
36.44997322,126.8048019,26
36.45442885,126.8039267,22
36.44877242,126.802829,27
36.45265062,126.8031798,28
36.45126561,126.8032314,25
36.41487536,126.9216899,128
36.4507562,126.8005804,85
36.41146686,126.9506718,29
36.41059417,126.9480176,47
36.40858688,126.8524419,159
36.4095527,126.8493104,87
36.41002174,126.852393,49
36.43629632,126.8855593,123
36.45284118,126.8036588,31
36.44765139,126.8046699,3
36.44868459,126.8053231,18
36.45152269,126.8044233,34
36.44537598,126.7987814,26
36.4455694,126.8023116,44
36.44841751,126.8013442,143
36.45313948,126.8071406,25
36.81473768,127.142416,27
36.812871,127.145689,12
36.87410144,127.2013641,25
36.81491719,127.1079523,130
36.872552,127.201385,47
36.8311333,127.1391441,18
36.91647011,127.131189,24
36.807032,127.117955,19
36.83859055,127.1166418,62
36.83176092,127.1510379,42
36.8037354,127.108518,28
36.80528955,127.1080386,57
36.81054256,127.1110928,49
36.81122082,127.1095158,144
36.82466276,127.1352845,69
36.8003095,127.1256807,13
36.81780998,127.1535096,232
36.83815126,127.1281754,98
36.794407,127.122591,54
36.79261341,127.117988,19
36.79230641,127.118594,52
36.7875699,127.1141843,44
36.81441951,127.139401,27
36.81787109,127.1356868,43
36.79830415,127.148763,57
36.802751,127.138902,21
36.803699,127.141079,62
36.806065,127.238488,25
36.80637728,127.1487237,77
36.80651394,127.1468451,20
36.81752115,127.1556505,13
36.773007,127.132113,49
36.785089,127.1574072,17
36.77890447,127.2716407,13
36.77775914,127.2685935,23
36.79647634,127.1573648,18
36.820381,127.153829,13
36.837569,127.173361,121
36.67465099,127.0536174,424
36.76214263,127.2273522,201
36.75965335,127.2981998,114
36.67234277,127.0455523,151
36.8222344,127.1579813,38
36.80717031,127.1475025,56
36.80224728,127.1528277,18
36.81198787,127.1614814,50
36.80294273,127.146164,28
36.81418927,127.162674,22
36.80918163,127.1581915,45
36.80114649,127.1387965,95
36.80180063,127.1382366,64
36.91253596,127.1366796,170
36.8176597,127.1594536,20
36.83296339,127.1451493,52
36.8273354,127.1362858,44
36.83459674,127.1346155,46
36.87162843,127.2010113,17
36.80040792,127.1146208,50
36.81569429,127.1444851,52
36.8175221,127.1403271,10
36.8179437,127.141326,56
36.87798796,127.1991297,49
36.83733587,127.1379223,6
36.84261149,127.1522288,13
36.8029362,127.1191837,24
36.7962244,127.1235022,21
36.8040163,127.1305234,9
36.82385581,127.1374898,16
36.91295639,127.2212251,32
36.8790065,127.1504675,62
36.9181614,127.1343912,56
36.87871381,127.1559972,249
36.81612841,127.1130483,348
36.8126333,127.1392105,29
36.77441534,127.1307313,29
36.76719291,127.3025835,41
36.8091134,127.1535923,24
36.75170776,127.3146145,6
36.79072254,127.2385675,34
36.7571481,127.3167796,36
36.76009007,127.3083682,67
36.69853981,127.1116009,27
36.7761603,127.3443628,23
36.78517959,127.2346095,30
36.81187124,127.163016,13
36.8109412,127.1502833,115
36.74222767,127.2369289,12
36.76719291,127.3025835,32
36.78607183,127.1567413,19
36.78587053,127.1224907,29
36.80006272,127.1524177,5
36.80122533,127.1420521,8
36.81840257,127.1576052,11
36.7311552,127.2809647,24
36.80719083,127.1514651,58
36.82747276,127.2732435,15
36.77550806,127.2078978,84
36.8055391,127.1394121,12
36.8099114546,127.1509023756,10
36.809967638,127.1501892502,12
36.8117763819,127.1501988799,45
36.80431803,127.1495845,67
36.78249305,127.1536331,364
36.80031284,127.1484548,57
36.80396842,127.1508934,60
36.7979637,127.1225368,70
37.75197184,128.899089,375
37.89242144,128.8261647,80
37.87190425,128.82506,26
37.88433299,128.8226407,7
37.87217707,128.8255201,14
37.88893294,128.8240637,54
37.8836778,128.8297119,54
37.75618705,128.8900353,18
37.75470058,128.8900729,14
37.74751465,128.8825549,70
37.77159623,128.9061593,15
37.76852502,128.9046025,165
37.76926868,128.9182042,28
37.79866293,128.9110762,285
37.79569928,128.9153582,91
37.79564968,128.9181213,170
37.7536501,128.8934682,35
37.7549733,128.8950173,13
37.75613178,128.8941268,22
37.75505163,128.8934447,20
37.75088576,128.8926298,11
37.74871115,128.8899735,64
37.75317226,128.8894469,90
37.75185847,128.8908508,61
37.75504954,128.9042217,311
37.75435473,128.9019948,43
37.75143253,128.8948707,56
37.7551763,128.8878832,3
37.75579987,128.8866297,4
37.75543111,128.8868402,4
37.75527357,128.8861614,4
37.75391905,128.8869505,8
37.75459369,128.888251,4
37.74766083,128.8829178,40
37.7503789,128.8845816,6
37.74838819,128.8830244,68
37.75150077,128.8872855,10
37.75308841,128.8825979,180
37.75345249,128.8794173,153
37.8785638,128.8341864,19
37.91013153,128.8176761,560
37.88642945,128.8255437,47
37.89851355,128.8339509,10
37.88380611,128.8241103,45
37.8849695,128.8280273,144
37.90475152,128.8296937,116
37.75612938,128.90474,256
37.61132833,129.0373668,12
37.87532731,128.8377273,40
37.87042707,128.8432474,8
37.86007208,128.8373732,42
37.85808493,128.8530212,22
37.77253791,128.9443277,71
37.77018581,128.9525832,551
37.77343674,128.9454952,20
37.75590961,128.8862849,6
37.78669061,128.912345,69
37.72099151,128.8829295,13
37.75172203,128.8965427,16
37.74751233,128.9112937,5
37.74340666,128.8586369,100
37.76875626,128.9296561,84
37.76171374,128.9176855,42
37.75222893,128.9062556,7
37.75494996,128.9200917,76
37.76068477,128.9172858,69
37.76319847,128.914138,26
37.756002,128.9077458,12
37.76556345,128.9531115,199
37.76360228,128.8711749,457
37.75782194,128.8720268,58
37.75487861,128.8884425,15
37.75217292,128.8853754,25
37.75206588,128.8843147,7
37.80416058,128.9085581,94
37.80654206,128.9057356,146
37.74267408,128.9043257,70
37.70232906,129.0161926,151
37.74986086,128.9004803,6
37.7499383,128.900069,6
37.62594567,128.7393466,53
37.78275363,128.8804924,143
37.8905866754,128.8287774899,230
37.75550507,128.890967,54
37.75452647,128.8994208,45
37.76107022,128.9192814,35
37.77239895,128.9466365,7
37.77112519,128.9491842,79
37.76216856,128.8713183,27
37.69283606,128.9300355,18
37.77045924,128.8755305,20
37.77297604,128.9432208,65
37.76953999,128.9028867,150
37.75414048,128.8997378,36
37.75360442,128.8993787,54
37.75095844,128.897471,160
37.75004287,128.8909147,50
37.77158631,128.9470562,60
37.76642383,128.9198716,60
37.76215188,128.8932335,40
37.75883646,128.8937682,60
37.75686719,128.8817028,84
37.75752854,128.8900251,161
37.80312829,128.908975,111
37.74995786,128.9003579,6
37.7458071,128.9015106,61
37.74786441,128.9056283,22
37.74358771,128.9006942,9
37.74720469,128.9023982,97
37.74678557,128.8976754,3
37.75003709,128.899993,7
37.74659468,128.8990968,37
37.74995786,128.9003579,7
37.74729009,128.9030614,19
37.88500293,128.8245618,57
37.73707236,128.8888122,12
37.73852205,128.8886245,3
37.68025131,129.0422199,53
37.68073346,129.0418433,8
37.80322891,128.9046851,73
37.66384244,129.0458586,70
37.79444792,128.9171377,35
37.7695469,128.9091024,101
37.77282197,128.8937905,95
37.77209155,128.8937176,176
37.77370375,128.8978335,490
37.77900668,128.876118,8
37.78563142,128.8851654,155
37.78510115,128.8846066,90
37.80434388,128.9017816,50
37.8027863,128.9028601,145
37.80319963,128.9030404,18
37.80531819,128.8935716,11
37.79585713,128.8969548,98
37.79178081,128.8960704,137
37.68080948,129.0424889,20
37.690069,129.0344797,163
37.68467785,129.0397645,17
37.68094116,129.0415899,9
37.68180656,129.0414878,12
37.6964235,129.0253095,598
37.74751233,128.9112937,5
37.83875007,128.8748933,10
37.83597346,128.8746651,60
37.83468527,128.8748205,100
37.74261728,128.8908055,27
37.7457825,128.8918341,44
37.74515058,128.8869521,7
37.7463083,128.8906533,5
37.74646594,128.8890223,2
37.74642742,128.8891018,4
37.74721478,128.8865583,51
37.74623786,128.8884208,6
37.76636387,128.8778972,16
37.75552518,128.8824852,20
37.76271273,128.8978813,442
37.76959628,128.8754403,22
37.7750968,128.8912079,79
37.76084609,128.8976357,262
37.75614197,128.8806181,8
37.75599906,128.8859563,6
37.78724263,128.9263845,24
37.77632669,128.9330742,11
37.77648981,128.9322343,5
37.83853696,128.8743061,49
37.83753965,128.8771897,11
37.83723112,128.8747621,62
37.77803734,128.9392748,86
38.02764828,127.0650982,58
38.03178308,127.0668,36
38.02894262,127.0680561,11
38.21225026,127.1414833,41
38.02691167,127.0672149,125
38.0946473,127.0737354,286
38.02604945,127.0678471,111
38.02499485,127.0641667,117
38.02425052,127.0710499,69
38.02373521,127.0708536,10
37.78437418,126.6902857,100
37.82541031,126.7351089,22
37.84900931,126.8792729,20
37.83270955,126.8165445,60
37.75652806,126.7753788,15
37.74853323,126.773879,40
37.75668554,126.7746053,10
37.78183818,126.8448923,66
37.78825497,126.6949906,189
37.80207575,126.7170119,15
37.78165165,126.7878864,18
37.94568134,126.8378293,21
37.94453926,126.8382834,17
37.94451944,126.8379649,8
37.84698222,126.8768494,42
37.8513062,126.8755935,41
37.84871989,126.8772819,17
37.84672378,126.8782805,18
37.85117409,126.8737471,34
37.84671386,126.8815313,18
37.82932482,126.8346888,15
37.82939846,126.8349608,40
37.72357149,126.7402855,58
37.7115517,126.7396783,18
37.75624405,126.7729916,146
37.75865682,126.7771177,216
37.71041153,126.7033027,105
37.72810231,126.7164541,10
37.71143638,126.7015745,40
37.72748939,126.7164492,10
37.74226962,126.8084329,24
37.98516423,127.0039588,232
37.86470829,126.8047891,17
37.434929,126.444381,32
37.434904,126.455642,864
37.71470688,126.7307578,482
37.71750206,126.7305487,525
37.71239028,126.7216863,30
37.76530578,126.7765229,122
37.720108,126.7601224,253
37.94533009,126.8602508,99
37.94670659,126.8546059,95
37.94847418,126.8535681,88
37.86282128,126.7867517,13
37.70845888,126.6876333,53
37.79806424,126.7925591,191
37.85488855,126.7868499,17
37.75818167,126.7752074,55
37.75877048,126.7721555,13
37.75784599,126.774242,20
37.76654956,126.7796181,24
37.81516353,126.7926041,77
37.70703288,126.7177373,383
37.7307193,126.7088346,144
37.70423992,126.7623838,39
37.92665255,126.7864902,24
37.92455774,126.8431047,28
37.95609408,126.9221857,31
37.95712744,126.9172138,52
37.78238913,126.848351,118
37.84781502,126.8686865,28
37.84870074,126.8669873,26
37.84960326,126.866297,33
37.854721,126.8753829,40
37.85025401,126.8760343,49
37.85603065,126.7810785,80
37.75967563,126.7713179,15
37.75287245,126.7789221,16
37.75783371,126.7678848,33
37.76522241,126.7736543,10
37.75624405,126.7729916,119
37.75865682,126.7771177,45
37.72666409,126.7362709,296
37.85616547,126.7840433,50
37.76718338,126.7771482,56
37.74531489,126.8055204,193
37.71398629,126.7616476,302
37.73443064,126.7532826,235
37.72619644,126.7662332,384
37.78186087,126.8473563,35
37.77986563,126.685002,1248
37.8576972,126.7843703,123
37.85944143,126.7876502,40
37.76342884,126.7731888,132
37.75136158,126.767767,60
37.75222276,126.7671114,318
37.85460024,126.7829907,36
37.55288655,127.2127622,26
37.508644,127.1549207,56
37.50997319,127.162342,41
37.50391055,127.1620865,39
37.5356027,127.2128853,110
37.54027343,127.2117248,69
37.5351431,127.1984486,17
37.55144574,127.2082961,57
37.5415464,127.2084973,40
37.541376,127.2142372,89
37.536451,127.205705,41
37.54295453,127.2014651,50
37.534775,127.203219,8
37.54539276,127.1985073,69
37.53700666,127.1975778,213
37.537636,127.208945,23
37.545792,127.2049512,98
37.53354889,127.2141955,72
37.496144,127.190002,78
37.542275,127.212708,25
37.54468255,127.1718222,26
37.5415454,127.219208,18
37.53609332,127.1993982,199
37.53328311,127.2003496,13
37.542958,127.222004,8
37.535104,127.230025,95
37.53675111,127.2000934,129
37.539912,127.1973457,47
37.53742929,127.1985967,36
37.5393332,127.2336389,16
37.542247,127.198104,17
37.54476252,127.2058,18
37.54034814,127.2217879,18
37.52834116,127.1689272,21
37.537754291,127.2029535727,30
37.13125021,127.069999,6
37.14656243,127.0657318419,200
37.15414653,127.0637113,22
37.14774385,127.0648152,26
37.13815345,127.0723257,34
37.15632305,127.0764864,16
37.18131277,127.044486,95
37.168848,127.0682712,8
37.1711601,127.0602715,10
37.15581831,127.0547541,17
37.15555819,127.0706462,150
37.17713334,127.0615789,212
37.14583079,127.0707102,41
37.1615052,127.0534574,112
37.1873288,127.0439563,70
37.17224956,127.0596326,10
37.14427156,127.072068,163
37.14822091,127.0673104,31
37.14746771,127.071914,53
37.15968041,127.0615872,16
37.17765014,127.0560795,59
37.18148721,127.0155361,71
37.18019816,127.0283722,84
37.15103793,127.0598016,46
37.13933722,127.0532111,28
37.15714959,127.0560661,229
37.14380066,127.0671661,132
37.17669531,127.0569024,140
37.16739744,127.067656,55
37.16978747,127.0607301,99
37.18635349,127.0433787,75
37.13828659,127.0746945,23
37.15522316,127.0577068,57
37.193986,127.032747,64
37.138152,127.0717721,32
37.152133,127.0669339,30
37.15993434,127.0664601,52
37.158531,127.0622773,42
37.16291914,127.0717792,118
37.134663,127.0724056,27
37.16036858,127.0678352,70
37.15150223,127.0696079,105
37.14696134,127.066079,216
37.1534422,127.0709423,184
37.1472682,127.0756038,593
37.17476567,127.0345611,16
37.59594218,127.140804,69
37.60590072,127.1361322,102
37.60423622,127.1448196,205
37.59961461,127.1468742,249
37.59961461,127.1468742,87
37.59138959,127.1416049,200
37.59693701,127.1355301,345
37.5996156,127.1468725,72
37.60324203,127.1440716,16
37.59865956,127.145338,15
37.58693521,127.1400259,48
37.60886383,127.1331391,8
37.60039284,127.1415224,12
37.59573889,127.1469574,46
37.59826914,127.1468857,97
35.53909128,129.4249281,8
35.48948211,129.4318121,17
35.51327092,129.422591,110
35.48600421,129.4160518,12
35.52477701,129.4322086,72
35.48589005,129.4249816,10
35.492189,129.4257679,37
35.48109257,129.4163212,5
35.54187795,129.4244339,8
35.53905971,129.4241437,5
35.49975066,129.4312328,9
35.54535367,129.4327186,22
35.49993673,129.4219547,8
35.50174149,129.4327684,19
35.49957957,129.4306956,31
35.49570799,129.4261243,18
35.52711968,129.4292265,156
35.48095537,129.4317396,160
35.48587136,129.4297052,4
35.49188651,129.4287847,26
35.49420185,129.4257197,21
35.53866837,129.4308887,180
35.49825861,129.4208869,4
35.48291915,129.4201085,5
35.4980209,129.426353,21
35.54445109,129.4285179,29
35.52435347,129.4295169,31
35.53883553,129.4232406,54
35.50885398,129.4266335,77
35.54292643,129.4491811,70
35.50316357,129.4183437,168
35.49634251,129.4202418,107
35.50407497,129.4257546,13
35.47636491,129.4118637,87
35.4857412,129.4280324,8
35.48576774,129.4278136,13
35.49911446,129.4220476,4
35.51745416,129.4242027,73
35.48842231,129.4244815,3
35.52267777,129.425843,187
35.54340783,129.4299798,86
35.4773498,129.4115794,35
35.51017273,129.4263123,96
35.49598118,129.4281641,25
35.55760305,129.4485107,67
35.50450463,129.4277627,83
35.49056234,129.434011,600
35.56768464,129.4536787,8
35.51339868,129.4212698,70
35.48917565,129.4169008,16
35.49458547,129.4281951,30
35.52178129,129.4305638,369
35.5076824,129.4197491,14
35.47253977,129.4073215,434
35.50311856,129.4246278,32
35.50564517,129.4133699,113
35.51406883,129.3996094,45
35.5050164,129.4189674,96
35.51537867,129.4221408,14
35.51403096,129.4195836,43
35.49234632,129.4253889,45
35.48677903,129.4270816,27
35.52867345,129.4203332,25
35.56278391,129.4552315,21
35.54731088,129.4248718,83
35.55487584,129.4565327,6
35.55551278,129.4580605,13
35.5399847,129.4243977,125
35.55224518,129.456191,83
35.57167038,129.4523343,73
35.56528566,129.4554706,59
35.55079762,129.4340167,76
35.54678159,129.4249635,81
35.54401872,129.4294863,6
35.52754826,129.427686,30
35.52248677,129.4301971,58
35.51076647,129.4203676,18
35.51285402,129.4290931,8
35.49460157,129.4194756,28
35.49169868,129.4216126,7
35.49178678,129.421042,6
35.49189564,129.4216213,7
35.49878729,129.4244222,8
35.50132919,129.4233604,12
35.50335571,129.4192702,5
35.49966159,129.416897,40
35.50274308,129.428461,42
35.48917565,129.4169008,23
35.49458995,129.4292884,30
35.4978146,129.4306635,127
35.48633059,129.4193939,18
35.48236192,129.4083832,50
35.48992472,129.4186369,44
35.48293605,129.4159313,41
35.48708829,129.4235721,5
35.48611227,129.4214703,5
35.48503774,129.4222439,5
35.48273419,129.4234963,9
35.48519748,129.4304886,10
35.48616742,129.4224291,10
35.48404219,129.431113,41
35.48218331,129.4338985,55
35.54242707,129.4274766,17
35.47759093,129.4137308,553
35.4880369,129.4386272,267
35.51366394,129.4306227,31
35.52321798,129.4326043,26
35.5107853,129.4294555,147
35.49586835,129.4225856,136
35.54340231,129.4262439,16
35.53999987,129.426429,48
35.49516595,129.4231523,34
35.49817298,129.4244896,41
35.4986703,129.4193467,109
36.37047418,127.317291,40
36.3553585,127.3449268,9
36.37169981,127.3169738,13
36.3010368,127.3200734,21
36.3005762,127.3199514,8
36.3866794,127.3071121,20
36.3867266,127.3074684,16
36.38242152,127.3233578,39
36.3823091,127.3229444,156
36.37516341,127.3389452,112
36.374309,127.3379252,19
36.37238433,127.3401145,7
36.3897754,127.3479711,34
36.3998249,127.3996819,62
36.3986785,127.4011177,28
36.3983745,127.4034054,37
36.3981617,127.4022922,15
36.36132686,127.3430567,36
36.35802488,127.3416014,25
36.36263148,127.3549929,30
36.43621163,127.3887164,29
36.3387587,127.3067793,22
36.3372305,127.3121397,45
36.33899487,127.3105423,46
36.3373578,127.2998974,34
36.3476967,127.2970655,30
36.34043256,127.3062635,40
36.3418614,127.3071825,34
36.3422201,127.3147026,46
36.34379106,127.3101546,21
36.3433137,127.3121085,22
36.3426787,127.29898,20
36.33958785,127.3080973,39
36.341097,127.3090423,34
36.35012088,127.2982723,62
36.364949,127.3402554,19
36.3419668,127.2990086,80
36.36000008,127.331852,44
36.36000008,127.331852,138
36.35730963,127.3330109,54
36.35761,127.3397379,4
36.35934914,127.3394779,33
36.3565761,127.3401812,20
36.3581027,127.3507089,36
36.35455651,127.3307877,24
36.35565964,127.3436539,7
36.3569229,127.3441822,39
36.3539559,127.335802,12
36.36459497,127.3388907,33
36.36259133,127.3567411,27
36.3497171,127.3368411,8
36.37958143,127.3266296,22
36.36341989,127.3281519,215
36.36038081,127.3551748,49
36.36452526,127.335908,35
36.2995543,127.3162441,16
36.2983201,127.3193733,127
36.3009756,127.3188158,8
36.3027483,127.3183216,12
36.4220236,127.3963664,27
36.3638105,127.3172768,19
36.3600455,127.346986,23
36.3552095,127.3452875,29
36.35311603,127.338963,8
36.3757554,127.3163143,11
36.3582798,127.3467874,22
36.3637743,127.3578937,14
36.36500152,127.3378369,49
36.39195956,127.3523248,37
36.3872837,127.3468011,22
36.3883816,127.3468934,42
36.38851994,127.3488624,80
36.3902351,127.3496393,42
36.3429474,127.2986999,26
36.3436395,127.2983809,38
36.3456874,127.2932526,8
36.3453679,127.2905214,177
36.286678,127.2517888,12
36.4358228,127.3860096,86
36.43441777,127.3865088,53
36.2927518,127.2736541,12
36.3583181,127.3401462,23
36.41222206,127.3767955,9
36.35873074,127.3521191,12
36.3588295,127.345154,15
36.4408925,127.3852,49
36.44599317,127.3833637,10
36.3525375,127.3399925,43
36.3527368,127.3402332,28
36.35565964,127.3436539,21
36.3560804,127.3401854,26
36.35640276,127.3453749,29
36.35766483,127.3493524,12
36.38752952,127.3165942,35
36.3913002,127.3144727,46
36.3905776,127.3063864,10
36.3913002,127.3144727,30
36.3902894,127.3142364,12
36.3920003,127.3108438,29
36.3955845,127.4077966,20
36.3568244,127.3476555,18
36.38753122,127.3481116,14
36.384661,127.3792897,90
36.3866889,127.379307,96
36.38834118,127.3817089,27
36.34554828,127.2969966,25
36.3578199,127.3067775,20
36.3560107,127.3102809,54
36.356777,127.3103299,30
36.3586187,127.309322,17
36.36050071,127.3081466,19
36.35929674,127.3014826,30
36.35849989,127.3513964,36
36.3140827,127.320929,60
36.36283808,127.3377654,34
36.3675286,127.3132218,44
36.3924062,127.3494874,28
36.36615702,127.3359373,16
36.3682653,127.3184197,43
36.3675066,127.320621,38
36.36468289,127.3348401,26
36.30237065,127.3306057,33
36.3674782,127.3172113,38
36.35973518,127.3400299,41
36.3661172,127.3380057,10
36.3622237,127.3412478,41
36.4416645,127.3846027,42
36.3026381,127.3148263,23
36.3035259,127.3171902,24
36.4239816,127.391496,50
36.4250738,127.3900643,34
36.426867,127.3917788,31
36.428953,127.3925878,43
36.42320569,127.393681,42
36.41784794,127.3800571,13
36.3415924,127.3043257,15
36.3551305,127.3478811,30
36.3904978,127.3548444,26
36.335844,127.3395429,10
36.3485991892,127.449929,42
36.313047,127.441464,9
36.280632,127.468885,31
36.33002999,127.4406617,57
36.32613962,127.4753458,10
36.33244062,127.4290461,194
36.32316128,127.4603154,17
36.31619595,127.446539,8
36.33004455,127.4312856,207
36.32741824,127.4327468,386
36.33491322,127.4313293,44
36.32275269,127.436145,31
36.32028226,127.4374648,10
36.35768948,127.432148,17
36.3484307,127.4333715,45
36.331194,127.451448,5
36.323772,127.438014,26
36.3399333,127.4224298402,25
36.30718258,127.454977,150
36.3481129,127.4291989,27
36.3405841,127.449118,11
36.30903744,127.4535726,30
36.33341035,127.449554,63
36.33735882,127.4769941,14
36.34837951,127.4718316,6
36.34221126,127.4311559,48
36.34230211,127.4304902,41
36.34720517,127.4241684,26
36.33057267,127.4493766,9
36.3221879,127.4439629,51
36.3342683,127.4389258,275
36.33476369,127.4242191,70
36.34042382,127.4411662,85
36.34333403,127.4515285,43
36.32477514,127.4642553,30
36.34957916,127.4316525,15
36.34405384,127.4424328,50
36.33160105,127.441407,14
36.31717451,127.4624685,22
36.33530979,127.4520705,30
36.3415008,127.4508956,37
36.32842052,127.4314634,62
36.33595373,127.4483672,26
36.32667241,127.4587269,21
36.32303629,127.461761,7
36.32792837,127.4527991,21
36.32689758,127.4504097,21
36.33942403,127.4295259,23
36.33133967,127.4367826,82
36.34622594,127.4357162,27
36.34352237,127.4182839,21
36.34324075,127.4230321,25
36.34246615,127.4159097,31
36.34447053,127.4200639,50
36.34298597,127.4204612,25
36.34018796,127.4198058,33
36.33770537,127.4244605,74
36.32871773,127.4419215,26
36.32768915,127.4433939,10
36.33122045,127.4496429,27
36.27864868,127.4679419,14
36.33930476,127.4378744,18
36.34565328,127.4434456,19
36.34460781,127.4225826,27
36.34896131,127.4274186,23
36.34558287,127.4200296,20
36.34582192,127.4212169,15
36.34571712,127.4209599,15
36.34731727,127.4209012,37
36.34650898,127.4295679,33
36.34119665,127.4150092,26
36.34756523,127.4401233,44
36.31749517,127.4667634,4
36.32098682,127.4508292,8
36.31818137,127.4666987,22
36.31886407,127.4520092,6
36.31764288,127.4614285,26
36.31717451,127.4624685,13
36.33869794,127.4919802,11
36.33306946,127.4848769,5
36.33193789,127.4279792,52
36.29951728,127.4595185,15
36.32679488,127.440834,15
36.33042181,127.4505483,17
36.35312234,127.5157716,40
36.34917344,127.4464207,22
36.34254059,127.4932452,9
36.34173127,127.4911211,14
36.34100791,127.4913323,10
36.35348041,127.4358163,30
36.32718065,127.4606901,15
36.32787269,127.4356403,44
36.32957338,127.4328648,56
36.36236129,127.5012231,15
36.34981048,127.4494447,11
36.34407394,127.4485942,203
35.160841,126.905949,8
35.21652283,126.8788846,28
35.19665034,126.8981828,44
35.16420202,126.9049754,17
35.20916495,126.8796423,15
35.22294676,126.8816343,18
35.21501557,126.9500443,14
35.19004634,126.9004838,24
35.18910416,126.9081312,17
35.18963533,126.8920694,7
35.20602282,126.8972795,9
35.20603007,126.8972795,22
35.19926457,126.8994886,11
35.16301813,126.9347535,16
35.17460117,126.9325311,15
35.17103696,126.9289643,15
35.18432223,126.9219174,10
35.18676652,126.9216296,10
35.18149708,126.9368598,8
35.16447448,126.9232702,8
35.16352934,126.9410731,26
35.16921673,126.8985172,30
35.20661787,126.8704034,30
35.17165486,126.9200554,62
35.17515995,126.9253674,48
35.20145223,126.8733838,72
35.18053765,126.9004506,14
35.18046764,126.898695,17
35.17915238,126.8938272,17
35.2060269,126.860231,110
35.17127819,126.9376246,10
35.16914056,126.9140621,79
35.201204,126.8985704,33
35.17397818,126.8814556,57
35.21412582,126.8788884,7
35.18702848,126.8666052,15
35.18277507,126.8743149,8
35.1725238,126.8850985,20
35.17486494,126.8744368,12
35.18062296,126.9019444,21
35.16744247,126.8987243,16
35.16587389,126.8942478,11
35.15732111,126.9065777,10
35.17211102,126.9170463,10
35.16867599,126.9083649,15
35.18854572,126.9086544,5
35.18986865,126.9083235,7
35.18177575,126.9052806,9
35.16612975,126.8941004,9
35.16695066,126.9156246,10
35.19029592,126.9035226,18
35.18752752,126.9278476,8
35.16490798,126.9032892,12
35.16416217,126.8994923,10
35.16209807,126.8973611,28
35.17300906,126.9117196,201
35.16141184,126.9136898,46
35.20064247,126.9002512,21
35.20322895,126.8976125,79
35.18833108,126.9213294,40
35.20431907,126.9529001,4
35.164429,126.934089,18
35.20830285,126.872265,9
35.17556414,126.885057,9
35.165103,126.9007337,9
35.19938992,126.901967,8
35.195634,126.875923,7
35.16332097,126.898112,12
35.16855896,126.9160269,9
35.17172023,126.9321866,8
35.15989391,126.9093626,17
35.18843006,126.8921935,19
35.19517263,126.8763425,12
35.17585918,126.932013,6
35.18788405,126.906296,7
35.16168543,126.9137773,7
35.16801795,126.9093803,9
35.18454562,126.921702,49
35.18652271,126.9130616,64
35.17539064,126.8811186,62
35.16433316,126.9106572,45
35.16585365,126.905604,82
35.17482016,126.913983,69
35.15603645,126.9051304,18
35.18755779,126.913504,47
35.15051708,126.9155057,29
35.14724843,126.9124703,8
35.15382435,126.9120823,76
35.14618499,126.9180427,14
35.15333625,126.9146474,11
35.14557462,126.9165026,31
35.15269643,126.9180494,119
35.14472985,126.9202345,50
35.1411286,126.9211291,58
35.15018533,126.9328454,20
35.16004748,126.9174054,12
35.15018533,126.9328454,30
35.14922353,126.9344133,13
35.15241287,126.9197389,24
35.14296202,126.9184893,10
35.15179429,126.9169045,65
35.15016833,126.917051,26
35.15938508,126.9188812,22
35.15362829,126.9126819,34
35.14865455,126.9126409,26
35.14314775,126.9180069,33
35.15622777,126.9323487,18
35.15747859,126.9318648,20
35.15192891,126.9135066,20
35.15287845,126.9103449,30
35.15303487,126.912228,15
35.14533087,126.9144202,25
35.14482878,126.9226794,15
35.15374623,126.9137549,30
35.15268816,126.9165041,21
35.1463839,126.9137276,9
35.15569751,126.9147889,18
35.15615196,126.9203375,16
35.15113656,126.9127389,6
35.15767623,126.9190848,26
35.14125039,126.9199263,30
35.15779224,126.9200418,16
35.14865455,126.9126409,23
35.14961963,126.9334955,26
35.14905143,126.9362088,11
35.14743296,126.9187614,46
35.15362829,126.9126819,30
35.15448253,126.9201679,18
35.15257787,126.9186728,20
35.14643601,126.9148098,10
35.14951817,126.9325738,12
35.15039766,126.9321516,16
35.1532748,126.9100064,11
35.14215143,126.9194382,18
35.14741391,126.9130075,17
35.14835987,126.9192345,20
35.14938104,126.9204802,16
35.14972498,126.9121086,72
35.15269027,126.919621,14
35.15569751,126.9147889,19
35.15049474,126.910374,9
35.15055523,126.9187056,20
35.15017501,126.9112083,9
35.14545827,126.9150714,20
35.14641627,126.9136178,9
35.14983897,126.9102121,17
35.15630373,126.920851,17
35.144101,126.9187426,18
35.15309177,126.916214,15
35.15016833,126.917051,26
35.15176873,126.9339723,7
35.14466964,126.916486,6
35.14026276,126.9203179,5
35.15089864,126.9318308,15
35.1519668,126.9161142,16
35.15627386,126.9188612,14
35.14914749,126.9339815,15
35.14972498,126.9121086,79
35.15861067,126.9200366,30
35.15121236,126.9257769,10
35.1491843,126.912298,10
35.14256932,126.9189242,7
35.15951827,126.9185737,14
35.14450907,126.9150943,6
35.15106195,126.933749,8
35.14215143,126.9194382,18
35.14528635,126.9221741,16
35.15763804,126.9168548,16
35.14988894,126.9318118,16
35.15052391,126.9322525,10
35.1538738,126.9202349,36
35.15026431,126.9322395,10
35.15212524,126.9331862,8
35.15938508,126.9188812,14
35.1579839,126.9180225,12
35.15008759,126.9203083,22
35.15106195,126.933749,6
35.14395607,126.9162898,42
35.14418236,126.9157052,28
35.15466239,126.9312525,14
35.1454581,126.9148523,8
35.14211952,126.9202459,11
35.15671899,126.919815,80
35.15284518,126.9141817,20
35.15385288,126.9112194,40
35.1525102,126.9089751,18
35.14591128,126.9184907,28
35.11963209,126.9317208,41
35.1490002,126.9367209,9
35.1626759,126.9174949,10
35.14633577,126.9170944,16
35.1464497,126.9259991,4
35.14593195,126.9170729,1
35.14710279,126.9122462,20
35.15373072,126.9227681,8
35.14571625,126.9179905,9
35.15084751,126.9109494,96
35.14603432,126.924772,4
35.14607087,126.9146366,24
35.14560583,126.9256811,5
35.14996505,126.9184652,11
35.15554537,126.9190123,11
35.15649476,126.9184949,7
35.14411706,126.9204327,36
35.15097117,126.9191839,12
35.1514353,126.9139725,36
35.14974446,126.9193824,20
35.14098284,126.9188073,17
35.15127899,126.9121948,11
35.14568607,126.9134042,6
35.15092962,126.9197099,19
35.15034306,126.9195223,15
35.15304059,126.9152044,15
35.14470298,126.9192655,60
35.15138008,126.9125737,13
35.15327427,126.9126308,10
35.1574239,126.9191553,10
35.15017417,126.932244,10
35.13222095,126.9357567,10
35.15191313,126.9116146,10
35.10703912,126.9333766,46
35.14783761,126.9200208,107
35.15094243,126.9327789,9
35.15317245,126.9130356,28
35.14581073,126.9246845,20
35.15175234,126.9144938,9
35.14529207,126.9145979,21
35.15461312,126.9160017,7
35.15719747,126.932067,20
35.15249057,126.9123998,23
35.15196689,126.9274224,14
35.14981602,126.9240951,17
35.15598995,126.9190312,26
35.15162146,126.9121285,29
35.15030004,126.9198911,21
35.14618208,126.9138419,17
35.14044102,126.9227801,67
35.14622291,126.9155099,22
35.15168145,126.926413,18
35.15304105,126.9158628,46
35.14948904,126.9202387,15
35.14890551,126.9106916,21
35.1542022,126.9215247,28
35.15349114,126.9140997,43
35.15138008,126.9125737,38
35.13893696,126.9218729,123
35.14488614,126.916736,36
35.14923294,126.9328199,20
35.14493188,126.9204143,17
35.14545839,126.9152781,40
35.15213182,126.9099287,62
35.14912023,126.9134394,24
35.15429433,126.9190838,20
35.15407676,126.9172446,62
35.1516666,126.9187879,44
35.16300267,126.9155628,18
35.16261582,126.9192819,38
35.1480873,126.9114597,193
35.1509667,126.9194163,35
35.15414128,126.9166914,62
35.14607087,126.9146366,36
35.14476581,126.920094,18
35.15391265,126.9145581,4
35.15106489,126.9300867,13
35.14710453,126.9129688,10
35.14865428,126.9126396,24
35.15039207,126.9182783,7
35.15095228,126.9151397,9
35.15500949,126.915672,20
35.15123153,126.9317251,14
35.14643406,126.9184858,12
35.14832973,126.912176,18
35.14318765,126.9238468,26
35.15383098,126.9135257,50
35.13351207,126.9299185,34
35.14872498,126.9325993,20
35.15113555,126.9152685,14
35.15284518,126.9141817,40
35.14337239,126.9224264,18
35.15377996,126.9328556,5
35.14983897,126.9102121,30
35.14335525,126.9235812,24
35.15016833,126.917051,26
35.13401021,126.9248665,6
35.86759323,128.5910095,12
35.87004988,128.601672,25
35.86840845,128.5932235,5
35.860076,128.598314,17
35.8715973,128.5816258,42
35.866267,128.601555,20
35.866317,128.602434,10
35.86793134,128.6006754,42
35.866924,128.5978303,17
35.86310836,128.5995976,84
35.869032,128.5920802,15
35.86212212,128.5893948,32
35.87015601,128.5897705,50
35.872833,128.582535,30
35.8664729,128.576874,22
35.8630543,128.5982674,75
35.87632508,128.5841562,30
35.87484043,128.5927429,22
35.86851636,128.5899085,38
35.86732928,128.5895546,300
35.87127922,128.6055621,36
35.86913582,128.5906423,7
35.87292312,128.590406,15
35.86810214,128.600061,170
35.87433587,128.5930125,11
35.87435538,128.5942109,30
35.87459648,128.593606,63
35.8723319,128.5931103,20
35.87427546,128.5802556,11
35.87409575,128.5853524,10
35.866856,128.600173,14
35.8760471,128.5936973,45
35.86476224,128.5941204,40
35.870833,128.6058385,20
35.87143012,128.5918199,42
35.8690788,128.5925715,60
35.8738941,128.594925,11
35.86962227,128.6055078,20
35.87270886,128.5995144,20
35.86428119,128.5946172,26
35.871482,128.599232,100
35.86896422,128.5994452,11
35.8663245,128.6004057,15
35.87177174,128.5985915,50
35.8733487,128.5937441,30
35.85974263,128.5956242,35
35.87087862,128.5961382,60
35.85718972,128.5920303,8
35.87435183,128.5930125,24
35.86094443,128.599656,18
35.87306315,128.581166,17
35.8702589,128.5907129,30
35.871734,128.594963,10
35.869585,128.5928461,20
35.87314723,128.5914803,38
35.86108585,128.5984258,18
35.87562417,128.590205,10
35.8711943,128.5897581,14
35.87447027,128.586668,12
35.87455396,128.591605,20
35.87310968,128.5819639,19
35.8724258,128.5906869,35
35.874659,128.592781,26
35.87450148,128.5931524,19
35.87487924,128.5908207,123
35.862147,128.5978065,13
35.865693,128.5968799,13
35.860938,128.600439,25
35.865434,128.5953498,20
35.86933629,128.5887932,11
35.873318,128.592001,18
35.86774094,128.6124845,10
35.869901,128.590957,30
35.87173484,128.6027869,30
35.86628402,128.5993249,15
35.86735839,128.5993377,12
35.87180703,128.5932977,55
35.86528231,128.6006673,40
35.86586625,128.5997103,45
35.87486539,128.5976478,10
35.87080575,128.6040702,15
35.86836398,128.6064945,8
35.86989764,128.5932984,30
35.867646,128.5928615,43
35.872123,128.5982962,20
35.87186558,128.5969721,32
35.86747737,128.5914102,282
35.8692142,128.5971828,305
35.86317858,128.5743671,10
35.86920192,128.5855989,25
35.86653875,128.5761695,50
35.872043,128.598935,20
35.8648496,128.603883,40
35.87190775,128.5887418,28
35.86438876,128.574195,32
35.87158584,128.5860436,46
35.8659894,128.582753,41
35.86946185,128.5868615,20
35.87460144,128.5851736,15
35.86877454,128.5903851,23
35.8706326,128.6008383,50
35.86700879,128.5946495,73
35.874125,128.592826,50
35.86686884,128.5787446,14
35.8652083,128.5979348,75
35.8576662,128.6014425,20
35.86154465,128.6043921,22
35.87503331,128.5872948,10
35.87262622,128.5936265,50
35.85571524,128.6063962,56
35.864078,128.602684,18
35.872008,128.603035,20
35.86440636,128.596336,64
35.864431,128.5942274,35
35.86743934,128.6059047,15
35.86747437,128.6059928,17
35.87372097,128.5809276,200
35.87339884,128.5759201,95
35.85903497,128.6044795,17
35.867054,128.609621,25
35.86931986,128.5929657,50
35.8613082,128.5874828,35
35.86474268,128.5889482,25
35.8587307,128.5890952,61
35.85727117,128.5820197,26
35.8598188,128.6066217,81
35.867292,128.576754,25
35.869597,128.5854986,30
35.868463,128.595812,50
35.87370057,128.598366,208
35.86902798,128.5983569,297
35.87490662,128.5799537,30
35.86845042,128.5818726,78
35.8701837,128.5857676,16
35.87332422,128.5870614,300
35.87017964,128.5825231,194
35.86994016,128.593029,16
35.864538,128.602642,20
35.8740097,128.598653,48
35.87206485,128.5856301,30
35.8662355,128.6043147,37
35.871772,128.579693,10
35.865489,128.5975771,37
35.867687,128.602098,88
35.86637819,128.5992913,20
35.244193356,129.2149936,216
35.2434815827,129.2229656,410
35.2429531659,129.2240292517,157
35.24854274,129.2166643,183
35.24403255,129.216915,100
35.2430764921,129.2158754807,124
35.322927,129.177814,54
35.2449335839,129.2154195211,9
35.243153331,129.2138199147,24
35.2437390033,129.2170291751,20
35.2416169489,129.2141686057,25
35.26026379,129.232753,45
35.24883371,129.216946,63
35.20509906,129.2278508,65
35.31948236,129.1179538,22
35.28098593,129.2306166,20
35.32504443,129.1778358,210
35.26350421,129.2252188,23
35.25586946,129.2195113,34
35.26191568,129.2321412,71
35.35576623,129.2719539,49
35.23807078,129.218303,190
35.3221048177,129.1940378203,8
35.24530092,129.2185245826,11
35.2623490428,129.2336376019,39
35.3191536597,129.2640349716,51
35.3161790109,129.259625,17
35.3092765027,129.2432829092,55
35.37102072,129.241907,106
35.24854274,129.216683,97
35.3701961004,129.2644709627,37
35.24403255,129.216915,176
35.27461793,129.165284,29
35.3705460934,129.243948406,35
35.3626916955,129.2490322267,28
35.24419336,129.2149936,216
35.26759332,129.2360645,18
35.326936,129.171662,12
35.28354056,129.155375,25
35.33536741,129.166157,13
35.26407647,129.2346318,34
35.32767269,129.280356,50
35.32614138,129.2792043,33
35.32658766,129.2824625,31
35.31411533,129.2439460005,55
35.261539,129.233086,47
35.185597859,129.0105770312,63
35.17348043,128.9852643,54
35.15553901,128.9811154,18
35.15424995,128.9886995,215
35.19067059,128.9924437,136
35.18821145,128.990298,41
35.15408297,129.0044592,74
35.17490755,128.9895784,50
35.14567213,128.9946989,90
35.12918509,128.9743982,93
35.15111194,128.9980202,40
35.1910413,128.9869951,151
35.15409387,128.9770409,189
35.15133904,129.0010988,55
35.14963302,128.9977998,91
35.15248721,129.0028664,87
35.14410084,128.9873097,110
35.12658641,128.9670652,73
35.19343902,128.9858334,135
35.19091357,128.9912597,105
35.14700812,128.9789585,384
35.15725882,128.9754935,69
35.14712995,128.9915395,208
35.1676053,128.9851336,25
35.15000861,129.0040872,8
35.14084027,128.9752151,414
35.13710101,128.9686434,214
35.14764235,128.9730052,327
35.14614847,128.9845727,194
35.16190916,128.9804382,55
35.15465512,128.9861379,102
35.15130434,128.9886787,97
35.17950219,128.9532226,13
35.17921199,128.9519624,118
35.18026547,128.9536905,150
35.17975562,128.9540415,30
35.17949883,128.954233,54
35.17782587,128.9561812,64
35.17867362,128.9550364,15
35.17987053,128.9544302,22
35.17994616,128.9557464,34
35.18224522,128.9576049,170
35.18362715,128.9582058,12
35.18416187,128.9584447,30
35.18416187,128.9584447,35
35.18176269,128.9541709,245
35.18177187,128.9541601,245
35.18140746,128.955677,200
35.18181108,128.9561575,10
35.18056638,128.9558761,35
35.18079326,128.9563045,13
35.18076581,128.9563136,34
35.18077924,128.9534953,5
35.21702737,128.9734997,30
35.21580764,128.9734345,50
35.21424984,128.9808151,38
35.21456825,128.9808873,14
35.2136696,128.9808984,12
35.21206253,128.9832048,10
35.21550869,128.9630396,8
35.21648179,128.9687711,17
35.21726607,128.9558723,25
35.11986081,128.8965902,20
35.11904561,128.8905371,11
35.1281014,128.8521909,39
35.13391102,128.854688,78
35.19746953,128.9168552,52
35.14708125,128.8757893,49
35.17821975,128.9512343,26
35.17566102,128.9529401,17
35.11395173,128.9249276,5
35.01167482,128.8300358,89
35.17180141,128.9547138,120
35.17175893,128.9544911,15
35.17329491,128.9581498,28
35.17311845,128.9582509,30
35.17628073,128.9558896,46
35.17674063,128.9546902,32
35.17507076,128.953654,40
35.17377711,128.9537809,20
35.17455553,128.9525452,4
35.17538766,128.9505434,144
35.17538766,128.9505434,15
35.17611554,128.9505439,84
35.17611554,128.9505439,84
35.17656233,128.9504326,22
35.17731536,128.9508008,22
35.17718321,128.9504343,102
35.17771616,128.9507204,10
35.1767442,128.9540485,33
35.17754393,128.9542756,31
35.17922889,128.9534256,61
35.17922061,128.9534181,61
35.1736422,128.9526045,118
35.08660982,128.9103818,25
35.11410649,128.9272681,176
35.11349581,128.9324486,11
35.11324409,128.9325711,15
35.11187367,128.9315465,36
35.11283525,128.9321176,50
35.11283525,128.9321176,15
35.00735769,128.8267977,60
35.13924125,128.9382283,28
35.14918105,128.9508772,20
35.15695896,128.9545701,30
35.16180594,128.9549596,23
35.17060706,128.9533401,58
35.1736422,128.9526045,118
35.08431799,128.9035948,71
35.11220095,128.8805326,19
35.02155111,128.8226465,99
35.19287364,128.9037141,20
35.20344853,128.9019229,57
35.20344853,128.9019229,20
35.08599078,128.8792745,30
35.08719277,128.8793664,16
35.09823363,128.866964,270
35.09823363,128.8669653,28
35.21200686,128.9103824,16
35.0844054,128.840243,144
35.10147028,128.8418356,69
35.10328773,128.8411575,22
35.13531889,128.8859826,20
35.16853592,128.8998195,39
35.14885545,128.8822819,13
35.10930444,128.9301939,19
35.1090313,128.9297095,154
35.1090313,128.9297095,154
35.11165687,128.8811248,23
35.2128021,129.0678151,24
35.212561,129.071804,8
35.1923521,129.1043811,31
35.203998,129.1091391,28
35.2092821,129.070776,31
35.2124091,129.0766241,107
35.216941,129.07794,12
35.20441206,129.0861259,36
35.21045213,129.097864,147
35.21150529,129.0890876,242
35.22284239,129.0773246,215
35.2214111,129.080234,36
35.0964384756,129.0260078746,149
35.102542609,129.0286304028,44
35.101103145,129.0261857195,85
35.1075235601,129.0296274496,78
35.1043354534,129.0223137278,10
35.1038331442,129.0279003728,34
35.1023198646,129.0326840333,292
35.1108044251,129.0321248088,43
35.1059011402,129.0352446321,29
35.0974068155,129.0333355051,20
35.0974068155,129.0333355051,11
35.0966137769,129.030583691,26
35.100520794,129.0239697786,24
35.0995923209,129.0266477248,17
35.1006920785,129.0280522776,29
35.0994371904,129.0356153913,13
35.1041683503,129.036763411,20
35.0994165808,129.0374693197,23
35.1045975883,129.035314637,30
35.1026882613,129.0354976554,71
35.1113474655,129.0385420534,47
35.1115353768,129.0390123879,45
35.1076035409,129.0384458237,68
35.1089871865,129.0374232284,40
35.1074730801,129.037827912,40
35.1061741911,129.0255119326,60
37.470584,126.898553,66
37.46943,126.899401,6
37.470116,126.900616,16
37.474335,126.903568,31
37.459281,126.899314,20
37.485421,126.879957,151
37.459348,126.909351,124
37.460732,126.910947,69
37.454545,126.909003,51
37.442939,126.90571,44
37.450686,126.896706,84
37.46943,126.904506,63
37.477885,126.902767,21
37.476312,126.901875,45
37.47945,126.906335,50
37.463825,126.900034,66
37.464941,126.894882,66
37.476627,126.895561,130
37.479493,126.884602,34
37.48295,126.882574,41
37.474385,126.888308,37
37.471477,126.891326,42
37.467728,126.890032,36
37.469181,126.894829,19
37.450852,126.909673,5
37.50380002,126.8747201,4
37.5005074,126.8879224,9
37.489143,126.8850102,7
37.4884161,126.8817759,16
37.4894996,126.8834727,2
37.503943,126.8496698,12
37.4953011,126.8502246,31
37.493559,126.856455,8
37.4825702,126.8903331,33
37.498773,126.854242,5
37.498816,126.854128,5
37.50003545,126.8663371,56
37.4940442,126.8444533,110
37.4960318,126.8398934,8
37.5058787,126.8849846,52
37.4911125,126.8562543,31
37.4921597,126.8425189,10
37.4965424,126.8426725,12
37.4971367,126.8397491,12
37.4996324,126.8437381,20
37.4964163,126.8454184,8
37.4943592,126.8446007,70
37.4922385,126.8218571,15
37.4962467,126.8175052,6
37.5074425,126.8922692,52
37.4860792,126.885968,23
37.4898542,126.891512,55
37.4950983,126.8918256,77
37.4849029,126.9003836,65
37.494328,126.8889273,9
37.493404,126.8837451,34
37.4946045,126.8883077,10
37.487328,126.8841796,8
37.4944679,126.8580288,6
37.4953011,126.8502246,11
37.4854528,126.8830564,28
37.4812705,126.8888652,69
37.4802507,126.8890205,10
37.49427739,126.8561952,20
37.50191134,126.849904,20
37.497534,126.8838995,104
37.50786379,126.8922179,52
37.506687,126.848479,16
37.506008,126.84971,17
37.4898784,126.8865593,198
37.5065824,126.8532783,199
37.4954745,126.8391873,81
37.5002403,126.8511374,134
37.5045463,126.8456674,58
37.5051278,126.8573617,66
37.5023063,126.863882,125
37.4872382,126.8808103,197
37.4904165,126.891578,203
37.500809,126.886021,77
37.4971037,126.889559,243
37.4850219,126.888408,20
37.491491,126.8883001,81
37.4952151,126.8494021,6
37.5847177,127.007389,133
37.59915465,127.0147755,100
37.59483642,126.9938746,26
37.61110175,127.052485,6
37.60820115,127.0093728,18
37.60935675,127.0530356,49
37.61734643,127.0529242,98
37.61460901,127.0409876,64
37.59508412,127.026668,26
37.58945628,127.0168496,200
37.58660133,127.0163213,123
37.6070744,127.0601254,77
37.56748249,127.018011,113
37.55163344,127.0043909,75
37.563676,126.9998008,491
37.55950762,127.0120996,12
37.56210861,127.014538,75
37.55923346,126.985503,48
37.55592073,126.9645377,162
37.559936,127.0013265,106
37.55909088,126.9738466,23
37.549029,127.0063055,91
37.558923,127.0134049,51
37.55438305,127.0086101,85
37.55659975,126.9958714,47
37.556504,127.0110187,31
37.552237,127.0133313,88
37.550508,127.004839,44
37.565173,127.0170054,45
37.552118,127.0057006,24
37.552153,127.0057006,108
37.55909088,126.9738466,14
37.56845681,127.0053518,9
37.5613576,126.9729947,16
37.56369098,126.9812519,4
37.55909088,126.9738466,32
37.55909088,126.9738466,17
37.56097283,126.9770151,9
37.55909088,126.9738466,10
37.55909088,126.9738466,24
37.56830549,126.9957258,47
37.55825878,126.9758162,5
37.56557705,126.9696428,13
37.56794672,126.977995,19
37.562479,126.9734829,9
37.56800835,126.9799921,7
37.56592686,126.9955901,26
37.5689855,127.0057956,71
35.68673395,128.7251463,217
35.5171565,127.7133088,109
35.51749275,127.7141909,60
35.5171077,127.7142469,64
35.58906613,127.6781395,269
35.5665282,127.7161125,507
35.51823503,127.7157743,205
35.5182442,127.7147029,92
35.51838491,127.7137057,20
35.5168194,127.7156697,20
35.5173675,127.7295692,64
35.40583046,127.6523424,24
35.6798808,127.6884886,16
35.625478,127.813542,54
35.5184984,127.7295369,18
35.5270011,127.7197745,19
35.5670684,127.7720734,32
35.39853322,127.650629,44
35.39719027,127.6669359,40
35.5512729,127.6338945,48
35.52654011,127.7219691,18
35.52469258,127.7222695,74
35.52283616,127.7164992,25
35.52372642,127.7218597,135
35.6747309,127.7733983,108
35.68153424,127.6753903,98
35.4415145,127.6929857,27
35.44451028,127.7001242,27
35.67114906,127.7853563,26
35.68392897,127.7658232,63
35.62403602,127.7728662,30
35.3894452,127.6961097,117
35.6279294,127.7374243,48
35.6230491,127.782214,98
35.363137,127.6802402,194
35.66883397,127.787478,139
35.6267661,127.8143745,20
35.52151812,127.7846328,28
35.6451366,127.6616291,94
35.5298802,127.7114191,108
35.40389628,127.6545137,30
35.51856612,127.7321802,457
35.520417,127.7241801,40
35.627851,127.8143009,25
35.629476,127.8127284,51
35.514442,127.7310812,60
35.51928501,127.7310087,40
35.516566,127.7271136,27
35.517623,127.7268639,29
35.519714,127.7284081,76
35.52070303,127.7293125,57
35.519343,127.7248497,39
35.51574602,127.7280323,60
35.518606,127.7282356,78
35.519853,127.7274055,112
35.52019007,127.7159431,71
35.4975241727,128.7466102378,49
35.49306462,128.7502482,28
35.4948623165,128.752431,15
35.50051189,128.7470531,42
35.58567727,128.9952164,190
35.58029137,128.9810981,426
35.48666237,128.7530514,9
35.4803498,128.7439201,19
35.48384764,128.7477163,150
35.4927682954,128.7541147576,37
35.4729574993,128.770189,46
35.473853,128.7664192983,37
35.4837981412,128.748652107,48
35.4841258833,128.7545729901,59
35.496174,128.745189,55
35.4972942762,128.7436520805,34
35.493019,128.7481487748,62
35.4965213252,128.7486433621,41
35.49131,128.7534013409,30
35.47188884,128.774368,410
35.47369508,128.7716673,53
35.51002441,128.7524002,60
35.48442351,128.7603577,64
35.50358567,128.7426231,46
35.48228241,128.762485,287
35.48957807,128.7530755,315
35.48989357,128.7487653,138
35.49882,128.7484002868,46
36.66281086,128.4602092,26
36.57227756,128.4880715,95
36.65806213,128.45786,30
36.65600156,128.456683,26
36.65801874,128.4550105,26
36.65564897,128.4512302,26
36.65714765,128.4546596,21
36.65709874,128.4554117,12
36.5757901,128.4914193,86
36.57566076,128.4891409,128
36.65531618,128.4516376,19
36.65559091,128.4526347,21
36.65613627,128.4538338,22
36.65897876,128.4620834,720
36.65178511,128.4557,29
36.65544424,128.4571119,154
36.60675598,128.2754745,40
36.65705923,128.4526868,27
36.65607755,128.4548143,114
36.66299966,128.4612138,45
36.41122193,129.3691111,12
36.41184556,129.368800236,26
36.4184647162,129.3641712132,200
36.3634935,129.3831895,189
36.41503388,129.3654012,257
36.41169995,129.3691131188,20
36.11616508,128.3491387,136
36.11997866,128.3209145,789
36.11330434,128.3155849,69
36.11271199,128.314857,128
36.11271199,128.314857,205
36.11021128,128.3097188,76
36.2410957,128.2983433,153
36.10038574,128.385359,29
36.09343032,128.4331011,173
36.11537636,128.3366683,21
36.11577874,128.3507141,46
36.1198221,128.3462835,139
36.1206409,128.3424595,128
36.24170969,128.2978319,85
36.12319066,128.3623245,109
36.12227993,128.362245,273
36.12649649,128.3412977,34
36.11024954,128.3770104,60
36.1564236,128.438904,18
36.15623159,128.436432,8
36.157455,128.438773,12
36.157051,128.437282,9
36.156245,128.437627,8
36.156249,128.4388237,18
36.155942,128.433108,97
36.12507423,128.3438406,30
36.10350387,128.3853345,20
36.31818883,128.26845,121
36.13505164,128.4497999,21
36.11158422,128.3541355,440
36.13949728,128.3455203,13
36.13877686,128.423119,241
36.09361586,128.290414,254
36.259156,128.2900191,175
36.25790879,128.2904949,53
36.32647816,128.2772804,106
36.12534209,128.352548,67
36.10555959,128.3839007,116
36.19757202,128.3702823,110
36.09826001,128.3528553,90
36.08907003,128.3493825,76
36.12355207,128.3306169,53
36.13700608,128.4257381,40
36.10610393,128.4183812,50
36.1272621,128.3380952,215
36.11486757,128.4247823,130
36.11399494,128.3503499,31
36.11288249,128.3343334,29
36.10233664,128.4011831,573
36.09429789,128.4364892,58
36.1272621,128.3380952,143
36.1272621,128.3380952,107
36.14959919,128.3113077,50
36.15109093,128.3077926,43
36.15264678,128.3142043,33
36.15546466,128.3076257,35
36.13754051,128.4121173,16
36.13791918,128.4157815,60
36.1476031,128.4174006,31
36.14974655,128.3312007,17
36.15059809,128.329753,16
36.11398556,128.3294028,124
36.15493305,128.4286553,26
36.09514823,128.3905326,26
36.12076831,128.3549207,42
36.13113765,128.3295733,25
36.13049284,128.3286921,20
36.15643,128.314909,26
36.116017,128.347293,26
36.126008,128.33589,24
36.11522,128.341591,46
36.143115,128.320512,8
36.145853,128.319787,39
36.16059793,128.4255947,117
36.1219949,128.3742391,76
36.12236785,128.3752548,19
36.13722345,128.3316637,8
36.16166227,128.3518002,18
36.12402929,128.3655228,11
36.12517664,128.3679173,11
36.11674523,128.3635401,9
36.12118507,128.3641552,10
36.12073153,128.3525423,27
36.12259098,128.3421779,243
36.1401233,128.312617,18
36.14761079,128.3127552,44
36.24200536,128.3008581,12
36.24369619,128.2998685,71
36.11837776,128.3489815,120
36.12001528,128.3438213,529
36.100296,128.357871,40
36.154008,128.344711,26
36.131233,128.31804,24
36.16972033,128.4337995,12
36.19820613,128.3919925,14
36.1998455,128.3913267,14
36.29927167,128.3307438,19
36.28678959,128.2662861,35
36.26092175,128.1977206,28
36.21101308,128.3284526,50
36.24334649,128.2988626,10
36.15676409,128.3499177,435
36.10506756,128.3840183,49
36.2335276,128.2901874,40
36.24396648,128.2997925,12
36.13993514,128.3459537,21
36.2438591,128.3041163,57
36.15267228,128.3086158,58
36.23882067,128.3048733,53
36.0994342,128.423668,56
36.1137978,128.3352215,23
36.1104912,128.3539944,1202
36.11158422,128.3541355,236
36.12353449,128.3289376,171
36.13943304,128.3458167,10
36.127033,128.3400006,15
36.11849015,128.3471708,21
36.12579734,128.4953277,20
36.10425613,128.4291192,105
36.08928055,128.3692704,13
36.10469963,128.3660711,5
36.11931264,128.3721979,7
36.12371772,128.3810607,14
36.12315138,128.3657024,6
36.12088287,128.3592612,18
36.10625129,128.3355113,30
36.11399246,128.3344274,8
36.14258274,128.3104113,14
36.14051866,128.3325757,20
36.14699652,128.4251859,13
36.09886636,128.4250805,16
36.09298995,128.426022,42
36.08753051,128.365617,17
36.07282511,128.3517208,178
36.09175903,128.4462492,45
36.11209357,128.4231046,15
36.12680703,128.3396821,18
36.13356545,128.3320591,19
36.14371474,128.422017,9
36.1441719,128.4220013,12
36.14508029,128.421133,11
36.14219015,128.4230202,10
36.14219097,128.423127,14
36.14388826,128.423141,8
36.12529834,128.367645,7
36.11616508,128.3491387,166
36.11616508,128.3491387,247
36.11616508,128.3491387,171
36.11616508,128.3491387,186
36.11311329,128.334766,167
36.12833012,128.3309395,260
36.12285752,128.3620028,117
36.12559653,128.3656308,12
36.10490053,128.4226143,26
36.08054648,128.3744103,25
36.30079752,128.329372,22
36.24200567,128.2988436,96
36.09660468,128.4244378,41
36.16907352,128.4337221,28
36.14253329,128.3108784,13
36.11208692,128.4233071,23
36.10469729,128.3363161,10
36.10664362,128.3337198,12
36.11514956,128.3359209,13
36.10478928,128.4012634,132
36.0997349,128.35511,58
36.10129311,128.4275159,29
36.12302642,128.3572389,10
36.1163119,128.4347545,14
36.15594369,128.336846,107
36.24130221,128.3066125,20
36.129783,128.3353799,19
36.24334649,128.2988626,65
36.2410957,128.2983433,459
36.24224708,128.3058097,20
36.24525868,128.3048537,27
36.25044199,128.3039751,29
36.15302997,128.431649,67
36.15498532,128.4344074,170
36.11837776,128.3489815,223
36.1582279,128.3067675,21
36.15177929,128.3120001,12
36.15728313,128.3066573,17
36.14210009,128.3215291,7
36.118033,128.340053,32
36.10019792,128.4135802,63
36.0893882,128.4450109,93
36.0888025,128.389835,149
36.09943428,128.382474,80
36.09465247,128.3905366,26
36.116758,128.346002,20
36.09513835,128.3886436,32
36.116758,128.346002,12
36.09966115,128.3832391,77
36.096203,128.427998,12
36.139992,128.439995,46
36.09992236,128.3842052,83
36.105329,128.353721,40
36.10071758,128.3837459,101
36.121021,128.370165,75
36.11994755,128.3711858,148
36.243797,128.304865,17
36.11368741,128.4257006,40
36.240561,128.302688,22
36.12327996,128.3447111,444
36.159631,128.348624,17
36.18302113,128.3506242,130
36.108055,128.3375,5
36.08975278,128.3852032,184
36.166008,128.426698,10
36.141995,128.331771,17
36.09464262,128.3886475,32
36.14513207,128.3237089,100
34.48403189,126.2642633,30
34.48233791,126.2631852,40
34.48683211,126.2635764,87
34.48748864,126.262891,35
34.48683211,126.2635764,90
34.48013424,126.2660871,52
34.4793016,126.2641008,25
34.48125823,126.260504,20
34.48506194,126.2652645,14
34.485351,126.267375,15
34.48669428,126.260919,43
34.48383746,126.264907,35
34.47963524,126.2664529,9
34.482948,126.2617301,4
34.48282718,126.2635989,99
34.483118,126.263518,7
34.48313115,126.2637791,8
34.48263496,126.2653306,26
34.48665808,126.2664038,12
34.48467417,126.2643404,35
34.48475845,126.2639651,50
34.48325482,126.2633599,50
34.48313115,126.2637791,160
34.480221,126.262191,84
34.67866823,126.8991879,16
34.67882767,126.9023752,17
34.674278,126.9056179,27
34.67996544,126.902577,9
34.67927261,126.9074465,9
34.68080351,126.9053403,7
34.6815596,126.9058835,40
34.68119147,126.905658,16
34.67907442,126.9086888,16
34.68108394,126.9058465,37
34.67616186,126.9061519,47
34.6824515,126.905473,70
34.68145531,126.9098164,70
34.97639829,127.5850713,43
34.9781795,127.5817474,72
34.9725328,127.580733,64
34.9701353,127.5806787,52
34.97566655,127.5845817,89
34.93518159,127.697944,75
34.93703953,127.6982768,36
34.94000322,127.696756,40
34.94009605,127.6992982,45
34.93800609,127.6967812,28
34.94022333,127.6999951,6
34.94410121,127.6864102,28
34.94154115,127.6950864,33
34.94530826,127.690404,111
34.94410121,127.6864102,104
34.97699592,127.588726,55
34.97914619,127.5829292,61
34.9733909,127.6083633,98
34.96370472,127.5790173,66
34.97347401,127.589271,23
34.97082307,127.5779747,169
34.97726021,127.585763,35
34.9787787,127.591678,96
34.98111,127.5828309,29
34.94739,127.7525772,8
34.9427637,127.757287,18
34.94477375,127.7427649,25
34.9676211,127.717493,58
34.9645807,127.7149044,22
34.960663,127.7249964,16
34.9614762,127.7246986,19
34.9645993,127.7178719,44
34.9642902,127.7152523,113
34.9639974,127.7159943,7
34.96529094,127.7179984,20
34.9641877,127.7188756,12
34.9653343,127.7093487,30
34.96534685,127.7089957,25
34.966066,127.713691,15
34.9658505,127.7135577,10
34.96439269,127.714246,24
34.960736,127.7218455,15
34.96363224,127.7207773,66
34.961976,127.7194476,20
34.9654182,127.718098,7
34.9645121,127.7188894,14
34.93282989,127.7168846,35
34.93256023,127.7204907,11
34.93282989,127.7168846,17
34.93282989,127.7168846,24
34.93364,127.723749,9
34.9395955,127.7291336,47
34.93256023,127.7204907,13
34.93256023,127.7204907,20
34.93939928,127.7180853,23
34.93282989,127.7168846,37
34.93256023,127.7204907,48
34.9375432,127.7234924,28
34.9429237,127.7235789,230
34.9372487,127.7173124,72
34.93282989,127.7168846,3
34.9395955,127.7291336,12
34.9447824,127.7471567,8
34.9442498,127.7472833,10
34.9513226,127.7605858,104
34.94306691,127.7559298,36
34.944726,127.7619947,78
34.94343223,127.7495744,66
34.9693964,127.5843938,16
34.96328094,127.5719865,24
34.9780905,127.5871348,34
34.9775859,127.5889709,42
34.9766785,127.5863247,4
34.964034,127.5709612,27
34.96681722,127.5788045,144
34.9770201,127.5903575,25
34.9737133,127.5901588,92
34.9831536,127.5800505,33
34.9661965,127.569187,35
34.96946,127.5823969,29
34.97346804,127.5919423,14
34.9892492,127.7012416,8
35.0437104,127.5924996,18
35.014111,127.6176627,20
35.0676128,127.6199502,46
35.09277522,127.5963341,46
35.1015526,127.599357,28
35.1014489,127.5984678,21
35.0413133,127.6052305,58
35.0850224,127.567316,7
35.0681514,127.5629568,85
35.07915082,127.5646436,73
35.0813708,127.5675649,50
35.0872518,127.5724305,68
34.9700793,127.5829824,35
34.9744753,127.5797611,21
34.9734589,127.588686,5
34.982021,127.5888931,27
34.9800882,127.5765261,61
34.978777,127.5754774,55
34.965493,127.5750554,134
34.9903495,127.7011304,14
34.9877982,127.6996411,10
34.9747782,127.7158822,20
34.9881306,127.7029735,30
34.9886217,127.7006557,10
34.9871797,127.7006106,102
34.9889432,127.7027285,20
34.9771081,127.7166886,30
35.07901584,127.7184493,118
34.9725639,127.7585339,36
34.9778252,127.7588575,19
34.97539963,127.7606407,21
34.9868515,127.7466775,22
34.9893321,127.7478672,20
35.0360475,127.7568505,12
35.0188287,127.7186377,8
35.0051895,127.7128352,20
35.09494294,127.6745959,46
35.0184287,127.7193052,17
34.99747045,127.6813725,18
34.9762531,127.7179952,238
34.9407045,127.6970852,120
34.9494872,127.6922926,245
34.9455838,127.6877534,62
34.9430594,127.687757,65
34.9422823,127.6944497,201
34.93613986,127.6954498,120
34.9105151,127.6609734,16
34.9205931,127.6474294,4
34.9114934,127.6666863,220
34.909441,127.6578569,80
34.93463711,127.6753738,25
34.9339547,127.6782683,16
34.93543438,127.6775655,25
34.9365614,127.6795704,28
34.9369502,127.6776925,39
34.9385095,127.6777475,42
34.93801459,127.6828861,13
35.1566353,127.6532189,30
35.1024413,127.6931629,50
35.0900007,127.7037473,80
35.0812995,127.7143879,42
34.93340735,127.6904363,32
34.93679048,127.6897408,58
34.9492024,127.6869215,16
34.9360342,127.6994539,330
34.9356692,127.6939343,100
34.94004584,127.7002774,163
34.9491338,127.7205913,45
34.9364334,127.6895188,157
34.9505138,127.6893299,68
34.92610151,127.6963813,64
34.94580402,127.6850974,90
34.9460515,127.6957622,13
34.941121,127.6988861,80
34.9391639,127.6959668,59
34.9354759,127.69147,24
34.9354759,127.69147,71
34.9554964,127.7100414,47
34.9308957,127.698891,34
34.9306046,127.6968807,38
34.9393825,127.7002923,45
34.9498484,127.6887727,68
34.97679056,127.5874213,5
34.9777804,127.5860265,5
34.9735122,127.5888652,5
34.973696,127.586185,23
34.9723616,127.5881863,12
34.9722678,127.5870405,8
34.9721368,127.586409,14
34.9769684,127.58428,25
34.9783764,127.5839172,14
34.9756182,127.591388,6
34.976141,127.5913917,8
34.9776784,127.5847335,8
34.9793547,127.5885346,48
34.9847199,127.5786942,50
34.9706744,127.5847912,20
34.9350974,127.6993475,28
34.9354759,127.69147,82
34.9341504,127.6993502,86
34.95132358,127.6871135,48
34.93340735,127.6904363,26
34.93340735,127.6904363,23
34.93340735,127.6904363,42
34.93796896,127.6934397,23
34.9428643,127.6887844,8
34.9418831,127.6885463,7
34.9425162,127.699097,34
34.938157,127.6970857,8
34.9401994,127.6992213,8
34.9553487,127.6918664,17
34.9551165,127.6900221,15
34.9314249,127.6952967,7
34.9381217,127.6906275,9
34.9440491,127.685403,63
34.9466795,127.6867472,85
34.9316607,127.6950608,7
34.9326819,127.699327,23
34.9477167,127.6975016,38
34.9670728,127.7141596,15
34.96499367,127.7162227,21
34.9642902,127.7152523,25
34.9637494,127.7213572,26
34.96574711,127.7140829,35
34.9618581,127.7180451,8
34.95312137,127.6913938,246
34.9381573,127.7095201,82
34.9322686,127.6943545,30
34.9368085,127.7027332,98
34.94153428,127.6850748,56
34.9399369,127.6899783,13
34.93059588,127.6957935,8
34.9422318,127.6969778,19
34.96950425,127.6091487,53
34.93928644,127.6053355,311
34.97668,127.5880446,4
34.9652663,127.5753495,32
34.9767866,127.5808615,13
34.9825798,127.5851626,33
34.9700769,127.5927798,63
34.9745997,127.5876574,25
34.9728463,127.5848964,12
34.97650959,127.5872113,20
34.9743909,127.5766615,74
34.97962818,127.5813749,82
34.98268184,127.5797853,43
34.97086911,127.6098882,43
34.96102584,127.7292799,77
34.94347414,127.7006827,29
34.93089,127.6980586,26
34.9802809,127.5795864,34
34.9663003,127.5643305,15
34.96505882,127.5644756,11
34.97616555,127.5719763,24
34.9426171,127.6064656,0
34.9444292,127.6063827,0
34.95054516,127.6034371,113
34.9523872,127.6029793,165
34.97168439,127.591178,35
34.9695969,127.5851363,16
34.9703309,127.5868646,161
34.9736557,127.583395,27
34.9804197,127.5844901,29
34.9740176,127.6070906,52
35.0114872,127.5812486,16
34.9733424,127.5810672,66
34.955971,127.6458785,11
34.9347332,127.7600765705,11
34.9559286513,127.730730903,7
34.9600813,127.7451959,4
34.92516752,127.5882222,24
34.9284835762,127.6918051749,41
34.962643,127.606865038,8
34.9417532909,127.7033872197,39
34.979244,127.5739686,35
34.9809767437,127.5836229845,31
34.9465141,127.7030895,227
34.9407045034,127.6970852,120
34.941553,127.6958884,51
34.940642,127.6959902,165
34.96499367,127.7162227,47
34.96227404,127.7193643,61
34.959655,127.7247278,230
34.96397893,127.719674,57
34.96279146,127.7184812,64
35.0200498,127.7195385,4
34.9896159,127.6985979,25
35.0170787231,127.6195104349,10
34.9377072,127.7231983,10
34.9434322311,127.7495743924,11
34.9629189163,127.7251671726,66
34.9409479,127.6976676,21
34.9379998888,127.6784105789,81
35.1231574,127.6910744,30
34.9733354,127.5918753,24
34.97709121,127.5755526,64
34.9522591,127.5754449,4
34.9440041,127.5769661,4
34.9413711,126.6107542,50
35.1034414,126.7402263,10
35.0263805,126.7147172,10
34.9918469,126.7080227,28
34.9925601,126.7072777,19
34.9928553,126.7069056,29
35.028411,126.7207793,46
35.0278932,126.719996,12
35.047051,126.8385909,75
35.017311,126.6388959,31
35.033561,126.7188087,93
34.9461458,126.826944,14
35.0540074,126.868426,34
34.9687626,126.6683294,8
35.0360567,126.716363,61
35.0154716,126.7158234,178
35.0197509,126.71778,20
35.0291266,126.7236948,16
34.9687626,126.6683294,17
35.0409472,126.8504655,16
35.0405071,126.8504655,20
35.0405071,126.8514528,16
35.0311787,126.7149402,110
35.0350798,126.7165955,34
35.0296301,126.7171657,54
35.0339661,126.7132146,62
35.0356526,126.7148794,67
35.0157449,126.6356572,14
35.0362462,126.7237675,212
34.992111,126.7072901,41
34.9958789,126.7091317,215
34.9928553,126.7069056,76
35.045911,126.8438861,62
34.9961559,126.7135964,37
35.0377332,126.7155336,18
35.004211,126.708237,52
35.0573887,126.6029373,10
34.9428674,126.6087176,16
34.9753642,126.7050689,10
35.0310186,126.7123118,68
34.9970546,126.7088822,44
34.9391615,126.563489,20
34.9985659,126.7100641,12
34.9577632,126.7839423,34
34.9965925,126.7150826,15
35.0461483,126.8437201,49
34.9978281,126.7059283,6
35.015768,126.717762,36
34.994246,126.7133047,32
35.025853,126.7970162,78
35.026857,126.7154701,33
35.0222063,126.7906417,36
35.013955,126.7949874,302
35.042712,126.7159746,20
35.042309,126.717164,8
35.0153822,126.715173,60
35.0328076,126.7205263,10
35.026576,126.715568,40
35.033311,126.7158845,110
34.9033623,126.6520153,20
35.0168451,126.7250069,20
35.033988,126.715857,88
35.0340877,126.7194928,65
35.0316565,126.7156288,65
35.0377712,126.7230808,160
35.029731,126.7192034,49
34.9971654,126.7101547,34
34.936671,126.564551,22
35.017868,126.858023,7
34.9956382,126.7121249,10
34.994857,126.7115691,36
34.999635,126.7142659,20
35.0035756,126.707165,6
34.992661,126.7080788,50
35.0320166,126.7205145,60
35.032014,126.7263244,56
35.002511,126.709096,60
34.967789,126.6701892,18
35.0463846,126.8441206,20
35.0351101,126.719272,70
34.9986307,126.7094474,12
35.028411,126.7207793,35
35.0450776,126.8410844,83
35.0753187,126.7310916,56
35.603392422,126.4687337122,77
35.6320389055,126.4720238486,270
35.7612912264,126.7001701701,70
35.7229176123,126.7323483097,55
35.728406059,126.7302228987,20
35.72585043,126.7469150219,345
35.729680206,126.7357534864,20
35.7228284884,126.7355845937,73
35.7317157124,126.7330782237,250
35.726501255,126.7358183817,45
35.7305366084,126.738095216,11
35.7088440393,126.7396960225,28
35.6611217374,126.6522806775,56
35.728893328,126.7355411678,25
35.7318892906,126.7318187492,217
35.58287,126.50866,266
35.5888,126.61245,400
35.58834,126.61725,110
35.6203202922,126.4707088088,229
35.725149271,126.7334692103,22
35.7299162286,126.7365954602,40
35.72851,126.73252,50
35.72654,126.7337063046,99
35.7277404667,126.73286,40
35.62829867,126.47102,175
35.72718,126.73125,134
35.72737,126.73984,53
35.72544,126.73267,190
35.7267,126.73934,40
35.72431,126.72548,91
35.61149913,126.65133,78
35.5857814953,126.6761823504,215
35.61993,126.48211,146
35.70217,126.72204,1092
35.63185,126.51301,93
35.68258,126.53451,875
35.5894982782,126.6781527713,236
35.8031133846,126.896938,16
35.7954430626,126.9004276451,89
35.7917000942,126.9021631727,61
35.79391,126.902889,28
35.796306,126.897178,48
35.8003566655,126.8985473656,22
35.8048697209,126.8843962465,9
35.798153,126.890201,6
35.8027104651,126.883981,22
35.800441,126.884391,30
35.799484519,126.8840473778,58
35.800391,126.887526,109
35.806605,126.888875,23
35.8030018755,126.8950308492,21
35.802788,126.888282,46
35.807044438,126.8936397586,25
35.799813,126.888672,33
35.800039,126.890374,25
35.799813,126.886662657,14
35.7984300467,126.888649001,49
35.805175,126.891802,26
35.804315,126.890509,52
35.803549,126.883827,58
35.801586,126.885204,56
35.801329,126.902756,72
35.803533,126.904694,53
35.801886,126.903073,32
35.795273,126.8880317966,27
35.798248,126.882882121,38
35.799648,126.879698,12
35.8560619364,126.7046801295,26
35.842546,126.691197,10
35.717102,126.994647,40
35.714046,126.992662,39
35.773107,127.011121,7
35.7912875257,126.8986098347,10
35.39515446,127.3752075,90
35.39524949,127.3543196,216
35.4052765,127.380818,15
35.40716975,127.3865989,12
35.414311,127.387251,35
35.5080766065,127.6135703798,73
35.38514896,127.3456634,77
35.4071125198,127.368576143,20
35.4174043948,127.3925683,63
35.37444845,127.5800706059,20
35.39309215,127.3734645,45
35.39787832,127.3702343,12
35.37595157,127.5802572,26
35.46276209,127.6028758,15
35.42756238,127.4253794,15
35.41158284,127.3818923422,20
35.43853452,127.5325672,42
35.40413057,127.380504,83
35.4027062,127.3768286,110
35.4102565472,127.3886567665,39
35.40885817,127.3867993,28
35.41704417,127.3805304,39
35.40611679,127.3807383,50
35.40509852,127.3805014,19
35.39040032,127.4460488481,37
35.42426038,127.6246589699,9
35.4173413,127.3826849,54
35.40476072,127.3821268,29
35.4604688,127.6020341,34
35.38813404,127.458913,59
35.43744645,127.5311791,86
35.41025064,127.3807963,14
35.40822275,127.3693775,27
35.40774144,127.3820705,71
35.5276990922,127.5771561153,97
35.4104519085,127.3890343393,61
35.41796372,127.3950135,134
35.40877328,127.3837996,58
35.4130847,127.3783783,13
35.41354862,127.3848212357,24
35.41075908,127.3887828,70
35.409611607,127.3857835796,40
35.41918055,127.3992903,35
35.41238488,127.3934821,22
35.39309872,127.3739007,48
35.39499932,127.377902,61
35.40649653,127.3839965,17
35.40745042,127.374092,42
35.4045397,127.3740921,34
35.4080722,127.3793315,95
35.405434,127.3801232074,34
35.40742927,127.3758892,55
35.40614027,127.3770459,69
35.41782667,127.3925683,258
35.41640967,127.3903801,171
35.4174869,127.3806816,42
37.02731939,128.3063361,39
37.03237773,128.2981675,140
37.02856405,128.3071258,8
37.03145195,128.3027888,8
37.03247458,128.3029678,8
37.03486088,128.3026289,10
37.03123833,128.2963645,4
37.02750396,128.3094775,6
37.02816308,128.3091299,10
37.02879357,128.3083989,8
37.02864066,128.3076014,23
37.02947639,128.3076088,5
37.02807228,128.3058972,12
37.03177141,128.300651,35
37.03145765,128.3008394,43
37.03459641,128.3008981,6
37.03533697,128.2995546,10
37.03502361,128.2970413,12
37.03398198,128.2955494,4
37.00029796,128.3420153,120
36.98763679,128.3817527,270
36.98768456,128.3708647,37
37.06295564,128.4929221,380
36.98094551,128.3689931,7
36.98265262,128.3712834,52
36.97525373,128.3646956,20
36.97702036,128.357176,7
36.98205173,128.3711355,46
36.98093805,128.3709155,330
36.98916596,127.4446314,61
36.85489255,127.4357642,29
36.85489255,127.4357642,39
36.85489255,127.4357642,56
36.85489255,127.4357642,40
36.85489255,127.4357642,67
36.85489255,127.4357642,76
36.90980063,127.507568,89
36.8567896,127.4475262,104
36.85489255,127.4357642,12
36.8518219,127.4387009,18
36.85489255,127.4357642,40
36.85489255,127.4357642,964
36.8548169,127.4357642,105
36.85489255,127.4357642,74
36.85489255,127.4357642,40
37.36704301,128.3938947,15
37.36889679,128.3926734,10
37.36832267,128.3948632,44
37.36888148,128.4039222,25
37.36869896,128.4027534,12
37.36702053,128.3983117,13
37.3673019,128.3970672,4
37.36775732,128.4000633,35
37.35931781,128.3880923,7
37.36062055,128.3877804,63
37.49605978,128.4575234,25
37.50166535,128.4588378,20
37.50150902,128.4580149,7
37.50143718,128.457529,17
37.50106008,128.4570814,30
37.66670432,128.7077454,59
37.66798925,128.7069819,100
37.6740538,128.7026201,7
37.67418698,128.7040151,8
37.67401143,128.7057949,2
37.67367016,128.7067295,12
37.67367016,128.7067295,55
37.65768666,128.6966337,478
37.36631543,128.3950074,16
37.36352362,128.3825215,120
37.36721687,128.3907609,17
37.3699271,128.3893091,67
37.37183511,128.3952228,15
37.36873227,128.3959439,23
37.49744774,128.4554347,36
37.34086237,128.4996461,1
37.34246503,128.4957215,16
37.34260445,128.4965936,20
37.34279103,128.4960745,6
37.34276649,128.4970745,26
37.34031317,128.5034443,77
37.27847969,128.5764262,45
37.51888382,128.4505887,35
37.49852387,128.4568769,25
37.58958052,128.4170547,5
37.58879436,128.4163359,66
37.60531487,128.4611058,15
37.60605511,128.4396857,4
37.60661119,128.4407242,54
37.63987791,128.494038,7
37.56972642,128.406931,30
37.58620088,128.4086953,13
37.6115975,128.3683594,9
37.60801344,128.3755687,114
37.61446712,128.3747737,63
37.61611316,128.378413,13
37.61610088,128.3793248,28
37.61630761,128.3807293,13
37.42858723,128.298972,23
37.42573554,128.3941403,8
37.42573554,128.3941403,14
37.42644783,128.394661,5
37.42644783,128.394661,25
37.63188153,128.5573969,106
37.6272365,128.5550192,19
37.64230642,128.5740016,100
37.65292839,128.5711946,20
37.71538341,128.6018946,284
37.56238451,128.4295197,24
37.56238451,128.4295197,57
37.59324751,128.4105691,96
37.59050999,128.4177835,10
37.58939405,128.4160247,21
37.67090556,128.6018682,6
37.35881505,128.3927063,57
37.63701719,128.5526896,9
37.63677363,128.5524053,3
37.63726765,128.553517,13
37.63726765,128.553517,16
37.63535634,128.5543888,21
37.63212105,128.5564917,113
37.36100792,128.388391,31
37.3798541,128.3874325,51
37.37806848,128.3955492,135
37.58995098,128.4168897,3
37.36927417,128.3915204,23
37.36894374,128.3907514,45
37.37127113,128.3901268,243
37.36876982,128.3948846,14
37.36797499,128.3982722,15
37.36771435,128.4005434,19
37.3694596,128.400494,19
37.376584,128.409516,74
37.376584,128.409516,28
37.36156459,128.3909698,18
37.36156459,128.3909698,50
37.36037059,128.3917479,114
37.36037059,128.3917479,192
37.63955269,128.560873,23
37.64578314,128.5626207,18
37.63864774,128.5585224,38
37.63858486,128.557694,24
37.64000694,128.5565705,8
37.63694194,128.5541823,29
37.63667859,128.5530564,22
37.63543355,128.5547374,40
37.63713635,128.5561125,14
37.6375094,128.5550417,80
37.63352603,128.5573839,164
37.63391484,128.5611687,22
37.63497155,128.5623389,39
37.63513127,128.5619814,9
37.58742962,128.4161271,34
37.58496881,128.4137034,14
37.58640519,128.4144362,21
37.57709877,128.4213045,30
37.56951609,128.4078832,4
37.69094896,128.4693572,26
37.60488062,128.3763353,9
37.61167704,128.3737362,263
37.61409439,128.3750367,73
37.61542545,128.3760196,159
37.61680716,128.3768693,5
37.6162625,128.3789625,41
37.61593232,128.3791016,18
37.43046792,128.2852959,14
37.42739744,128.3945533,8
37.42655261,128.3928815,11
37.42667674,128.3947721,20
37.45017599,128.3051796,41
37.45205541,128.3040883,5
37.45185311,128.305234,8
37.34121516,128.5007006,22
37.33922605,128.5005728,6
37.34137897,128.4980444,15
37.3421783,128.499365,14
37.49889434,128.455031,35
37.49911683,128.4579312,40
37.49658383,128.4565388,35
37.49430713,128.4573022,25
37.49549068,128.4555346,12
37.49249649,128.4571628,23
37.48893609,128.4543583,16
37.48984068,128.4549508,17
37.48970625,128.4543344,28
37.49811352,128.4567982,18
37.50235961,128.4559808,27
37.50106008,128.4570814,28
37.50367847,128.4549164,18
37.50119204,128.4531185,59
37.502499,128.4534846,65
37.50109946,128.4542078,11
37.50038413,128.4542358,9
37.49987163,128.4540517,13
37.67024361,128.7098179,25
37.67024361,128.7098179,56
37.67024361,128.7098179,42
37.67304703,128.7093167,72
37.67131401,128.707847,28
37.67131401,128.707847,33
37.67136614,128.7111073,9
37.67090556,128.6018682,16
37.36799527,128.3911982,11
37.36797646,128.3929797,15
37.36677483,128.3953355,6
37.37127113,128.3901268,18
37.36755826,128.3936967,12
37.36797499,128.3982722,14
37.36765859,128.401498,9
37.36848121,128.4016306,6
37.36917635,128.4016215,9
37.3694596,128.400494,12
37.63972017,128.5605325,48
37.6432422876,128.5651291641,11
37.64324229,128.5651292,24
37.34055876,128.4996268,16
37.3413406,128.4994812,17
37.4984914,128.4536336,15
37.49583529,128.4554224,5
37.50071379,128.4557694,17
37.67131401,128.707847,32
37.67130434,128.7109089,52
37.68451016,128.7406983,36
37.63871364,128.5594389,188
37.6916495083,127.8963414788,70
37.6958073174,127.9023574322,70
37.6834628079,127.8823352691,24
37.6962403088,127.8907526323,35
37.7008588933,127.882695346,20
37.6994690062,127.8845438431,34
37.6862115682,127.880001673,55
37.6834257908,127.8588914669,26
37.6843509549,127.8735036545,4
37.691105498,127.8954320088,32
37.6905432422,127.8805453618,26
37.694170661,127.8895815954,40
37.689628228,127.888581567,34
37.6939342919,127.8931042095,31
37.6962374937,127.8944806486,14
37.6942077664,127.8939910635,11
37.691105498,127.8954320088,9
37.6927439518,127.8963939983,105
37.699978448,127.8965870147,40
37.6966129424,127.8922895902,5
37.6974085063,127.8888147949,25
37.6974085063,127.8888147949,23
37.6837081696,127.8745298028,45
37.6808358932,127.8781244003,27
37.6848735302,127.8781211009,12
37.6819941832,127.8772491841,9
37.6820991729,127.877632791,12
37.6834250037,127.8800759919,24
37.6834250037,127.8800759919,51
37.6858166906,127.8828691787,10
37.6850455384,127.8766415409,17
37.6920140467,127.8901205609,10
37.6937849068,127.8864909013,13
37.6961124108,127.8860243767,38
37.694953267,127.886956865,13
37.6940870559,127.8871416734,10
37.6939004105,127.886083088,8
37.6933917721,127.8852984597,13
37.6933196622,127.8832606327,6
37.6936355699,127.8832680084,6
37.6937768232,127.8827888402,10
37.6923420507,127.8823810166,27
37.6920009334,127.8889806243,13
37.692380605,127.889277785,11
37.690772261,127.8773668725,60
37.691535827,127.8874305449,24
37.6907008122,127.8816554674,22
37.6911263315,127.8842182637,27
37.6918123812,127.8812366629,14
37.6913449453,127.8825046852,24
37.6909486401,127.8875912293,68
37.6902802338,127.8876978838,72
37.6919224542,127.8891608225,30
37.6913862256,127.8849973586,46
37.6169066265,127.7686235591,20
37.6955171105,127.8949061348,16
37.69629014,127.899970406,32
37.694170663,127.8993288741,33
37.6946204653,127.8947071447,64
37.6823948795,127.8759222332,31
37.6878100329,127.8844215006,421
37.6996091861,127.8838672767,41
37.6897817376,127.8812477776,45
37.6892652741,127.8813722612,50
37.6820913074,127.8763522734,40
37.361472,126.9330586,285
37.37046738,126.939277,23
37.37126973,126.9448429,202
37.37042762,126.9387274,49
37.32664758,126.941678,166
37.35378835,126.9515056,33
37.3547961,126.949805,30
37.34517838,126.948932,30
37.35652059,126.9528117,69
37.35857463,126.955211,28
37.3629182,126.9570936,20
37.35266206,126.946689,49
37.32516073,126.890126,120
37.355106,126.947991,19
37.325493,126.936127,20
37.329095,126.9191191,49
37.3298166,126.9174662,17
37.33039017,126.914931,24
37.33179751,126.916127,19
37.33267696,126.916164,12
37.34411593,126.939131,80
37.347548,126.957351,7
37.353239,126.956339,6
37.366325,126.9484914,31
37.355758,126.9416824,26
37.353185,126.9257606,258
37.35053616,126.9532566,28
37.32600164,126.9182516,31
37.3607033,126.9504592,34
37.3607033,126.9504592,17
37.34806584,126.9571357,40
37.34493011,126.9501057,237
37.34742646,126.954715,76
37.35027921,126.9504447,44
37.34360903,126.9478348,43
37.34602431,126.9431001,74
37.3469513,126.9405461,17
37.35134242,126.9392272,206
37.35391103,126.9409268,82
37.35051634,126.9478612,50
37.35300688,126.9478989,74
37.360572,126.9438224,115
37.360924,126.9472467,232
37.36460801,126.9446101,17
37.36388083,126.9422315,44
37.37021785,126.9420791,28
37.37204757,126.941727,76
37.36392717,126.9319591,59
37.35897561,126.9307751,18
37.358317,126.9318005,39
37.359061,126.933186,39
37.35971011,126.9316676,179
37.35849318,126.9399667,38
37.35734878,126.9439483,17
37.34681259,126.9244781,48
37.34457754,126.9233054,48
37.34888402,126.9248342,49
37.35548675,126.9443037,21
37.36527558,126.9429206,28
37.35969263,126.9462694,27
37.35184907,126.925081,47
37.35579347,126.9416824,33
37.35497233,126.949221,15
37.36941408,126.9453058,14
37.36703217,126.9235907,31
37.35702265,126.9436645,12
37.3735678,126.9348078,21
37.372213,126.9433873,45
37.3612498,126.9517604,46
37.35761527,126.9236481,44
37.35761527,126.9236481,24
37.35717155,126.9359946,46
37.35525078,126.9448598,47
37.348838,126.924821,49
37.35347529,126.9468061,20
37.362733,126.9410533,48
37.36956769,126.9376862,14
37.36945204,126.9377553,101
37.37176218,126.9344547,31
37.341265,126.948831,24
37.69276803,126.7724158,66
37.67817408,126.7439597,500
37.65550775,126.8350934,128
37.70393834,126.903762,57
37.61410536,126.8354165,42
37.61427834,126.8354071,43
37.6140941,126.8325397,44
37.61427789,126.8325302,46
37.61712126,126.834984,37
37.61751878,126.8331889,46
37.63515499,126.832842,241
37.65651908,126.8330735,57
37.65559958,126.8317801,267
37.69112506,126.7634684,36
37.69092365,126.7618817,49
37.69431786,126.7690174,60
37.67017485,126.7649178,118
37.63819323,126.8322273,111
37.6584145,126.8319597,63
37.60150257,126.8231066,150
37.60017081,126.8247814,80
37.63746533,126.8322924,312
37.6584145,126.8319597,143
37.65291187,126.8972142,195
37.62254445,126.8327375,114
37.61848028,126.8465674,30
37.61901424,126.8452659,29
37.65611202,126.8997967,15
37.61461343,126.8432985,48
37.62125438,126.8309471,24
37.65332437,126.8453192,163
37.65319829,126.8386118,32
37.6779725,126.7452458,366
37.65355843,126.8385705,20
37.68451108,126.7685049,98
37.70586019,126.7673726,37
37.68268306,126.7543114,25
37.68374427,126.7756281,27
37.69535181,126.7613687,232
37.66770028,126.7475836,255
37.68374427,126.7756281,5
37.68279399,126.7770081,13
37.69242729,126.7744598,48
37.65089818,126.7712748,125
37.65384593,126.7687814,181
37.65384593,126.7687814,507
37.65384593,126.7687814,240
37.65888174,126.7749581,463
37.66034152,126.7862052,24
37.64994856,126.7923329,23
37.66669553,126.7744189,26
37.65986391,126.7930691,31
37.68364376,126.7887336,32
37.64317774,126.7896628,297
37.6988153,126.7544964,16
37.66756619,126.8009699,56
37.66772432,126.7980626,80
37.67315657,126.7996206,57
37.68524019,126.7801017,10
37.68360395,126.7781062,9
37.63962374,126.7893737,167
37.64058987,126.7875174,235
37.66070141,126.771054,129
37.66100858,126.7677936,192
37.66280348,126.7660472,216
37.6637749,126.7670369,175
37.66203396,126.7687424,177
37.65740585,126.7702436,76
37.64410964,126.7888172,90
37.66305598,126.7564824,107
37.65987517,126.7559495,87
37.69150284,126.7798982,103
37.62318493,126.8353249,11
37.68260624,126.7922128,16
37.64247799,126.7953746,61
37.66671484,126.782033,102
37.5980239,126.8193231,179
37.648357,126.914561,35
37.65624657,126.8971897,30
37.62323998,126.818029,14
37.6856602,126.7713962,132
37.61516244,126.8330211,46
37.66586075,126.8077365,106
37.6547146,126.902453,47
37.6556539,126.7595151,17
37.65620404,126.7566056,13
37.5997794,126.8913682,94
37.6699173,126.784563,6
36.35669822,127.4490229,22
36.35661236,127.4497837,10
36.44832071,127.4512973,50
36.36149254,127.4305618,17
36.360553,127.4279318,15
36.360762,127.4288059,34
36.36564901,127.4244429,51
36.46720558,127.4708289,18
36.360082,127.4401573,39
36.44610531,127.4035766,111
36.37825836,127.4314387,89
36.45041533,127.4297186,41
36.37496754,127.428366,34
36.36283038,127.4451787,54
36.36225469,127.439054,29
36.36731791,127.4364683,24
36.37632865,127.4277639,30
36.36700874,127.4382093,72
36.36549657,127.4377195,173
36.36366454,127.4399154,93
36.36293133,127.4363814,42
36.36130697,127.4320404,172
36.36130697,127.4320404,27
36.36366408,127.4399173,56
36.35490718,127.4500177,59
36.36604843,127.4394172,48
36.4140307,127.438006,91
36.32677115,127.4207316,52
36.33033724,127.4210001,37
36.31822927,127.3978785,72
36.32669184,127.3972404,9
36.31981529,127.4317576,47
36.32526739,127.406635,24
36.32526739,127.406635,20
36.32526739,127.406635,30
36.32794622,127.4228704,30
36.31753418,127.4262992,16
36.30474742,127.4479673,94
36.30307095,127.449074,15
36.30528965,127.4455045,59
36.32958603,127.3937095,79
36.3285686,127.3949125,154
36.3256533,127.3903261,62
36.32938362,127.3962203,43
36.33232854,127.3981832,49
36.32896935,127.4004663,14
36.31374695,127.4134246,16
36.32525301,127.4255734,21
36.32109597,127.4135315,28
36.32092858,127.4119235,22
36.32253927,127.4146817,38
36.32928165,127.4272111,18
36.32350212,127.4281443,13
36.28739026,127.3814071,20
36.30794957,127.3889332,14
36.31119411,127.394592,9
36.29663206,127.3904884,17
36.31809379,127.3934231,20
36.3084665,127.3856466,18
36.32616718,127.409629,42
36.31047717,127.4195651,70
36.31139953,127.4199756,93
36.31997162,127.4205669,22
36.29932199,127.4409496,6
36.31472921,127.4242467,22
36.3153616,127.424938,14
36.31352927,127.4146879,11
36.31294008,127.4112948,5
36.31358989,127.4114792,14
36.31381508,127.4114552,8
36.30864957,127.4111884,42
36.30772838,127.4108213,45
36.33438828,127.4124509,33
36.31705207,127.3868389,3
36.29711219,127.3840357,33
36.32686868,127.3940601,23
36.32411911,127.4247484,25
36.32463693,127.4237318,50
36.3291468,127.4220455,33
36.31692977,127.3966599,53
36.31561672,127.4384886,58
36.32376733,127.4102098,24
36.32320782,127.4099592,7
36.32704845,127.4282661,35
36.32584044,127.4291892,144
36.30717787,127.4368931,7
36.28763984,127.3905278,176
36.2905556,127.3796743,26
36.28529788,127.3825142,75
36.31077745,127.4306134,8
36.30947338,127.4354324,23
36.30885556,127.4308234,5
36.3148502,127.4143978,22
36.3259447,127.397699,119
36.32877192,127.4102658,51
36.31553812,127.436165,41
36.30726836,127.3991626,34
36.32465605,127.4167534,49
36.3169709,127.4209979,11
36.31678122,127.4208903,9
36.31094828,127.4189042,21
36.30986902,127.4425659,17
36.31047717,127.4195651,10
36.28533721,127.3844931,247
36.3143023,127.4333122,9
36.31391761,127.4350412,33
36.32608949,127.4225566,19
36.30557678,127.3880136,45
36.305887,127.3870556,29
36.32671701,127.4144851,22
36.28533721,127.3844931,48
36.29642442,127.3852018,32
36.3312948,127.4204481,15
36.30943541,127.4406045,12
36.31519852,127.4177397,27
36.31292751,127.3951988,28
36.30401515,127.4482491,6
36.30724824,127.4418674,10
36.32725843,127.4078469,13
36.30782834,127.3869401,21
36.3280732,127.4186346,38
36.3137673,127.4221557,34
36.316668,127.424859,68
36.32808782,127.3980637,19
36.29593938,127.3881453,13
36.30661909,127.4040621,9
36.31072549,127.402032,10
36.33873795,127.412254,5
36.32403193,127.4020094,21
36.32443408,127.4011119,70
36.33861226,127.4109113,40
36.34254883,127.4103435,40
36.33901906,127.4126086,19
36.33842277,127.4147891,23
36.33842277,127.4147891,11
36.33855904,127.4159804,120
36.33612296,127.4128149,18
36.33861226,127.4109113,70
36.33098666,127.4238228,8
36.31360908,127.396991,68
36.31501653,127.3953088,41
36.31653954,127.402704,29
36.31495743,127.402597,35
36.31377283,127.4018983,102
36.31437729,127.3912946,104
36.31501653,127.3953088,72
36.33363551,127.4013659,8
36.33363551,127.4013659,19
36.33101961,127.4054666,31
36.33181963,127.4045972,50
36.30046116,127.4502407,42
36.29903653,127.4533302,59
36.29647966,127.454621,7
36.32902555,127.40198,17
36.32097663,127.4058346,7
36.32687563,127.4043787,8
36.32712348,127.4038104,7
36.32400372,127.403482,17
36.29125932,127.379876,10
36.28658038,127.3795899,14
36.29206098,127.3797727,21
36.3329134,127.4188053,16
36.33532208,127.4181814,30
36.32677115,127.4207316,19
36.30970496,127.4424094,46
36.30961984,127.4413979,20
36.3075822,127.4476717,17
36.30808528,127.3947383,6
36.31176845,127.3893938,11
36.31129641,127.3904698,36
36.30244065,127.388296,32
36.30636934,127.3923831,30
36.30867591,127.3908175,73
36.31239267,127.3911974,19
36.30673286,127.3848196,41
36.31089095,127.3893707,14
36.30853607,127.3926533,145
36.29850744,127.3860409,9
36.30011182,127.3864591,22
36.31198026,127.4328328,9
36.31014369,127.4365663,10
36.3156536,127.428417,36
36.31074589,127.4370255,36
36.31981529,127.4317576,24
36.3078604,127.4039467,72
36.30967208,127.4022519,37
36.31407452,127.404205,30
36.3108995,127.399076,15
36.3138967,127.4022589,45
36.31946021,127.407981,7
36.31653307,127.4043535,17
36.31625932,127.4055676,5
36.3130288,127.4056914,41
36.30939039,127.4103359,33
36.31446813,127.4142413,50
36.31402901,127.4116531,12
36.31620835,127.437921,8
36.31618537,127.435948,30
36.31353717,127.4377474,46
36.31444362,127.4373166,24
36.31674597,127.4354095,22
36.31482503,127.4387359,230
36.32156075,127.4341062,20
36.31559562,127.4344674,14
36.32557502,127.4212953,20
36.32364497,127.4239688,19
36.32670915,127.422546,22
36.31840289,127.4277929,33
36.31672534,127.4268123,14
36.3203416,127.4174708,25
36.31384778,127.4273945,12
36.32570773,127.4016161,25
37.49867037,126.726853,128
37.49171809,126.7191122,187
37.52026697,126.6927245,123
37.4971589,126.724511,105
37.48173752,126.7423648,6
37.5169041,126.7334848,97
37.51473881,126.7051042,18
37.4890468,126.717625,30
37.50072123,126.7044694,12
37.486148,126.7330149,20
37.4934246,126.7060426,10
37.48791539,126.7281473,13
37.48719899,126.7138465,5
37.4936086,126.702259,54
37.48903538,126.720057,7
37.4870571,126.716656,6
37.51816358,126.7249223,12
37.5195081,126.7060609,8
37.4948343,126.7329008,12
37.48590967,126.7342204,13
37.48324484,126.7331332,101
37.51975194,126.7052701,6
37.52072299,126.7068176,3
37.49885696,126.7150619,50
37.485922,126.7156817,6
37.52050826,126.7358669,99
37.51399553,126.6987652,19
37.48398324,126.7073091,14
37.52025272,126.7483947,28
37.50359659,126.6932916,4
37.5202111,126.7483837,37
37.50360605,126.7008096,43
37.4839258,126.7073091,28
37.49463026,126.739602,29
37.4775567,126.7096235,73
37.47224894,126.6981246,89
37.4960833,126.7362399,22
37.50361721,126.7367233,49
37.52218526,126.7433335,29
37.48823704,126.7262792,6
37.48770554,126.721146,3
37.49228724,126.7331157,30
37.4855733,126.7073356,45
37.52016067,126.7350943,6
37.51354403,126.7000832,14
37.49236889,126.7333663,17
37.48490799,126.7150674,3
37.5065479,126.7236378,153
37.49329989,126.7387021,3
37.50649143,126.6936429,19
37.51639839,126.719921,16
37.5029135,126.7280045,14
37.488532,126.7193887,3
37.4860242,126.7082771,9
37.4973165,126.7386016,57
37.5214603,126.7429895,31
37.52120873,126.7423857,15
37.52041611,126.7475145,17
37.51805671,126.7305657,10
37.4813005,126.7100474,55
37.50464062,126.7324419,17
37.50331799,126.7389097,43
37.5042709,126.739049,42
37.4960046,126.7269891,184
37.50591334,126.7202172,99
37.48076132,126.7173588,73
37.5159563,126.7220297,144
37.48201366,126.7136039,32
37.491454,126.7159012,133
37.51639667,126.7199201,73
37.49642821,126.7282033,14
37.49473428,126.7266282,36
37.5124549,126.7092729,105
37.4955086,126.725712,9
37.49751676,126.7251437,21
37.49709063,126.7310841,157
37.49878151,126.7273663,13
37.49272593,126.7052534,18
37.479495,126.631655,4
37.472415,126.639991,12
37.471046,126.638444,18
37.479136,126.645466,48
37.478538,126.653063,12
37.47718636,126.6715066,35
37.47529353,126.642018,21
37.47777516,126.6392236,27
37.480823,126.6447866,112
37.476041,126.634894,16
37.47419397,126.6353223,57
37.483408,126.6307684,17
37.484526,126.6309215,24
37.484921,126.629814,13
37.485555,126.628559,10
37.487861,126.631031,25
37.48147946,126.6283528,21
37.48060859,126.6276187,14
37.48141607,126.629913,7
37.48060497,126.630685,21
37.481231,126.630176,16
37.47784433,126.6696181,34
37.481927,126.630446,12
37.48142584,126.632062,6
37.480697,126.6316109,5
37.478769,126.630041,22
37.47967106,126.632245,17
37.481477,126.624235,18
37.481818,126.620662,7
37.482476,126.620261,4
37.48462556,126.626802,13
37.47634874,126.6353947,67
37.47707201,126.6470985,91
37.480331,126.633403,14
37.4913253,126.6219544,56
37.47929,126.631326,2
35.730587,128.469675,14
35.740726,128.466528,108
35.733559,128.453625,11
35.732454,128.468152,34
35.732454,128.468152,24
35.730587,128.469675,10
35.730671,128.457094,74
35.729477,128.455089,57
35.731309,128.453945,19
35.731035,128.454865,84
35.731035,128.454865,28
35.732987,128.461828,29
35.730842,128.461236,28
35.729134,128.460995,37
35.725898,128.457897,87
35.730042,128.465757,34
35.731198,128.452158,35
35.736044,128.458826,36
35.738347,128.452532,31
35.738997,128.45226,114
35.740722,128.470782,40
35.736076,128.455671,31
35.737759,128.469269,40
35.731699,128.475718,10
35.738131,128.457543,60
35.740715,128.472023,30
35.736289,128.4663,28
35.732906,128.466932,36
35.733862,128.460053,35
35.733862,128.460053,18
35.732187,128.455616,44
35.856149,128.46948,108
35.888929,128.450283,69
35.866541,128.445042,41
35.841164,128.465056,30
35.848827,128.468569,34
35.853325,128.470874,36
35.855504,128.471247,48
35.841164,128.465056,102
35.91901,128.464375,7
35.736655,128.464401,22
35.773229,128.43118,103
35.7609,128.4348,27
35.7812,128.4389,10
35.7618,128.4355,23
35.7746,128.4312,23
35.701223,128.450723,35
35.698882,128.451977,7
35.697754,128.441117,10
35.697241,128.442348,40
35.694364,128.441638,168
35.691414,128.459587,10
35.699932,128.497396,23
35.669955,128.450599,15
35.712036,128.505058,20
35.67735,128.46279,64
35.714094,128.501912,93
35.692311,128.504978,87
35.697305,128.463291,26
35.698745,128.472985,154
35.642324,128.458081,20
35.841788,128.46719,161
35.841164,128.465056,184
35.696175335,128.4475878947,10
35.7521,128.4287,38
35.7698,128.4471,48
35.7289319131,128.4454544666,8
35.7749550137,128.4196799192,7
35.7587,128.4326,44
35.73196,128.46312,24
35.731766,128.462025,36
35.734714,128.465583,47
35.731058,128.447383,6
35.732408,128.451428,92
35.726018,128.455522,43
35.729204,128.453701,31
35.736497,128.456514,111
35.736158,128.458466,56
35.732153,128.459497,28
35.733695,128.462895,106
35.730816,128.443055,29
35.729016,128.442012,15
35.879679,128.469613,29
35.878946,128.464399819,32
35.864794,128.438639,21
35.864079,128.437092,21
35.863597,128.437748,6
35.860556,128.453294,42
35.864459,128.45709,11
35.863782,128.456961,32
35.865323,128.458579,31
35.865323,128.458579,54
35.862079,128.469678,31
35.865423,128.465302,46
35.749049,128.414062,3
35.746392,128.412043,184
35.728781,128.443325,52
35.728856,128.443034,15
35.728247,128.444892,32
35.727418,128.449756,21
35.727778,128.447576,16
35.726888,128.446383,20
35.729843,128.446975,18
35.871838,128.466778,29
35.875552,128.462766,61
35.876021,128.464138,30
35.873771,128.46951,31
35.875368,128.469043,46
35.877422,128.46844,73
35.880088,128.465425,92
35.868444,128.471854,27
35.868444,128.471854,65
35.870399,128.467707,113
35.683539,128.449523,36
35.683965,128.451602,53
35.683417,128.452507,55
35.792877,128.456203,22
35.794934,128.457118,4
35.782786,128.478325,11
35.781917,128.442098,18
35.779573,128.439719,31
35.858495,128.46321,7
35.871413,128.471986,28
35.873771,128.46951,35
35.798124,128.497742,31
35.798124,128.497742,24
35.695287,128.443455,6
35.695905,128.445507,10
35.688861,128.449862,38
35.688718,128.44959,37
35.696326,128.445215,18
35.696322,128.449803,9
35.695063,128.439575,24
35.696132,128.439484,38
35.697096,128.448899,22
35.698853,128.449099,4
35.696049,128.443249,19
35.696436,128.444625,15
35.696884,128.446488,16
35.698665,128.447993,9
35.697659,128.443469,10
35.699848,128.462597,4
35.685645,128.455637,41
35.678905,128.465571,3
35.807044,128.499045,9
35.807139,128.50086,19
35.807374,128.498782,36
35.802409,128.489351,64
35.795576,128.485131,28
35.799921,128.488188,18
35.800437,128.488956,26
35.804348,128.50795,11
35.806352,128.506667,19
35.797143,128.492105,21
35.800728,128.491926,5
35.798278,128.49167,10
35.798124,128.497742,7
35.731035,128.454865,87
35.713177,128.500105,65
35.660125,128.408794,14
35.657995,128.411635,20
35.693342,128.505801,385
35.700471,128.441321,50
35.670873,128.452184,14
35.658124,128.411383,15
35.659299,128.414039,25
35.799602,128.501449,49
35.799181,128.50471,66
35.806525,128.504526,34
35.805848,128.501213,40
35.805914,128.500028,12
35.804583,128.492998,19
35.729287,128.444838,19
35.655281,128.468571,31
35.672241,128.425037,24
35.700322,128.435355,14
35.891424,128.414908,10
35.763537,128.427865,8
35.936378,128.468838,7
35.867612,128.438149,87
35.695159,128.444416,53
35.697598,128.448021,17
35.699314,128.446551,18
35.901154,128.441147,25
35.86392,128.438471,72
35.802995,128.49341,30
35.789262,128.636627,58
35.800221,128.622596,20
35.800438,128.622278,100
35.754004,128.504486,50
35.778497,128.534421,95
35.730052,128.452782,31
35.737716,128.462045,20
35.776669,128.431963,72
35.775429,128.427081,28
35.643854,128.456685,20
35.656822,128.401022,10
35.649489,128.422549,81
35.652987,128.421983,100
35.652549,128.410718,5
35.659056,128.403258,47
35.659056,128.403258,42
35.700797,128.371685,23
35.728378,128.447085,14
35.693502,128.443355,18
35.699109,128.446502,29
35.790222,128.461163,28
35.781398,128.452815,9
35.672246,128.395605,3
35.681708,128.360469,20
35.701044,128.451998,35
35.773486,128.432778,165
35.733867,128.46874,19
35.732685,128.469626,36
35.733539,128.46754,42
35.7306628749,128.4719018144,7
35.7309926395,128.4479810473,13
35.7291535553,128.4465087658,20
35.727229,128.437348,49
35.728025,128.437925,15
35.731863,128.440753,13
35.727796,128.433272,33
35.728873,128.441561,4
35.775925,128.431975,29
35.775117,128.432643,15
35.661656,128.410141,4
35.65653,128.41863,15
35.656696,128.413809,11
35.646341,128.435784,23
35.646341,128.435784,24
35.646341,128.435784,53
35.646341,128.435784,26
35.733642,128.471068,31
35.86954023,128.7353094,254
35.87922001,128.7347389,179
35.87776138,128.6548199,137
35.87998501,128.6495852,240
35.87898424,128.6498128,158
35.87943614,128.6287755,56
35.87213228,128.7035166,52
35.95258719,128.6766746,22
35.89616391,128.6380569,40
35.87257768,128.7019733,70
35.91223341,128.6420237,49
35.9099924,128.6526542,28
35.88000835,128.7013913,31
35.9099924,128.6526542,31
35.89132596,128.67702,21
35.9096902,128.6398772,29
35.88120296,128.6631112,49
35.87486373,128.6150706,37
35.88427648,128.6198107,63
35.87469001,128.6213582,25
35.8985225,128.6362915,172
35.8985225,128.6362915,80
35.8711326653,128.6318487619,34
35.87364781,128.6260553,47
35.87619293,128.6267294,36
35.87547908,128.62819,40
35.87138466,128.6241578,23
35.87367287,128.6248626,26
35.87522369,128.6241975,30
35.86279499,128.6961426,38
35.86297128,128.6945762,32
35.86315869,128.6978073,37
35.88180427,128.6253422,36
35.86755616,128.7236844,28
35.86819855,128.6259527,14
35.87425433,128.6235046,31
35.87280531,128.6271133,25
35.87266561,128.6265894,30
35.87163437,128.6265211,44
35.87958757,128.6231421,22
35.87889889,128.619881,28
35.87958149,128.7181757,115
35.21110148,129.027515,17
35.21220803,129.0221515,52
35.23291647,129.0081355,39
35.21403255,129.0305246,32
35.214018,129.0305246,50
35.20167701,128.999408,52
35.20899751,129.0387629,32
35.2432227,129.0265206,73
35.21234337,129.0077429,31
35.1960798,128.9897953,44
35.2105292,129.0181311,97
35.2018789,129.0058004,28
35.1983433,129.0093037,78
35.20481802,129.0100649,65
35.2111572,129.0280167,15
35.2075065,129.0043653,165
35.19664218,129.0091011,89
35.1989123,128.9950349,28
35.2110894,129.0380066,31
35.1959376,129.0134907,81
35.2092225,129.0381256,16
35.21503207,129.009813,133
35.238036,129.017135,35
35.2100763,129.0031779,163
35.21048421,129.0308587,63
35.19749154,128.9888091,48
35.23291647,129.0081355,23
35.1943422,129.0068465,43
35.13809798,129.0650803,39
35.13729921,129.0479509,47
35.11286526,129.0401886,37
35.13086132,129.0505627,8
35.13827371,129.0640755,17
35.14051494,129.0516079,19
35.14346251,129.0495404,28
35.13947459,129.0532274,45
35.11837406,129.0431338,8
35.12524118,129.0465389,14
35.12524118,129.0465389,11
35.1323287,129.0385856,50
35.11352832,129.0401986,152
35.13563677,129.0529467,42
35.1366352,129.065039,30
35.12948701,129.056747,25
35.1139274,129.0407124,14
35.13884638,129.065224,48
35.13771686,129.0624578,9
35.1205107,129.0387329,16
35.13822332,129.0622617,16
35.13613716,129.0553244,63
35.1284546,129.0389585,20
35.12220161,129.0378198,36
35.12895295,129.0446742,72
35.11767417,129.0332089,34
35.12845648,129.0490542,38
35.12032104,129.0441278,22
35.1416543,129.050623,49
35.11845666,129.0429384,12
35.12553427,129.0466866,9
35.13771728,129.0624598,5
35.12239082,129.0332091,55
35.13134533,129.0564589,21
35.13130178,129.0558391,74
35.13294221,129.0404701,97
35.13956561,129.0610276,17
35.12320136,129.0450086,9
35.13711518,129.0456733,49
35.1273455,129.0416731,38
35.13014573,129.0419229,40
35.1305959,129.0391654,28
35.12482562,129.0389031,53
35.1301641,129.0529936,30
35.1409748,129.0610412,10
35.1409748,129.0610412,17
35.1409748,129.0610412,22
35.13134562,129.0485696,47
35.11859783,129.0336895,46
35.1152382,129.0379841,62
35.11991224,129.0431941,16
35.13472964,129.0464824,49
35.13327668,129.0505487,51
35.13676626,129.0630589,13
35.12613367,129.0470526,22
35.12974704,129.0544179,29
35.11900702,129.0434347,20
35.1409748,129.0610412,31
35.11725625,129.0425136,14
37.478603,127.0413575,175
37.44955521,127.0579168,80
37.482243,126.9920242,49
37.4704204,127.0384652,46
37.471894,127.0424265,101
37.4854463,126.9925579,120
37.4706412,127.0412781,32
37.4890028,126.9922501,109
37.4974872,127.0003241,51
37.50429,126.9953408,162
37.5161854,127.0163843,92
37.4923272,127.0168126,67
37.4723312,127.0430088,190
37.4971758,126.9986658,71
37.5049722,127.0183131,88
37.4716366,127.0485008,131
37.4700443,127.0443493,121
37.4962789,126.985401,152
37.5000322,127.0104462,177
37.5047241,127.0209708,51
37.4465698,127.0599447,41
37.4981599,126.9978271,7
37.4458831,127.0568139,95
37.4723013,127.0382044,143
37.4940332,127.0158921,27
37.4937426,127.0108109,23
37.4955055,126.9887363,6
37.4955055,126.9887363,4
37.4955026,126.9857983,50
37.4831582,126.9966972,9
37.4830018,126.9825637,148
37.4780085,126.9826064,124
37.5042121,127.0103346,37
37.45819382,127.0396269,45
37.47324878,126.9407527,12
37.47674526,126.9294757,8
37.48627802,126.9478758,6
37.47433551,126.9617961,6
37.47875774,126.9470248,17
37.48119817,126.9377027,30
37.46754161,126.9225532,41
37.47016608,126.9178922,6
37.4756463,126.9771048,26
37.47106455,126.9697838,7
37.473655,126.9672678,6
37.47565502,126.9157498,15
37.4797444,126.9141902,21
37.47957874,126.9157042,5
37.46590801,126.9392301,5
37.48299189,126.9043887,17
37.45997373,126.9150699,12
37.48397331,126.9179928,12
37.48388151,126.9199755,18
37.4779002115,126.9554032,72
37.48705374,126.9415965,21
37.46205365,126.9155924,22
37.47567778,126.9792771,97
37.46906095,126.9242983,117
37.46411875,126.933436,70
37.481026,126.942554,151
37.469348,126.911268,42
37.485119,126.922184,134
37.492357,126.932678,159
37.487364,126.923465,187
37.476383,126.919922,79
37.466806,126.9228283,71
37.47221023,126.9231529,119
37.48444806,126.915444,41
37.488508,126.934495,131
37.470107,126.929213,172
37.481073,126.905712,108
37.479744,126.960471,141
37.47577785,126.9650186,11
37.48702997,126.9258893,37
37.48263121,126.9272563,40
37.48667825,126.9171196,13
37.48462166,126.9258029,33
37.48277655,126.9275257,18
37.483543,126.9031094,17
37.46797457,126.9311088,74
37.47811545,126.9590433,20
37.47499084,126.959844,20
37.48306952,126.9252104,23
37.57197256,127.0344246,50
37.57978654,127.0349611,143
37.56226142,127.0687101,77
37.58060041,127.0375862,196
37.59003508,127.0695883,40
37.59003508,127.0695883,53
37.59503764,127.0626233,83
37.56550691,127.0686919,17
37.58191245,127.0355354,58
37.5700305,127.0504071,22
37.57303077,127.0275891,23
37.56472665,127.0586628,72
37.57913563,127.0409546,42
37.5807432,127.0403784,43
37.58242616,127.040656,66
37.5882912,127.0557123,47
37.5900412,127.0565123,13
35.8371079,128.4894732,201
35.8430873,128.5296809,24
35.8481177,128.5290805,185
35.85660464,128.500698,92
35.857512,128.531187,73
35.83065891,128.4952038,427
35.83642376,128.5141723,71
35.84710564,128.4973474,78
35.84720071,128.515435,131
35.8433585,128.4897994,111
35.838619,128.489603,335
35.8577921,128.5295733,83
35.86295332,128.5222116,75
35.812763,128.5489521,145
35.812764,128.5462468,84
35.81403994,128.5449802,65
35.81810465,128.5398374,279
35.84157287,128.5295663,58
35.84157287,128.5295663,56
35.8358511,128.4913926,130
35.8396854,128.7062757,55
35.8394418,128.707541,37
35.86930105,128.601702,502
35.8741386,128.6270981,25
35.872691,128.6265879,30
35.87889844,128.619885,28
35.87073052,128.6265483,44
35.8706474,128.6018016,146
35.86890863,128.580781,640
35.87212474,128.5959875,17
35.87267548,128.5916854,61
35.87943614,128.6287755,56
35.9708814,128.7261682,60
35.87943614,128.6287755,36
35.874552,128.621271,25
35.8699325,128.6252865,14
35.8704209,128.6232384,45
35.8673563,128.7244971,28
35.83082613,128.5889722,73
35.83966096,128.5752878,49
35.877987,128.540653,152
35.87961826,128.5407805,124
35.88353961,128.5509995,96
35.88770659,128.5497455,88
35.88657326,128.544358,67
35.88050022,128.5399797,143
35.88088315,128.5338376,80
35.8889988,128.562426,58
35.87859788,128.573928,41
35.87963479,128.5661795,18
35.8757472,128.5562845,49
35.8974446,128.637719,172
35.8974446,128.637719,80
35.9708814,128.7261682,124
35.9708814,128.7261682,13
35.9708814,128.7261682,58
35.9708814,128.7261682,95
35.8825979,128.600707,48
35.8933243,128.5555699,28
35.8976528,128.5756284,32
35.87486678,128.6071208,10
35.87579278,128.605587,12
35.87656655,128.6043009,38
35.87781729,128.6034808,31
35.87656655,128.6043009,66
35.8766329,128.6035994,25
35.8761767,128.6057926,32
35.87656655,128.6043009,48
35.886335,128.5820012,15
35.88717773,128.583152,21
35.893611,128.6101861,34
35.8802592,128.5857137,31
35.89224086,128.565938,12
35.9313747,128.557711,40
35.8770217,128.6017623,25
35.88983657,128.5610731,34
35.8374745,128.7037829,70
35.84136103,128.7060404,139
35.82702838,128.674339,643
35.818481,128.643325,129
35.82093452,128.6376141,133
35.8476818,128.6253323,199
35.8411758,128.6114873,32
35.8597457,128.6242787,72
35.9061485,128.6117408,55
35.8915511,128.5664937,158
35.905999,128.6171313,108
35.8761528,128.6016615,150
35.91038503,128.614677,25
35.9040048,128.6086279,99
35.87877436,128.6030915,412
35.90804051,128.6086299,52
35.9209007,128.5971581,85
35.9213327,128.5970475,82
35.90302861,128.6070075,97
35.8820402,128.6087412,48
35.861918,128.6035616,54
37.29821379,127.6366244,93
37.20257533,127.5448305,48
37.31247007,127.632118,16
37.31078389,127.6341501,30
37.30901866,127.639758,68
37.30800204,127.6436828,152
37.29457207,127.6395096,423
37.29614796,127.631644,56
37.20386091,127.5457742,27
37.29215802,127.5731124,69
37.24523474,127.6517604,32
37.26570682,127.6396314,200
37.29646573,127.6294962,18
37.29460883,127.6403935,350
37.29959686,127.6555388,346
37.29049186,127.6342056,43
37.32758624,127.6816178,43
37.29988215,127.5733658,14
37.20266626,127.5443944,71
37.29486965,127.6454405,40
37.29861406,127.6328031,119
37.29727326,127.6360458,184
37.29462119,127.6370012,25
37.29529194,127.6334528,209
37.2953525,127.6420461,26
37.29646503,127.6405433,20
37.29805462,127.6379386,12
37.2954738,127.6403127,16
37.29257702,127.6357294,32
37.29330378,127.6357877,26
37.2978845,127.6362501,23
37.29330378,127.6357877,21
37.2978845,127.6362501,20
37.29188971,127.6360842319,18
37.29324255,127.6359097,18
37.29718729,127.6369498,12
37.29493135,127.6366953,10
37.2906526,127.634977,10
37.29269872,127.6355282,8
37.298232,127.6380443,79
36.136444,128.80062,17
36.123671,128.7950725,15
36.12366737,128.7950725,10
36.12331826,128.7947222,7
36.1208787,128.7900291,87
36.17621363,128.7155816,21
36.17599161,128.7152355,41
36.19490566,128.661624,19
36.178278,128.687037,36
36.178884,128.664732,10
36.195015,128.665793,54
36.19516,128.6642662,34
36.1765,128.5853948,105
36.23615536,128.5677328,18
36.098807,128.665172,19
36.23177881,128.5706526,11
36.23233408,128.5709131,16
36.23251382,128.5705713,12
36.255049,128.4749698,29
36.2966381,128.4301796,20
36.27205191,128.4420228,49
36.15687543,128.5854388,38
36.123349,128.5729581,7
36.123323,128.5746965,9
36.153514,128.6097934,29
36.06391471,128.6562685,16
36.100704,128.664121,23
36.09580535,128.6766439,9
36.03278242,128.6830615,25
36.034261,128.681095,41
36.040799,128.668668,28
36.049337,128.645157,142
36.048049,128.643109,14
36.12305361,128.694819,14
36.12709694,128.6953834,21
36.16864874,128.8383056,136
36.09215382,128.6811605,32
36.234428,128.56824,6
36.248934,128.556116,70
36.2469003,128.5550203,33
36.24661,128.554258,75
36.24758677,128.5568314,80
36.24006123,128.569159,11
36.23756362,128.568581,25
36.240939,128.567217,30
36.240522,128.56786,77
36.24059873,128.567542,5
36.238164,128.5691178,13
36.24399941,128.5616566,245
36.236676,128.567694,7
36.236785,128.567507,18
36.23761368,128.5594903,35
36.24087954,128.56193,97
36.19642575,128.666358,8
36.19642575,128.666358,80
36.1949073,128.6650267,28
36.19499304,128.6633901,36
36.242508,128.5681154,24
36.23856666,128.567594,53
36.234253,128.5664651,50
36.23087054,128.5675279,54
38.4813817739,128.4356978932,219
38.4945841518,128.4270354517,22
38.2603645687,128.5564540671,85
38.2588771525,128.5562879327,10
38.2644098621,128.5583659633,52
38.329221653,128.525922716,19
38.3289483087,128.5257263014,16
38.3427788549,128.5131603648,62
38.3241041387,128.5264243069,30
38.3362361506,128.5175988539,68
38.435393489,128.4535188161,76
38.4430447867,128.4486073319,64
38.4430447867,128.4486073319,58
38.4430447867,128.4486073319,55
38.3756342737,128.4601460488,46
38.376322739,128.4650421201,711
38.3787357156,128.4669079149,12
38.3812968812,128.4680444199,166
38.3801818118,128.4642033184,22
38.3794690666,128.4729677778,13
38.2611775222,128.5584270612,20
38.3769106183,128.4738860016,65
38.3811463779,128.4636707104,19
38.3783104377,128.4677073498,6
38.3678897638,128.496786519,19
38.4493068407,128.4515672107,21
38.3675879459,128.4980908136,178
38.4361128521,128.4525175089,53
38.3781633032,128.4668752977,40
38.4783956056,128.4374861244,461
38.5015483683,128.4227168612,22
38.441747052,128.4518625662,12
38.4407861897,128.448464255,7
38.2663602357,128.5585707149,13
38.2560709356,128.5599445376,13
38.2573089871,128.5588920562,47
38.2597523404,128.5587333873,4
38.3261971543,128.5268743911,133
38.3272350736,128.5281998996,97
38.44669037,128.4562307802,127
38.4452577442,128.4518474915,15
38.3287706271,128.5256480421,18
38.2746844174,128.5542437463,54
38.2699328246,128.5558408619,10
38.2726321595,128.5568345466,60
38.2775539527,128.5502878366,128
38.3823739006,128.4696186306,9
38.3331259923,128.5250321654,262
38.4474086217,128.4576980747,9
38.3808924639,128.4650294068,18
38.3160131202,128.5305737006,18
38.3819045059,128.4683298993,136
38.4496329884,128.4604207451,8
38.2523231926,128.568111145,122
38.249646521,128.567345666,48
38.3251448858,128.5266645676,110
38.3463299868,128.4168793963,71
38.3472133313,128.4165797425,84
38.3009758605,128.5456734496,192
38.4489351593,128.459866716,47
38.5439961996,128.4052070509,82
38.4991161995,128.4259340274,41
38.4947767461,128.4279711023,12
38.4984927989,128.4260050679,16
38.5003677062,128.423779188,32
38.270058862,128.5525219555,10
38.4494283429,128.4563821502,24
38.3553891204,128.5120210028,68
38.3518211238,128.5104209138,47
38.3804477264,128.4649437186,33
38.4490008238,128.4612865734,17
38.3796299808,128.469242404,6
38.3797698862,128.4684434931,21
38.3808945964,128.4703231994,4
38.4486525845,128.4621667079,12
38.4456775441,128.4617328046,82
38.4388047485,128.4443547896,11
38.44777233,128.4533207563,34
38.4482537694,128.4543405745,82
38.4497858668,128.4550702045,18
38.4387152257,128.4496978155,24
38.4525850423,128.4601483124,6
38.449980262,128.4619958003,9
38.4458935624,128.4519171594,20
38.44738929,128.4553179378,11
38.4489888265,128.4559561357,9
38.4472207327,128.4639370628,42
38.4413935755,128.4542392062,52
38.4443470859,128.4522726258,6
38.4429545142,128.4513821584,9
38.442452358,128.4528534909,15
38.4495261926,128.4583888469,9
38.4501586242,128.4580036027,3
38.380424267,128.4691290986,22
38.3798865385,128.4708820287,68
38.3805072296,128.46954985,42
38.3787711078,128.4677577416,12
38.3729356229,128.5087644629,52
38.4450168873,128.4498023574,7
38.2598268214,128.5597070353,169
38.3276508423,128.4941874875,36
38.273094581,128.550647336,14
38.3883412205,128.4593349464,16
38.449481217,128.4629041602,5
37.35128399,126.7451887,12
37.35103243,126.7449422,7
37.41479729,126.816261,51
37.32507553,126.6808726,106
37.3436511773,126.7536391023,96
37.4504805531,126.8031880699,65
37.4294659507,126.7972429037,54
37.4308659865,126.802818153,27
37.32498199,126.6787711,32
37.4423872298,126.7876755567,59
37.3396290782,126.7591971618,242
37.4506661844,126.7962501318,30
37.4076395848,126.7889829517,49
37.323254,126.68284,67
37.38769534,126.7796258,48
37.38798037,126.7809473,115
37.32915866,126.7333917,54
37.34688248,126.7382184,132
37.34866919,126.6956135,31
37.36921016,126.8071224,37
37.36737198,126.8065354,37
37.37727974,126.7896187,33
37.34335838,126.6913908,27
37.3786086594,126.8026732337,29
37.3662079062,126.8062335973,35
37.3831647732,126.8065938014,37
37.3203149062,126.6975539651,22
37.3765888133,126.7868285955,30
37.31625857,126.7041324,22
37.31774112,126.7017404,22
37.31816805,126.6954522,25
37.3628872,126.7717323,21
37.31926038,126.6991105,34
37.38211725,126.7805796,59
37.44501569,126.7905499,16
37.37265032,126.7972919,28
37.4515451884,126.7871341196,8
37.37503978,126.8478322,21
37.43570247,126.8051461,17
37.44469719,126.8038914,45
37.38065376,126.8608285,20
37.38270189,126.8623009,33
37.38148245,126.8630744,14
37.42212422,126.7663675,16
37.33239236,126.7444075,30
37.34439052,126.6897719,8
37.40277442,126.7742107,7
37.40399731,126.7738777,5
37.36697288,126.815212,25
37.39876504,126.7997843,32
37.38260631,126.855531,102
37.37582093,126.8462915,19
37.35390786,126.7412477,14
37.35732402,126.7531309,9
37.35203538,126.7445155,17
37.39443484,126.8533821,7
37.33137497,126.7460293,25
37.3427192,126.7576291,10
37.35197465,126.7447404,14
37.35379517,126.7398303,11
37.38207438,126.8026363,18
37.38120053,126.8011508,12
37.3815393343,126.7887618836,16
37.3821945231,126.7834032029,23
37.3835933576,126.8085265087,32
37.372185738,126.7944776293,18
37.3709405924,126.7982930305,19
37.3505184672,126.7521660862,13
37.38093873,126.8587446,28
37.34574817,126.6922227,10
37.34222601,126.6897088,14
37.42831628,126.7937698,9
37.42733279,126.7942324,19
37.450304178,126.7911011762,9
37.41622112,126.8120022,7
37.37503978,126.8478322,18
37.4510066,126.7915314,19
37.36720932,126.8148749,37
37.4451510963,126.7864302089,32
37.3692726382,126.8134664637,45
37.3454751,126.6926586,7
37.35092205,126.7359409,71
37.4316043,126.7977815,170
37.37300155,126.7925356,46
37.36121483,126.7100966,76
37.34590671,126.6922809,7
37.3524296,126.742687,7
37.33788692,126.7847106,7
37.34014727,126.7539231,8
37.38184262,126.8002379,6
37.38177978,126.8582026,38
37.34423145,126.7445227,5
37.4447781728,126.8091224796,112
37.3276547076,126.677593433,278
37.3567631208,126.7073466342,26
37.3804222349,126.804065216,548
37.3650598372,126.8063745022,24
37.3258113499,126.6783155121,254
37.44006902,126.7840966,100
37.37042002,126.8091933,22
37.37763974,126.7875014,72
37.34033016,126.7857091,97
37.44608909,126.803413,49
37.43680758,126.8031809,43
37.37687967,126.8454796,97
37.36898975,126.8142156,26
37.41208697,126.8215173,71
37.32153383,126.6839549,73
37.45259021,126.7956851,55
37.44407883,126.7835268,135
37.43758366,126.7782586,40
37.35770441,126.7532109,38
37.3493199,126.7854304,31
37.34304955,126.7846193,36
37.39958299,126.8000575,19
37.45145887,126.7951661,30
37.36132874,126.7376101,77
37.44410614,126.7829397,58
37.43551813,126.7858061,89
37.44477214,126.7960767,84
37.35700785,126.7069368,101
37.35935947,126.7091415,79
37.36695921,126.7296414,101
37.36752508,126.7301723,104
37.36772299,126.7272082,60
37.36889369,126.7290355,59
37.37428542,126.7348516,69
37.37519148,126.7333615,65
37.37748407,126.7259242,58
37.37756856,126.7311924,54
37.37767604,126.7289775,56
37.37948547,126.7273005,84
37.38161194,126.7342183,104
37.36901901,126.7269846,588
37.43621684,126.7816463,42
37.3857173,126.8624517,45
37.37404463,126.8482638,31
37.37639334,126.8447259,36
37.3776584,126.8519927,31
37.37810014,126.8539105,42
37.38295024,126.8607587,32
37.38168265,126.8594391,34
37.34762029,126.7843254,82
37.39045494,126.8042846,30
37.39187957,126.8061278,25
37.3947915,126.8042078,42
37.3905581,126.8139754,30
37.39098347,126.8134159,26
37.38156857,126.8018125,40
37.38131064,126.800737,49
37.38052374,126.8014011,39
37.43969001,126.7864034,218
37.44422149,126.7855696,86
37.44196887,126.7905946,199
37.44361117,126.7911134,150
37.4411532,126.7885292,130
37.44265105,126.7890095,72
37.44400573,126.7898238,72
37.44689581,126.7920635,58
37.37805062,126.7848261,64
37.37811105,126.7835357,33
37.35245461,126.7436669,24
37.35074877,126.7453394,81
37.34563842,126.7344528,177
37.34809901,126.7509765,612
37.34188097,126.7503813,484
37.34456027,126.7486444,33
37.34536177,126.7474888,28
37.4003836865,126.8085969,48
37.4517797837,126.8003514195,43
37.3582871871,126.7580277623,26
37.3660225063,126.7125993224,30
37.39366257,126.8560115,42
37.38364438,126.8387697,130
37.34633177,126.6950448,58
37.37805287,126.8452452,29
37.34375678,126.7173587,180
37.35024186,126.7189491,100
37.37832973,126.7833009,183
37.36281341,126.7291269,182
37.39402905,126.7401471,39
37.34368355,126.7500619,115
37.33887103,126.7483229,99
37.34333457,126.7368329,116
37.34620198,126.7344827,87
37.35248029,126.7245947,132
37.34294822,126.7514262,496
37.33599924,126.725725,4261
37.4464415,126.7976136,53
37.44566539,126.7831914,995
37.34673578,126.6882102,325
37.43908916,126.784853,26
37.44040562,126.7848756,84
37.39582178,126.7413399,53
37.33887103,126.7483229,78
37.34349528,126.7372964,38
37.34725425,126.7349813,54
37.34940018,126.7371421,91
37.43682112,126.80239,72
37.65093791,127.1203268,109
37.65598438,127.1259358,49
37.7076593,127.1118653,30
37.70519968,127.1063714,22
37.65802043,127.180696,37
37.65039476,127.1791026,115
37.65448041,127.1795049,50
37.6578225,127.1747744,17
37.63702399,127.309452,24
37.65730263,127.3068672,169
37.6611122,127.3033859,6
37.6052493,127.158063,47
37.61750951,127.1987777,41
37.60618947,127.1925063,32
37.63263977,127.2000004,26
37.65354164,127.2429728,100
37.64432689,127.2297074,106
37.65880956,127.2444657,240
37.65555202,127.2394137,50
37.67042857,127.2519143,64
37.64867932,127.145591,29
37.647674,127.1423801,128
37.65122021,127.1430096,35
37.51423397,127.2991015,133
37.56173473,127.3147544,121
37.55680513,127.3115613,130
37.69293386,127.2183,112
37.7104059,127.2025,53
37.69421943,127.1988665,107
37.611227,127.165135,47
37.61008601,127.1524054,23
37.6143008,127.1547829,118
37.60486538,127.1579824,70
37.51476207,127.2970662,219
37.63284991,127.2052937,17
37.63610631,127.2137341,6
37.63618416,127.2151659,8
37.65121785,127.1448204,15
37.65563675,127.1452577,5
37.71106407,127.1135209,15
37.71075933,127.1114904,16
37.70772498,127.1194617,10
37.7072771,127.1191182,15
37.70927307,127.1154636,71
37.70927307,127.1154636,51
37.64977596,127.3033648,13
37.70459205,127.1662242,16
37.71216776,127.1871317,22
37.72087167,127.1963124,62
37.71462257,127.1977246,78
37.71834545,127.1840361,11
37.74463922,127.2020778,11
37.58615214,127.2067148,37
37.58523059,127.2142351,27
37.61095999,127.1715699,26
37.60438545,127.1555185,16
37.60477122,127.1564706,13
37.63373676,127.211588,14
37.63354605,127.2053062,17
37.6268475,127.2020852,12
37.65957329,127.1257788,41
37.65208015,127.1129703,40
37.64705,127.1212906,10
37.64586466,127.1263502,14
37.66732137,127.1186656,36
37.64702656,127.1212906,14
37.64733481,127.123598,10
37.6667186,127.1150181,32
37.65024166,127.1201782,30
37.65854013,127.283728,81
37.65099106,127.3040456,52
37.65695702,127.3028712,25
37.65203218,127.3067452,47
37.65235589,127.3118502,16
37.65319343,127.3018012,75
37.65316702,127.3030429,114
37.71895377,127.2050656,134
37.74150278,127.1996514,40
37.72610263,127.1937489,48
37.74535367,127.201637,92
37.74488924,127.2084787,68
37.54597782,127.2449375,35
37.57963273,127.2226542,92
37.58624882,127.2130282,28
35.15397219,129.1245132,26
35.15480612,129.1324395,43
35.17031496,129.096892,171
35.15143053,129.1160952,54
35.13985428,129.1091737,66
35.15881629,129.10605,53
35.15949925,129.081392,28
35.17293313,129.0929105,44
35.18905223,129.091121,21
35.18323045,129.069733,14
35.18471436,129.090531,25
35.19792748,129.079206,22
35.189578,129.080157,11
35.18916976,129.1065425,65
35.1739462998,129.095139349,22
35.17162666,129.094771,130
35.18707007,129.098859,54
35.1843557321,129.0844073365,22
35.17046555,129.095149,53
35.18606964,129.0845725,50
35.12718493,129.0934781,19
35.13091392,129.0869949,28
35.1326995,129.0998691,5
35.1372213,129.0872388,7
35.14041633,129.0893992,8
35.1414207,129.0903588,5
35.14019243,129.0914363,12
35.11511138,129.1097275,20
35.1187193,129.1173071,42
35.11963238,129.1145472,23
35.12152751,129.1129157,8
35.12424973,129.1138002,18
35.11448428,129.1141799,10
35.10826905,129.1134225,5
35.11380616,129.1163929,28
35.12443012,129.1093228,17
35.12352921,129.1101868,18
35.11697196,129.110632,4
35.11957014,129.1098529,10
35.1186689,129.1087497,10
35.11856099,129.1091141,14
35.1229471,129.1081843,19
35.1401005413,129.0794642,9
35.13885179,129.0847678,29
35.13976019,129.0782076,35
35.14210156,129.0894217,13
35.11051609,129.1091865,10
35.11643077,129.1100396,25
35.11453756,129.1096444,11
35.11332715,129.1100981,19
35.1136905,129.1090257,28
35.12617922,129.0721521,12
35.12597625,129.077699,16
35.12791844,129.0710305,16
35.11990315,129.0860342,10
35.12114984,129.0867098,22
35.12351383,129.085048,15
35.12429821,129.0867311,9
35.1217363,129.0852169,13
35.11771738,129.0805327,19
35.11996835,129.0809973,47
35.12338347,129.0984844,9
35.12391022,129.0972203,21
35.1443054,129.0642386,18
35.14135678,129.065057,17
35.14360716,129.0724354,14
35.14510729,129.0764783,36
35.14579738,129.0767795,28
35.14343606,129.0784764,11
35.14566492,129.0786738,21
35.12445436,129.0806891,10
35.09984817,129.1229845,82
35.10227327,129.1091912,121
35.10248663,129.1223846,42
35.1249511164,129.1191215198,67
35.12558312,129.1184079,67
35.13578498,129.0690086,51
35.13282338,129.0764345,17
35.1347774,129.0683264,29
35.13588156,129.0680648,27
35.13755761,129.0743417,121
35.13664128,129.0769611,16
35.1449971,129.0693615,13
35.14464319,129.0660965,9
35.14648842,129.0683827,12
35.13150697,129.0981915,11
35.14507117,129.0958034,16
35.1291666,129.1053065,6
35.13451584,129.0996374,8
35.13545514,129.0977949,8
35.13693222,129.1050051,37
35.1328152,129.0932175,17
35.13250888,129.0899247,4
35.13441511,129.0949226,12
35.13403725,129.094297,11
35.1341998,129.0898621,10
37.51377724,127.0268997,66
37.4883103,127.0388804,57
37.49649918,127.0320288,45
37.51591066,127.0521228,42
37.51796816,127.0470598,120
37.5122317,127.0285547,78
37.5009602,127.0296765,247
37.510693,127.0246023,88
37.4771384,127.0497487,43
37.4742623,127.1141389,105
37.46462117,127.1055381,101
37.4923004,127.0811328,184
37.48956502,127.0817444,66
37.494949,127.0793181,161
37.5086351,127.0683804,430
37.4931481,127.0877673,322
37.486322,127.036793,203
37.48970641,127.0682905,146
37.48202594,127.0484223,86
37.47591562,127.0525106,189
37.47606527,127.0672862,127
37.47606527,127.0672862,91
37.52336057,127.0239924,184
37.49951141,127.0544655,195
37.50848958,127.0262229,181
37.50230433,127.0641674,156
37.48425157,127.0434027,16
37.52012517,127.0447158,220
37.50251536,127.0303909,50
37.52684175,127.0270569,343
37.51433979,127.062632,66
37.4953545,127.0332497,118
37.5103126,127.0463796,90
37.49767963,127.0564652,25
37.49259279,127.0388717,75
37.49615768,127.0516645,19
37.4981503,127.0506429,33
37.5233605,127.0239924,31
37.5050296,127.0550466,10
37.5079995,127.065498,16
37.5065829,127.0525014,21
37.5140664,127.0283924,18
37.504319,127.0680509,40
37.5052374,127.0681833,47
37.5309168,127.0271688,130
37.4990926,127.0631233,55
37.4698283,127.1184316,215
37.4933415,127.0626234,26
37.4938113,127.0600561,31
37.5109127,127.0643199,35
37.5139455,127.0633953,19
37.4836036,127.0446624,66
37.50002424,127.0365086,9
37.50605387,127.0602571,76
37.5037597,127.0512298,7
37.51806116,127.0419888,17
37.52183785,127.0413577,30
37.5277673,127.032123,28
37.5232251,127.0345108,31
37.5193644,127.0323682,13
